2026-08-14T12:38:57.418Z ONLOAD plugin v1.1.3 loaded
2026-08-14T12:39:05.802Z UPDATE docChanged chgCount=1447 isAutoApply=false paused=false pendingVerify=false isPending=false queued=false
2026-08-14T12:39:05.802Z   t0 change 1446->1447 | 1446->1446 | ins=""
2026-08-14T12:39:05.977Z UPDATE docChanged chgCount=1446 isAutoApply=false paused=false pendingVerify=false isPending=false queued=false
2026-08-14T12:39:05.977Z   t0 change 1445->1446 | 1445->1445 | ins=""
2026-08-14T12:39:06.157Z UPDATE docChanged chgCount=1445 isAutoApply=false paused=false pendingVerify=false isPending=false queued=false
2026-08-14T12:39:06.157Z   t0 change 1444->1445 | 1444->1444 | ins=""
2026-08-14T12:39:06.333Z UPDATE docChanged chgCount=1444 isAutoApply=false paused=false pendingVerify=false isPending=false queued=false
2026-08-14T12:39:06.333Z   t0 change 1443->1444 | 1443->1443 | ins=""
2026-08-14T12:39:07.309Z UPDATE docChanged chgCount=1443 isAutoApply=false paused=false pendingVerify=false isPending=false queued=false
2026-08-14T12:39:07.309Z   t0 change 1443->1443 | 1443->1444 | ins="i"
2026-08-14T12:39:07.435Z UPDATE docChanged chgCount=1444 isAutoApply=false paused=false pendingVerify=false isPending=false queued=false
2026-08-14T12:39:07.435Z   t0 change 1444->1444 | 1444->1445 | ins="t"
2026-08-14T12:39:08.249Z UPDATE docChanged chgCount=1445 isAutoApply=false paused=false pendingVerify=false isPending=false queued=false
2026-08-14T12:39:08.249Z   t0 change 1445->1445 | 1445->1446 | ins="\n"
2026-08-14T12:39:08.350Z   confirm FIRE ch=
 pos=1445 span=[1383,1445) unit="Like this should have a lot of corrections to make, but willit"
2026-08-14T12:39:12.198Z UPDATE docChanged chgCount=1446 isAutoApply=false paused=false pendingVerify=true isPending=false queued=false
2026-08-14T12:39:12.198Z   t0 change 1446->1446 | 1446->1447 | ins="\n"
2026-08-14T12:39:12.298Z   confirm REJECT ch=
 pos=1446 span=null (lineSpan failed)
2026-08-14T12:39:13.324Z UPDATE docChanged chgCount=1447 isAutoApply=false paused=false pendingVerify=true isPending=false queued=false
2026-08-14T12:39:13.324Z   t0 change 1447->1447 | 1447->1448 | ins="t"
2026-08-14T12:39:13.414Z UPDATE docChanged chgCount=1448 isAutoApply=false paused=false pendingVerify=true isPending=false queued=false
2026-08-14T12:39:13.414Z   t0 change 1448->1448 | 1448->1449 | ins="h"
2026-08-14T12:39:13.537Z UPDATE docChanged chgCount=1449 isAutoApply=false paused=false pendingVerify=true isPending=false queued=false
2026-08-14T12:39:13.537Z   t0 change 1449->1449 | 1449->1450 | ins="e"
2026-08-14T12:39:13.630Z UPDATE docChanged chgCount=1450 isAutoApply=false paused=false pendingVerify=true isPending=false queued=false
2026-08-14T12:39:13.630Z   t0 change 1450->1450 | 1450->1451 | ins="r"
2026-08-14T12:39:13.748Z UPDATE docChanged chgCount=1451 isAutoApply=false paused=false pendingVerify=true isPending=false queued=false
2026-08-14T12:39:13.748Z   t0 change 1451->1451 | 1451->1452 | ins="e"
2026-08-14T12:39:13.901Z UPDATE docChanged chgCount=1452 isAutoApply=false paused=false pendingVerify=true isPending=false queued=false
2026-08-14T12:39:13.901Z   t0 change 1452->1452 | 1452->1453 | ins="s"
2026-08-14T12:39:14.094Z UPDATE docChanged chgCount=1453 isAutoApply=false paused=false pendingVerify=true isPending=false queued=false
2026-08-14T12:39:14.094Z   t0 change 1453->1453 | 1453->1454 | ins=" "
2026-08-14T12:39:14.349Z UPDATE docChanged chgCount=1454 isAutoApply=false paused=false pendingVerify=true isPending=false queued=false
2026-08-14T12:39:14.349Z   t0 change 1454->1454 | 1454->1455 | ins="s"
2026-08-14T12:39:14.738Z UPDATE docChanged chgCount=1455 isAutoApply=false paused=false pendingVerify=true isPending=false queued=false
2026-08-14T12:39:14.739Z   t0 change 1455->1455 | 1455->1456 | ins="t"
2026-08-14T12:39:14.833Z UPDATE docChanged chgCount=1456 isAutoApply=false paused=false pendingVerify=true isPending=false queued=false
2026-08-14T12:39:14.833Z   t0 change 1456->1456 | 1456->1457 | ins="i"
2026-08-14T12:39:15.049Z UPDATE docChanged chgCount=1457 isAutoApply=false paused=false pendingVerify=true isPending=false queued=false
2026-08-14T12:39:15.049Z   t0 change 1457->1457 | 1457->1458 | ins="l"
2026-08-14T12:39:15.182Z UPDATE docChanged chgCount=1458 isAutoApply=false paused=false pendingVerify=true isPending=false queued=false
2026-08-14T12:39:15.182Z   t0 change 1458->1458 | 1458->1459 | ins="l"
2026-08-14T12:39:15.341Z UPDATE docChanged chgCount=1459 isAutoApply=false paused=false pendingVerify=true isPending=false queued=false
2026-08-14T12:39:15.342Z   t0 change 1459->1459 | 1459->1460 | ins=" "
2026-08-14T12:39:15.581Z UPDATE docChanged chgCount=1460 isAutoApply=false paused=false pendingVerify=true isPending=false queued=false
2026-08-14T12:39:15.581Z   t0 change 1460->1460 | 1460->1461 | ins="b"
2026-08-14T12:39:15.765Z UPDATE docChanged chgCount=1461 isAutoApply=false paused=false pendingVerify=true isPending=false queued=false
2026-08-14T12:39:15.765Z   t0 change 1461->1461 | 1461->1462 | ins="a"
2026-08-14T12:39:15.870Z UPDATE docChanged chgCount=1462 isAutoApply=false paused=false pendingVerify=true isPending=false queued=false
2026-08-14T12:39:15.870Z   t0 change 1462->1462 | 1462->1463 | ins="s"
2026-08-14T12:39:15.988Z UPDATE docChanged chgCount=1463 isAutoApply=false paused=false pendingVerify=true isPending=false queued=false
2026-08-14T12:39:15.989Z   t0 change 1463->1463 | 1463->1464 | ins="i"
2026-08-14T12:39:16.070Z UPDATE docChanged chgCount=1464 isAutoApply=false paused=false pendingVerify=true isPending=false queued=false
2026-08-14T12:39:16.070Z   t0 change 1464->1464 | 1464->1465 | ins="c"
2026-08-14T12:39:16.181Z UPDATE docChanged chgCount=1465 isAutoApply=false paused=false pendingVerify=true isPending=false queued=false
2026-08-14T12:39:16.181Z   t0 change 1465->1465 | 1465->1466 | ins="a"
2026-08-14T12:39:16.241Z UPDATE docChanged chgCount=1466 isAutoApply=false paused=false pendingVerify=true isPending=false queued=false
2026-08-14T12:39:16.241Z   t0 change 1466->1466 | 1466->1467 | ins="l"
2026-08-14T12:39:16.377Z UPDATE docChanged chgCount=1467 isAutoApply=false paused=false pendingVerify=true isPending=false queued=false
2026-08-14T12:39:16.377Z   t0 change 1467->1467 | 1467->1468 | ins="l"
2026-08-14T12:39:16.514Z UPDATE docChanged chgCount=1468 isAutoApply=false paused=false pendingVerify=true isPending=false queued=false
2026-08-14T12:39:16.514Z   t0 change 1468->1468 | 1468->1469 | ins="y"
2026-08-14T12:39:16.612Z UPDATE docChanged chgCount=1469 isAutoApply=false paused=false pendingVerify=true isPending=false queued=false
2026-08-14T12:39:16.613Z   t0 change 1469->1469 | 1469->1470 | ins=" "
2026-08-14T12:39:16.809Z UPDATE docChanged chgCount=1470 isAutoApply=false paused=false pendingVerify=true isPending=false queued=false
2026-08-14T12:39:16.809Z   t0 change 1470->1470 | 1470->1471 | ins="n"
2026-08-14T12:39:16.921Z UPDATE docChanged chgCount=1471 isAutoApply=false paused=false pendingVerify=true isPending=false queued=false
2026-08-14T12:39:16.921Z   t0 change 1471->1471 | 1471->1472 | ins="o"
2026-08-14T12:39:17.009Z UPDATE docChanged chgCount=1472 isAutoApply=false paused=false pendingVerify=true isPending=false queued=false
2026-08-14T12:39:17.010Z   t0 change 1472->1472 | 1472->1473 | ins="t"
2026-08-14T12:39:17.099Z UPDATE docChanged chgCount=1473 isAutoApply=false paused=false pendingVerify=true isPending=false queued=false
2026-08-14T12:39:17.099Z   t0 change 1473->1473 | 1473->1474 | ins="h"
2026-08-14T12:39:17.206Z UPDATE docChanged chgCount=1474 isAutoApply=false paused=false pendingVerify=true isPending=false queued=false
2026-08-14T12:39:17.207Z   t0 change 1474->1474 | 1474->1475 | ins="i"
2026-08-14T12:39:17.322Z UPDATE docChanged chgCount=1475 isAutoApply=false paused=false pendingVerify=true isPending=false queued=false
2026-08-14T12:39:17.322Z   t0 change 1475->1475 | 1475->1476 | ins="n"
2026-08-14T12:39:17.387Z UPDATE docChanged chgCount=1476 isAutoApply=false paused=false pendingVerify=true isPending=false queued=false
2026-08-14T12:39:17.387Z   t0 change 1476->1476 | 1476->1477 | ins="g"
2026-08-14T12:39:17.478Z UPDATE docChanged chgCount=1477 isAutoApply=false paused=false pendingVerify=true isPending=false queued=false
2026-08-14T12:39:17.478Z   t0 change 1477->1477 | 1477->1478 | ins=" "
2026-08-14T12:39:17.697Z UPDATE docChanged chgCount=1478 isAutoApply=false paused=false pendingVerify=true isPending=false queued=false
2026-08-14T12:39:17.698Z   t0 change 1478->1478 | 1478->1479 | ins="w"
2026-08-14T12:39:17.706Z UPDATE docChanged chgCount=1479 isAutoApply=false paused=false pendingVerify=true isPending=false queued=false
2026-08-14T12:39:17.706Z   t0 change 1479->1479 | 1479->1480 | ins="o"
2026-08-14T12:39:18.006Z UPDATE docChanged chgCount=1480 isAutoApply=false paused=false pendingVerify=true isPending=false queued=false
2026-08-14T12:39:18.006Z   t0 change 1480->1480 | 1480->1481 | ins="k"
2026-08-14T12:39:18.014Z UPDATE docChanged chgCount=1481 isAutoApply=false paused=false pendingVerify=true isPending=false queued=false
2026-08-14T12:39:18.014Z   t0 change 1481->1481 | 1481->1482 | ins="r"
2026-08-14T12:39:18.283Z UPDATE docChanged chgCount=1482 isAutoApply=false paused=false pendingVerify=true isPending=false queued=false
2026-08-14T12:39:18.283Z   t0 change 1482->1482 | 1482->1483 | ins="i"
2026-08-14T12:39:18.338Z UPDATE docChanged chgCount=1483 isAutoApply=false paused=false pendingVerify=true isPending=false queued=false
2026-08-14T12:39:18.338Z   t0 change 1483->1483 | 1483->1484 | ins="n"
2026-08-14T12:39:18.419Z UPDATE docChanged chgCount=1484 isAutoApply=false paused=false pendingVerify=true isPending=false queued=false
2026-08-14T12:39:18.419Z   t0 change 1484->1484 | 1484->1485 | ins="g"
2026-08-14T12:39:18.549Z UPDATE docChanged chgCount=1485 isAutoApply=false paused=false pendingVerify=true isPending=false queued=false
2026-08-14T12:39:18.549Z   t0 change 1485->1485 | 1485->1486 | ins=" "
2026-08-14T12:39:19.498Z UPDATE docChanged chgCount=1486 isAutoApply=false paused=false pendingVerify=true isPending=false queued=false
2026-08-14T12:39:19.498Z   t0 change 1486->1486 | 1486->1487 | ins="a"
2026-08-14T12:39:19.625Z UPDATE docChanged chgCount=1487 isAutoApply=false paused=false pendingVerify=true isPending=false queued=false
2026-08-14T12:39:19.625Z   t0 change 1487->1487 | 1487->1488 | ins="t"
2026-08-14T12:39:19.757Z UPDATE docChanged chgCount=1488 isAutoApply=false paused=false pendingVerify=true isPending=false queued=false
2026-08-14T12:39:19.757Z   t0 change 1488->1488 | 1488->1489 | ins=" "
2026-08-14T12:39:19.877Z UPDATE docChanged chgCount=1489 isAutoApply=false paused=false pendingVerify=true isPending=false queued=false
2026-08-14T12:39:19.877Z   t0 change 1489->1489 | 1489->1490 | ins="a"
2026-08-14T12:39:19.990Z UPDATE docChanged chgCount=1490 isAutoApply=false paused=false pendingVerify=true isPending=false queued=false
2026-08-14T12:39:19.990Z   t0 change 1490->1490 | 1490->1491 | ins="l"
2026-08-14T12:39:20.121Z UPDATE docChanged chgCount=1491 isAutoApply=false paused=false pendingVerify=true isPending=false queued=false
2026-08-14T12:39:20.121Z   t0 change 1491->1491 | 1491->1492 | ins="l"
2026-08-14T12:39:20.212Z UPDATE docChanged chgCount=1492 isAutoApply=false paused=false pendingVerify=true isPending=false queued=false
2026-08-14T12:39:20.212Z   t0 change 1492->1492 | 1492->1493 | ins=" "
2026-08-14T12:39:21.022Z UPDATE docChanged chgCount=1493 isAutoApply=false paused=false pendingVerify=true isPending=false queued=false
2026-08-14T12:39:21.022Z   t0 change 1493->1493 | 1493->1494 | ins="w"
2026-08-14T12:39:21.101Z UPDATE docChanged chgCount=1494 isAutoApply=false paused=false pendingVerify=true isPending=false queued=false
2026-08-14T12:39:21.101Z   t0 change 1494->1494 | 1494->1495 | ins="h"
2026-08-14T12:39:21.208Z UPDATE docChanged chgCount=1495 isAutoApply=false paused=false pendingVerify=true isPending=false queued=false
2026-08-14T12:39:21.208Z   t0 change 1495->1495 | 1495->1496 | ins="e"
2026-08-14T12:39:21.282Z UPDATE docChanged chgCount=1496 isAutoApply=false paused=false pendingVerify=true isPending=false queued=false
2026-08-14T12:39:21.282Z   t0 change 1496->1496 | 1496->1497 | ins="n"
2026-08-14T12:39:21.422Z UPDATE docChanged chgCount=1497 isAutoApply=false paused=false pendingVerify=true isPending=false queued=false
2026-08-14T12:39:21.422Z   t0 change 1497->1497 | 1497->1498 | ins=" "
2026-08-14T12:39:21.593Z UPDATE docChanged chgCount=1498 isAutoApply=false paused=false pendingVerify=true isPending=false queued=false
2026-08-14T12:39:21.593Z   t0 change 1498->1498 | 1498->1499 | ins="i"
2026-08-14T12:39:21.689Z UPDATE docChanged chgCount=1499 isAutoApply=false paused=false pendingVerify=true isPending=false queued=false
2026-08-14T12:39:21.689Z   t0 change 1499->1499 | 1499->1500 | ins=" "
2026-08-14T12:39:22.842Z UPDATE docChanged chgCount=1500 isAutoApply=false paused=false pendingVerify=true isPending=false queued=false
2026-08-14T12:39:22.842Z   t0 change 1500->1500 | 1500->1501 | ins="g"
2026-08-14T12:39:22.914Z UPDATE docChanged chgCount=1501 isAutoApply=false paused=false pendingVerify=true isPending=false queued=false
2026-08-14T12:39:22.914Z   t0 change 1501->1501 | 1501->1502 | ins="o"
2026-08-14T12:39:23.018Z UPDATE docChanged chgCount=1502 isAutoApply=false paused=false pendingVerify=true isPending=false queued=false
2026-08-14T12:39:23.018Z   t0 change 1502->1502 | 1502->1503 | ins=" "
2026-08-14T12:39:23.161Z UPDATE docChanged chgCount=1503 isAutoApply=false paused=false pendingVerify=true isPending=false queued=false
2026-08-14T12:39:23.161Z   t0 change 1503->1503 | 1503->1504 | ins="l"
2026-08-14T12:39:23.254Z UPDATE docChanged chgCount=1504 isAutoApply=false paused=false pendingVerify=true isPending=false queued=false
2026-08-14T12:39:23.254Z   t0 change 1504->1504 | 1504->1505 | ins="i"
2026-08-14T12:39:23.342Z UPDATE docChanged chgCount=1505 isAutoApply=false paused=false pendingVerify=true isPending=false queued=false
2026-08-14T12:39:23.342Z   t0 change 1505->1505 | 1505->1506 | ins="n"
2026-08-14T12:39:23.434Z UPDATE docChanged chgCount=1506 isAutoApply=false paused=false pendingVerify=true isPending=false queued=false
2026-08-14T12:39:23.435Z   t0 change 1506->1506 | 1506->1507 | ins="e"
2026-08-14T12:39:23.506Z UPDATE docChanged chgCount=1507 isAutoApply=false paused=false pendingVerify=true isPending=false queued=false
2026-08-14T12:39:23.506Z   t0 change 1507->1507 | 1507->1508 | ins=" "
2026-08-14T12:39:23.734Z UPDATE docChanged chgCount=1508 isAutoApply=false paused=false pendingVerify=true isPending=false queued=false
2026-08-14T12:39:23.735Z   t0 change 1508->1508 | 1508->1509 | ins="b"
2026-08-14T12:39:23.890Z UPDATE docChanged chgCount=1509 isAutoApply=false paused=false pendingVerify=true isPending=false queued=false
2026-08-14T12:39:23.890Z   t0 change 1509->1509 | 1509->1510 | ins="y"
2026-08-14T12:39:23.998Z UPDATE docChanged chgCount=1510 isAutoApply=false paused=false pendingVerify=true isPending=false queued=false
2026-08-14T12:39:23.998Z   t0 change 1510->1510 | 1510->1511 | ins=" "
2026-08-14T12:39:24.470Z UPDATE docChanged chgCount=1511 isAutoApply=false paused=false pendingVerify=true isPending=false queued=false
2026-08-14T12:39:24.470Z   t0 change 1511->1511 | 1511->1512 | ins="l"
2026-08-14T12:39:24.623Z UPDATE docChanged chgCount=1512 isAutoApply=false paused=false pendingVerify=true isPending=false queued=false
2026-08-14T12:39:24.623Z   t0 change 1512->1512 | 1512->1513 | ins="i"
2026-08-14T12:39:24.637Z UPDATE docChanged chgCount=1513 isAutoApply=false paused=false pendingVerify=true isPending=false queued=false
2026-08-14T12:39:24.638Z   t0 change 1513->1513 | 1513->1514 | ins="n"
2026-08-14T12:39:24.745Z UPDATE docChanged chgCount=1514 isAutoApply=false paused=false pendingVerify=true isPending=false queued=false
2026-08-14T12:39:24.745Z   t0 change 1514->1514 | 1514->1515 | ins="e"
2026-08-14T12:39:24.857Z UPDATE docChanged chgCount=1515 isAutoApply=false paused=false pendingVerify=true isPending=false queued=false
2026-08-14T12:39:24.858Z   t0 change 1515->1515 | 1515->1516 | ins=" "
2026-08-14T12:39:24.922Z UPDATE docChanged chgCount=1516 isAutoApply=false paused=false pendingVerify=true isPending=false queued=false
2026-08-14T12:39:24.922Z   t0 change 1516->1516 | 1516->1517 | ins="w"
2026-08-14T12:39:25.029Z UPDATE docChanged chgCount=1517 isAutoApply=false paused=false pendingVerify=true isPending=false queued=false
2026-08-14T12:39:25.029Z   t0 change 1517->1517 | 1517->1518 | ins="i"
2026-08-14T12:39:25.125Z UPDATE docChanged chgCount=1518 isAutoApply=false paused=false pendingVerify=true isPending=false queued=false
2026-08-14T12:39:25.125Z   t0 change 1518->1518 | 1518->1519 | ins="h"
2026-08-14T12:39:25.173Z UPDATE docChanged chgCount=1519 isAutoApply=false paused=false pendingVerify=true isPending=false queued=false
2026-08-14T12:39:25.173Z   t0 change 1519->1519 | 1519->1520 | ins="t"
2026-08-14T12:39:25.349Z UPDATE docChanged chgCount=1520 isAutoApply=false paused=false pendingVerify=true isPending=false queued=false
2026-08-14T12:39:25.350Z   t0 change 1520->1520 | 1520->1521 | ins="o"
2026-08-14T12:39:25.471Z UPDATE docChanged chgCount=1521 isAutoApply=false paused=false pendingVerify=true isPending=false queued=false
2026-08-14T12:39:25.471Z   t0 change 1521->1521 | 1521->1522 | ins="u"
2026-08-14T12:39:25.597Z UPDATE docChanged chgCount=1522 isAutoApply=false paused=false pendingVerify=true isPending=false queued=false
2026-08-14T12:39:25.597Z   t0 change 1522->1522 | 1522->1523 | ins="t"
2026-08-14T12:39:25.718Z UPDATE docChanged chgCount=1523 isAutoApply=false paused=false pendingVerify=true isPending=false queued=false
2026-08-14T12:39:25.718Z   t0 change 1523->1523 | 1523->1524 | ins=" "
2026-08-14T12:39:26.461Z UPDATE docChanged chgCount=1524 isAutoApply=false paused=false pendingVerify=true isPending=false queued=false
2026-08-14T12:39:26.461Z   t0 change 1524->1524 | 1524->1525 | ins="a"
2026-08-14T12:39:26.555Z UPDATE docChanged chgCount=1525 isAutoApply=false paused=false pendingVerify=true isPending=false queued=false
2026-08-14T12:39:26.555Z   t0 change 1525->1525 | 1525->1526 | ins=" "
2026-08-14T12:39:26.746Z UPDATE docChanged chgCount=1526 isAutoApply=false paused=false pendingVerify=true isPending=false queued=false
2026-08-14T12:39:26.746Z   t0 change 1526->1526 | 1526->1527 | ins="c"
2026-08-14T12:39:26.838Z UPDATE docChanged chgCount=1527 isAutoApply=false paused=false pendingVerify=true isPending=false queued=false
2026-08-14T12:39:26.838Z   t0 change 1527->1527 | 1527->1528 | ins="l"
2026-08-14T12:39:26.997Z UPDATE docChanged chgCount=1528 isAutoApply=false paused=false pendingVerify=true isPending=false queued=false
2026-08-14T12:39:26.997Z   t0 change 1528->1528 | 1528->1529 | ins="o"
2026-08-14T12:39:27.062Z UPDATE docChanged chgCount=1529 isAutoApply=false paused=false pendingVerify=true isPending=false queued=false
2026-08-14T12:39:27.063Z   t0 change 1529->1529 | 1529->1530 | ins="s"
2026-08-14T12:39:27.126Z UPDATE docChanged chgCount=1530 isAutoApply=false paused=false pendingVerify=true isPending=false queued=false
2026-08-14T12:39:27.126Z   t0 change 1530->1530 | 1530->1531 | ins="i"
2026-08-14T12:39:27.313Z UPDATE docChanged chgCount=1531 isAutoApply=false paused=false pendingVerify=true isPending=false queued=false
2026-08-14T12:39:27.313Z   t0 change 1531->1531 | 1531->1532 | ins="n"
2026-08-14T12:39:27.348Z UPDATE docChanged chgCount=1532 isAutoApply=false paused=false pendingVerify=true isPending=false queued=false
2026-08-14T12:39:27.348Z   t0 change 1532->1532 | 1532->1533 | ins="g"
2026-08-14T12:39:27.538Z UPDATE docChanged chgCount=1533 isAutoApply=false paused=false pendingVerify=true isPending=false queued=false
2026-08-14T12:39:27.538Z   t0 change 1533->1533 | 1533->1534 | ins=" "
2026-08-14T12:39:28.158Z UPDATE docChanged chgCount=1534 isAutoApply=false paused=false pendingVerify=true isPending=false queued=false
2026-08-14T12:39:28.158Z   t0 change 1534->1534 | 1534->1535 | ins="p"
2026-08-14T12:39:28.366Z UPDATE docChanged chgCount=1535 isAutoApply=false paused=false pendingVerify=true isPending=false queued=false
2026-08-14T12:39:28.366Z   t0 change 1535->1535 | 1535->1536 | ins="u"
2026-08-14T12:39:28.450Z UPDATE docChanged chgCount=1536 isAutoApply=false paused=false pendingVerify=true isPending=false queued=false
2026-08-14T12:39:28.450Z   t0 change 1536->1536 | 1536->1537 | ins="n"
2026-08-14T12:39:28.505Z UPDATE docChanged chgCount=1537 isAutoApply=false paused=false pendingVerify=true isPending=false queued=false
2026-08-14T12:39:28.505Z   t0 change 1537->1537 | 1537->1538 | ins="c"
2026-08-14T12:39:28.659Z UPDATE docChanged chgCount=1538 isAutoApply=false paused=false pendingVerify=true isPending=false queued=false
2026-08-14T12:39:28.659Z   t0 change 1538->1538 | 1538->1539 | ins="t"
2026-08-14T12:39:28.770Z UPDATE docChanged chgCount=1539 isAutoApply=false paused=false pendingVerify=true isPending=false queued=false
2026-08-14T12:39:28.770Z   t0 change 1539->1539 | 1539->1540 | ins="i"
2026-08-14T12:39:28.779Z UPDATE docChanged chgCount=1540 isAutoApply=false paused=false pendingVerify=true isPending=false queued=false
2026-08-14T12:39:28.779Z   t0 change 1540->1540 | 1540->1541 | ins="u"
2026-08-14T12:39:28.902Z UPDATE docChanged chgCount=1541 isAutoApply=false paused=false pendingVerify=true isPending=false queued=false
2026-08-14T12:39:28.902Z   t0 change 1541->1541 | 1541->1542 | ins="o"
2026-08-14T12:39:28.994Z UPDATE docChanged chgCount=1542 isAutoApply=false paused=false pendingVerify=true isPending=false queued=false
2026-08-14T12:39:28.994Z   t0 change 1542->1542 | 1542->1543 | ins="n"
2026-08-14T12:39:29.673Z UPDATE docChanged chgCount=1543 isAutoApply=false paused=false pendingVerify=true isPending=false queued=false
2026-08-14T12:39:29.673Z   t0 change 1543->1543 | 1543->1544 | ins="\n"
2026-08-14T12:39:29.773Z   confirm FIRE ch=
 pos=1543 span=[1447,1543) unit="theres still basically nothing wokring at all when i go line by line wihtout a closing punctiuon"
2026-08-14T12:39:30.902Z UPDATE docChanged chgCount=1544 isAutoApply=true paused=false pendingVerify=true isPending=true queued=false
2026-08-14T12:39:34.156Z UPDATE docChanged chgCount=1547 isAutoApply=false paused=false pendingVerify=true isPending=false queued=false
2026-08-14T12:39:34.156Z   t0 change 1547->1547 | 1547->1548 | ins="w"
2026-08-14T12:39:34.241Z UPDATE docChanged chgCount=1548 isAutoApply=false paused=false pendingVerify=true isPending=false queued=false
2026-08-14T12:39:34.241Z   t0 change 1548->1548 | 1548->1549 | ins="a"
2026-08-14T12:39:34.313Z UPDATE docChanged chgCount=1549 isAutoApply=false paused=false pendingVerify=true isPending=false queued=false
2026-08-14T12:39:34.313Z   t0 change 1549->1549 | 1549->1550 | ins="i"
2026-08-14T12:39:34.466Z UPDATE docChanged chgCount=1550 isAutoApply=false paused=false pendingVerify=true isPending=false queued=false
2026-08-14T12:39:34.466Z   t0 change 1550->1550 | 1550->1551 | ins="t"
2026-08-14T12:39:34.576Z UPDATE docChanged chgCount=1551 isAutoApply=false paused=false pendingVerify=true isPending=false queued=false
2026-08-14T12:39:34.577Z   t0 change 1551->1551 | 1551->1552 | ins=" "
2026-08-14T12:39:35.049Z UPDATE docChanged chgCount=1552 isAutoApply=false paused=false pendingVerify=true isPending=false queued=false
2026-08-14T12:39:35.049Z   t0 change 1552->1552 | 1552->1553 | ins="n"
2026-08-14T12:39:35.445Z UPDATE docChanged chgCount=1553 isAutoApply=false paused=false pendingVerify=true isPending=false queued=false
2026-08-14T12:39:35.445Z   t0 change 1553->1553 | 1553->1554 | ins="e"
2026-08-14T12:39:35.553Z UPDATE docChanged chgCount=1554 isAutoApply=false paused=false pendingVerify=true isPending=false queued=false
2026-08-14T12:39:35.553Z   t0 change 1554->1554 | 1554->1555 | ins="v"
2026-08-14T12:39:35.656Z UPDATE docChanged chgCount=1555 isAutoApply=false paused=false pendingVerify=true isPending=false queued=false
2026-08-14T12:39:35.656Z   t0 change 1555->1555 | 1555->1556 | ins="e"
2026-08-14T12:39:35.814Z UPDATE docChanged chgCount=1556 isAutoApply=false paused=false pendingVerify=true isPending=false queued=false
2026-08-14T12:39:35.814Z   t0 change 1556->1556 | 1556->1557 | ins="r"
2026-08-14T12:39:35.946Z UPDATE docChanged chgCount=1557 isAutoApply=false paused=false pendingVerify=true isPending=false queued=false
2026-08-14T12:39:35.946Z   t0 change 1557->1557 | 1557->1558 | ins="m"
2026-08-14T12:39:36.082Z UPDATE docChanged chgCount=1558 isAutoApply=false paused=false pendingVerify=true isPending=false queued=false
2026-08-14T12:39:36.082Z   t0 change 1558->1558 | 1558->1559 | ins="i"
2026-08-14T12:39:36.165Z UPDATE docChanged chgCount=1559 isAutoApply=false paused=false pendingVerify=true isPending=false queued=false
2026-08-14T12:39:36.165Z   t0 change 1559->1559 | 1559->1560 | ins="n"
2026-08-14T12:39:36.208Z UPDATE docChanged chgCount=1560 isAutoApply=false paused=false pendingVerify=true isPending=false queued=false
2026-08-14T12:39:36.208Z   t0 change 1560->1560 | 1560->1561 | ins="d"
2026-08-14T12:39:36.322Z UPDATE docChanged chgCount=1561 isAutoApply=false paused=false pendingVerify=true isPending=false queued=false
2026-08-14T12:39:36.322Z   t0 change 1561->1561 | 1561->1562 | ins=" "
2026-08-14T12:39:36.473Z UPDATE docChanged chgCount=1562 isAutoApply=false paused=false pendingVerify=true isPending=false queued=false
2026-08-14T12:39:36.473Z   t0 change 1562->1562 | 1562->1563 | ins="t"
2026-08-14T12:39:36.525Z UPDATE docChanged chgCount=1563 isAutoApply=false paused=false pendingVerify=true isPending=false queued=false
2026-08-14T12:39:36.525Z   t0 change 1563->1563 | 1563->1564 | ins="h"
2026-08-14T12:39:36.601Z UPDATE docChanged chgCount=1564 isAutoApply=false paused=false pendingVerify=true isPending=false queued=false
2026-08-14T12:39:36.601Z   t0 change 1564->1564 | 1564->1565 | ins="a"
2026-08-14T12:39:36.701Z UPDATE docChanged chgCount=1565 isAutoApply=false paused=false pendingVerify=true isPending=false queued=false
2026-08-14T12:39:36.701Z   t0 change 1565->1565 | 1565->1566 | ins="t"
2026-08-14T12:39:36.708Z UPDATE docChanged chgCount=1566 isAutoApply=false paused=false pendingVerify=true isPending=false queued=false
2026-08-14T12:39:36.708Z   t0 change 1566->1566 | 1566->1567 | ins=" "
2026-08-14T12:39:36.865Z UPDATE docChanged chgCount=1567 isAutoApply=false paused=false pendingVerify=true isPending=false queued=false
2026-08-14T12:39:36.865Z   t0 change 1567->1567 | 1567->1568 | ins="w"
2026-08-14T12:39:36.956Z UPDATE docChanged chgCount=1568 isAutoApply=false paused=false pendingVerify=true isPending=false queued=false
2026-08-14T12:39:36.957Z   t0 change 1568->1568 | 1568->1569 | ins="o"
2026-08-14T12:39:37.125Z UPDATE docChanged chgCount=1569 isAutoApply=false paused=false pendingVerify=true isPending=false queued=false
2026-08-14T12:39:37.125Z   t0 change 1569->1569 | 1569->1570 | ins="r"
2026-08-14T12:39:37.244Z UPDATE docChanged chgCount=1570 isAutoApply=false paused=false pendingVerify=true isPending=false queued=false
2026-08-14T12:39:37.244Z   t0 change 1570->1570 | 1570->1571 | ins="k"
2026-08-14T12:39:37.378Z UPDATE docChanged chgCount=1571 isAutoApply=false paused=false pendingVerify=true isPending=false queued=false
2026-08-14T12:39:37.378Z   t0 change 1571->1571 | 1571->1572 | ins="e"
2026-08-14T12:39:37.472Z UPDATE docChanged chgCount=1572 isAutoApply=false paused=false pendingVerify=true isPending=false queued=false
2026-08-14T12:39:37.472Z   t0 change 1572->1572 | 1572->1573 | ins="d"
2026-08-14T12:39:37.544Z UPDATE docChanged chgCount=1573 isAutoApply=false paused=false pendingVerify=true isPending=false queued=false
2026-08-14T12:39:37.545Z   t0 change 1573->1573 | 1573->1574 | ins=" "
2026-08-14T12:39:37.769Z UPDATE docChanged chgCount=1574 isAutoApply=false paused=false pendingVerify=true isPending=false queued=false
2026-08-14T12:39:37.769Z   t0 change 1574->1574 | 1574->1575 | ins="n"
2026-08-14T12:39:37.868Z UPDATE docChanged chgCount=1575 isAutoApply=false paused=false pendingVerify=true isPending=false queued=false
2026-08-14T12:39:37.868Z   t0 change 1575->1575 | 1575->1576 | ins="o"
2026-08-14T12:39:37.988Z UPDATE docChanged chgCount=1576 isAutoApply=false paused=false pendingVerify=true isPending=false queued=false
2026-08-14T12:39:37.989Z   t0 change 1576->1576 | 1576->1577 | ins="w"
2026-08-14T12:39:38.333Z UPDATE docChanged chgCount=1577 isAutoApply=false paused=false pendingVerify=true isPending=false queued=false
2026-08-14T12:39:38.333Z   t0 change 1577->1577 | 1577->1578 | ins=":"
2026-08-14T12:39:38.757Z UPDATE docChanged chgCount=1578 isAutoApply=false paused=false pendingVerify=true isPending=false queued=false
2026-08-14T12:39:38.757Z   t0 change 1578->1578 | 1578->1579 | ins=")"
2026-08-14T12:39:38.761Z UPDATE docChanged chgCount=1579 isAutoApply=false paused=false pendingVerify=true isPending=false queued=false
2026-08-14T12:39:38.761Z   t0 change 1577->1579 | 1577->1579 | ins="😀"
2026-08-14T12:39:39.437Z UPDATE docChanged chgCount=1579 isAutoApply=false paused=false pendingVerify=true isPending=false queued=false
2026-08-14T12:39:39.437Z   t0 change 1579->1579 | 1579->1580 | ins="\n"
2026-08-14T12:39:39.538Z   confirm FIRE ch=
 pos=1579 span=[1547,1579) unit="wait nevermind that worked now😀"
2026-08-14T12:39:40.056Z UPDATE docChanged chgCount=1580 isAutoApply=true paused=false pendingVerify=true isPending=true queued=false
2026-08-14T12:39:42.011Z UPDATE docChanged chgCount=1580 isAutoApply=false paused=false pendingVerify=true isPending=false queued=false
2026-08-14T12:39:42.011Z   t0 change 1580->1580 | 1580->1581 | ins="w"
2026-08-14T12:39:42.145Z UPDATE docChanged chgCount=1581 isAutoApply=false paused=false pendingVerify=true isPending=false queued=false
2026-08-14T12:39:42.145Z   t0 change 1581->1581 | 1581->1582 | ins="h"
2026-08-14T12:39:42.238Z UPDATE docChanged chgCount=1582 isAutoApply=false paused=false pendingVerify=true isPending=false queued=false
2026-08-14T12:39:42.238Z   t0 change 1582->1582 | 1582->1583 | ins="a"
2026-08-14T12:39:42.341Z UPDATE docChanged chgCount=1583 isAutoApply=false paused=false pendingVerify=true isPending=false queued=false
2026-08-14T12:39:42.342Z   t0 change 1583->1583 | 1583->1584 | ins="t"
2026-08-14T12:39:42.421Z UPDATE docChanged chgCount=1584 isAutoApply=false paused=false pendingVerify=true isPending=false queued=false
2026-08-14T12:39:42.421Z   t0 change 1584->1584 | 1584->1585 | ins=" "
2026-08-14T12:39:42.585Z UPDATE docChanged chgCount=1585 isAutoApply=false paused=false pendingVerify=true isPending=false queued=false
2026-08-14T12:39:42.585Z   t0 change 1585->1585 | 1585->1586 | ins="a"
2026-08-14T12:39:42.685Z UPDATE docChanged chgCount=1586 isAutoApply=false paused=false pendingVerify=true isPending=false queued=false
2026-08-14T12:39:42.685Z   t0 change 1586->1586 | 1586->1587 | ins="b"
2026-08-14T12:39:42.804Z UPDATE docChanged chgCount=1587 isAutoApply=false paused=false pendingVerify=true isPending=false queued=false
2026-08-14T12:39:42.804Z   t0 change 1587->1587 | 1587->1588 | ins="o"
2026-08-14T12:39:42.929Z UPDATE docChanged chgCount=1588 isAutoApply=false paused=false pendingVerify=true isPending=false queued=false
2026-08-14T12:39:42.929Z   t0 change 1588->1588 | 1588->1589 | ins="u"
2026-08-14T12:39:42.990Z UPDATE docChanged chgCount=1589 isAutoApply=false paused=false pendingVerify=true isPending=false queued=false
2026-08-14T12:39:42.990Z   t0 change 1589->1589 | 1589->1590 | ins="t"
2026-08-14T12:39:43.114Z UPDATE docChanged chgCount=1590 isAutoApply=false paused=false pendingVerify=true isPending=false queued=false
2026-08-14T12:39:43.114Z   t0 change 1590->1590 | 1590->1591 | ins=" "
2026-08-14T12:39:43.593Z UPDATE docChanged chgCount=1591 isAutoApply=false paused=false pendingVerify=true isPending=false queued=false
2026-08-14T12:39:43.593Z   t0 change 1591->1591 | 1591->1592 | ins="a"
2026-08-14T12:39:43.726Z UPDATE docChanged chgCount=1592 isAutoApply=false paused=false pendingVerify=true isPending=false queued=false
2026-08-14T12:39:43.726Z   t0 change 1592->1592 | 1592->1593 | ins=" "
2026-08-14T12:39:44.401Z UPDATE docChanged chgCount=1593 isAutoApply=false paused=false pendingVerify=true isPending=false queued=false
2026-08-14T12:39:44.401Z   t0 change 1591->1593 | 1591->1591 | ins=""
2026-08-14T12:39:44.568Z UPDATE docChanged chgCount=1591 isAutoApply=false paused=false pendingVerify=true isPending=false queued=false
2026-08-14T12:39:44.568Z   t0 change 1585->1591 | 1585->1585 | ins=""
2026-08-14T12:39:44.741Z UPDATE docChanged chgCount=1585 isAutoApply=false paused=false pendingVerify=true isPending=false queued=false
2026-08-14T12:39:44.741Z   t0 change 1580->1585 | 1580->1580 | ins=""
2026-08-14T12:39:45.056Z UPDATE docChanged chgCount=1580 isAutoApply=false paused=false pendingVerify=true isPending=false queued=false
2026-08-14T12:39:45.056Z   t0 change 1580->1580 | 1580->1581 | ins="-"
2026-08-14T12:39:45.311Z UPDATE docChanged chgCount=1581 isAutoApply=false paused=false pendingVerify=true isPending=false queued=false
2026-08-14T12:39:45.311Z   t0 change 1581->1581 | 1581->1582 | ins=" "
2026-08-14T12:39:45.663Z UPDATE docChanged chgCount=1582 isAutoApply=false paused=false pendingVerify=true isPending=false queued=false
2026-08-14T12:39:45.663Z   t0 change 1582->1582 | 1582->1583 | ins="w"
2026-08-14T12:39:45.739Z UPDATE docChanged chgCount=1583 isAutoApply=false paused=false pendingVerify=true isPending=false queued=false
2026-08-14T12:39:45.739Z   t0 change 1583->1583 | 1583->1584 | ins="h"
2026-08-14T12:39:45.858Z UPDATE docChanged chgCount=1584 isAutoApply=false paused=false pendingVerify=true isPending=false queued=false
2026-08-14T12:39:45.858Z   t0 change 1584->1584 | 1584->1585 | ins="a"
2026-08-14T12:39:45.933Z UPDATE docChanged chgCount=1585 isAutoApply=false paused=false pendingVerify=true isPending=false queued=false
2026-08-14T12:39:45.933Z   t0 change 1585->1585 | 1585->1586 | ins="t"
2026-08-14T12:39:45.978Z UPDATE docChanged chgCount=1586 isAutoApply=false paused=false pendingVerify=true isPending=false queued=false
2026-08-14T12:39:45.978Z   t0 change 1586->1586 | 1586->1587 | ins=" "
2026-08-14T12:39:46.121Z UPDATE docChanged chgCount=1587 isAutoApply=false paused=false pendingVerify=true isPending=false queued=false
2026-08-14T12:39:46.121Z   t0 change 1587->1587 | 1587->1588 | ins="a"
2026-08-14T12:39:46.181Z UPDATE docChanged chgCount=1588 isAutoApply=false paused=false pendingVerify=true isPending=false queued=false
2026-08-14T12:39:46.181Z   t0 change 1588->1588 | 1588->1589 | ins="b"
2026-08-14T12:39:46.262Z UPDATE docChanged chgCount=1589 isAutoApply=false paused=false pendingVerify=true isPending=false queued=false
2026-08-14T12:39:46.263Z   t0 change 1589->1589 | 1589->1590 | ins="o"
2026-08-14T12:39:46.355Z UPDATE docChanged chgCount=1590 isAutoApply=false paused=false pendingVerify=true isPending=false queued=false
2026-08-14T12:39:46.356Z   t0 change 1590->1590 | 1590->1591 | ins="u"
2026-08-14T12:39:46.409Z UPDATE docChanged chgCount=1591 isAutoApply=false paused=false pendingVerify=true isPending=false queued=false
2026-08-14T12:39:46.409Z   t0 change 1591->1591 | 1591->1592 | ins="t"
2026-08-14T12:39:46.501Z UPDATE docChanged chgCount=1592 isAutoApply=false paused=false pendingVerify=true isPending=false queued=false
2026-08-14T12:39:46.501Z   t0 change 1592->1592 | 1592->1593 | ins=" "
2026-08-14T12:39:46.678Z UPDATE docChanged chgCount=1593 isAutoApply=false paused=false pendingVerify=true isPending=false queued=false
2026-08-14T12:39:46.679Z   t0 change 1593->1593 | 1593->1594 | ins="d"
2026-08-14T12:39:46.759Z UPDATE docChanged chgCount=1594 isAutoApply=false paused=false pendingVerify=true isPending=false queued=false
2026-08-14T12:39:46.759Z   t0 change 1594->1594 | 1594->1595 | ins="o"
2026-08-14T12:39:46.909Z UPDATE docChanged chgCount=1595 isAutoApply=false paused=false pendingVerify=true isPending=false queued=false
2026-08-14T12:39:46.909Z   t0 change 1595->1595 | 1595->1596 | ins="t"
2026-08-14T12:39:47.021Z UPDATE docChanged chgCount=1596 isAutoApply=false paused=false pendingVerify=true isPending=false queued=false
2026-08-14T12:39:47.021Z   t0 change 1596->1596 | 1596->1597 | ins=" "
2026-08-14T12:39:47.141Z UPDATE docChanged chgCount=1597 isAutoApply=false paused=false pendingVerify=true isPending=false queued=false
2026-08-14T12:39:47.141Z   t0 change 1597->1597 | 1597->1598 | ins="p"
2026-08-14T12:39:48.177Z UPDATE docChanged chgCount=1598 isAutoApply=false paused=false pendingVerify=true isPending=false queued=false
2026-08-14T12:39:48.178Z   t0 change 1598->1598 | 1598->1599 | ins="o"
2026-08-14T12:39:48.330Z UPDATE docChanged chgCount=1599 isAutoApply=false paused=false pendingVerify=true isPending=false queued=false
2026-08-14T12:39:48.330Z   t0 change 1599->1599 | 1599->1600 | ins="i"
2026-08-14T12:39:48.428Z UPDATE docChanged chgCount=1600 isAutoApply=false paused=false pendingVerify=true isPending=false queued=false
2026-08-14T12:39:48.428Z   t0 change 1600->1600 | 1600->1601 | ins="n"
2026-08-14T12:39:48.473Z UPDATE docChanged chgCount=1601 isAutoApply=false paused=false pendingVerify=true isPending=false queued=false
2026-08-14T12:39:48.473Z   t0 change 1601->1601 | 1601->1602 | ins="t"
2026-08-14T12:39:48.595Z UPDATE docChanged chgCount=1602 isAutoApply=false paused=false pendingVerify=true isPending=false queued=false
2026-08-14T12:39:48.595Z   t0 change 1602->1602 | 1602->1603 | ins="s"
2026-08-14T12:39:51.068Z UPDATE docChanged chgCount=1603 isAutoApply=false paused=false pendingVerify=true isPending=false queued=false
2026-08-14T12:39:51.069Z   t0 change 1603->1603 | 1603->1604 | ins="?"
2026-08-14T12:39:51.169Z   confirm FIRE ch=? pos=1603 span=[1447,1604) unit="There's still basically nothing working at all when i go line by line without a closing punctuation
Wait nevermind that worked now😀
- what about dot points?"
2026-08-14T12:39:51.384Z UPDATE docChanged chgCount=1604 isAutoApply=false paused=false pendingVerify=true isPending=true queued=false
2026-08-14T12:39:51.385Z   t0 change 1604->1604 | 1604->1605 | ins=" "
2026-08-14T12:39:53.514Z UPDATE docChanged chgCount=1605 isAutoApply=false paused=false pendingVerify=true isPending=false queued=false
2026-08-14T12:39:53.514Z   t0 change 1605->1605 | 1605->1606 | ins="i"
2026-08-14T12:39:53.661Z UPDATE docChanged chgCount=1606 isAutoApply=false paused=false pendingVerify=true isPending=false queued=false
2026-08-14T12:39:53.662Z   t0 change 1606->1606 | 1606->1607 | ins="s"
2026-08-14T12:39:53.749Z UPDATE docChanged chgCount=1607 isAutoApply=false paused=false pendingVerify=true isPending=false queued=false
2026-08-14T12:39:53.749Z   t0 change 1607->1607 | 1607->1608 | ins=" "
2026-08-14T12:39:53.999Z UPDATE docChanged chgCount=1608 isAutoApply=false paused=false pendingVerify=true isPending=false queued=false
2026-08-14T12:39:53.999Z   t0 change 1608->1608 | 1608->1609 | ins="t"
2026-08-14T12:39:54.026Z UPDATE docChanged chgCount=1609 isAutoApply=false paused=false pendingVerify=true isPending=false queued=false
2026-08-14T12:39:54.026Z   t0 change 1609->1609 | 1609->1610 | ins="h"
2026-08-14T12:39:54.119Z UPDATE docChanged chgCount=1610 isAutoApply=false paused=false pendingVerify=true isPending=false queued=false
2026-08-14T12:39:54.119Z   t0 change 1610->1610 | 1610->1611 | ins="i"
2026-08-14T12:39:54.222Z UPDATE docChanged chgCount=1611 isAutoApply=false paused=false pendingVerify=true isPending=false queued=false
2026-08-14T12:39:54.222Z   t0 change 1611->1611 | 1611->1612 | ins="s"
2026-08-14T12:39:54.309Z UPDATE docChanged chgCount=1612 isAutoApply=false paused=false pendingVerify=true isPending=false queued=false
2026-08-14T12:39:54.309Z   t0 change 1612->1612 | 1612->1613 | ins=" "
2026-08-14T12:39:54.478Z UPDATE docChanged chgCount=1613 isAutoApply=false paused=false pendingVerify=true isPending=false queued=false
2026-08-14T12:39:54.478Z   t0 change 1613->1613 | 1613->1614 | ins="o"
2026-08-14T12:39:54.553Z UPDATE docChanged chgCount=1614 isAutoApply=false paused=false pendingVerify=true isPending=false queued=false
2026-08-14T12:39:54.553Z   t0 change 1614->1614 | 1614->1615 | ins="n"
2026-08-14T12:39:54.659Z UPDATE docChanged chgCount=1615 isAutoApply=false paused=false pendingVerify=true isPending=false queued=false
2026-08-14T12:39:54.659Z   t0 change 1615->1615 | 1615->1616 | ins="e"
2026-08-14T12:39:54.762Z UPDATE docChanged chgCount=1616 isAutoApply=false paused=false pendingVerify=true isPending=false queued=false
2026-08-14T12:39:54.762Z   t0 change 1616->1616 | 1616->1617 | ins=" "
2026-08-14T12:39:55.110Z UPDATE docChanged chgCount=1617 isAutoApply=false paused=false pendingVerify=true isPending=false queued=false
2026-08-14T12:39:55.110Z   t0 change 1617->1617 | 1617->1618 | ins="g"
2026-08-14T12:39:55.149Z UPDATE docChanged chgCount=1618 isAutoApply=false paused=false pendingVerify=true isPending=false queued=false
2026-08-14T12:39:55.149Z   t0 change 1618->1618 | 1618->1619 | ins="o"
2026-08-14T12:39:55.332Z UPDATE docChanged chgCount=1619 isAutoApply=false paused=false pendingVerify=true isPending=false queued=false
2026-08-14T12:39:55.332Z   t0 change 1619->1619 | 1619->1620 | ins="i"
2026-08-14T12:39:56.172Z UPDATE docChanged chgCount=1620 isAutoApply=false paused=false pendingVerify=true isPending=false queued=false
2026-08-14T12:39:56.172Z   t0 change 1617->1620 | 1617->1617 | ins=""
2026-08-14T12:39:56.364Z UPDATE docChanged chgCount=1617 isAutoApply=false paused=false pendingVerify=true isPending=false queued=false
2026-08-14T12:39:56.364Z   t0 change 1613->1617 | 1613->1613 | ins=""
2026-08-14T12:39:56.540Z UPDATE docChanged chgCount=1613 isAutoApply=false paused=false pendingVerify=true isPending=false queued=false
2026-08-14T12:39:56.540Z   t0 change 1608->1613 | 1608->1608 | ins=""
2026-08-14T12:39:56.848Z UPDATE docChanged chgCount=1608 isAutoApply=false paused=false pendingVerify=true isPending=false queued=false
2026-08-14T12:39:56.849Z   t0 change 1607->1608 | 1607->1607 | ins=""
2026-08-14T12:39:57.522Z UPDATE docChanged chgCount=1607 isAutoApply=false paused=false pendingVerify=true isPending=false queued=false
2026-08-14T12:39:57.522Z   t0 change 1606->1607 | 1606->1606 | ins=""
2026-08-14T12:39:57.697Z UPDATE docChanged chgCount=1606 isAutoApply=false paused=false pendingVerify=true isPending=false queued=false
2026-08-14T12:39:57.698Z   t0 change 1605->1606 | 1605->1605 | ins=""
2026-08-14T12:39:58.034Z UPDATE docChanged chgCount=1605 isAutoApply=false paused=false pendingVerify=true isPending=false queued=false
2026-08-14T12:39:58.034Z   t0 change 1605->1605 | 1605->1606 | ins="i"
2026-08-14T12:39:58.198Z UPDATE docChanged chgCount=1606 isAutoApply=false paused=false pendingVerify=true isPending=false queued=false
2026-08-14T12:39:58.198Z   t0 change 1606->1606 | 1606->1607 | ins=" "
2026-08-14T12:39:58.351Z UPDATE docChanged chgCount=1607 isAutoApply=false paused=false pendingVerify=true isPending=false queued=false
2026-08-14T12:39:58.351Z   t0 change 1607->1607 | 1607->1608 | ins="b"
2026-08-14T12:39:58.391Z UPDATE docChanged chgCount=1608 isAutoApply=false paused=false pendingVerify=true isPending=false queued=false
2026-08-14T12:39:58.391Z   t0 change 1608->1608 | 1608->1609 | ins="e"
2026-08-14T12:39:58.518Z UPDATE docChanged chgCount=1609 isAutoApply=false paused=false pendingVerify=true isPending=false queued=false
2026-08-14T12:39:58.518Z   t0 change 1609->1609 | 1609->1610 | ins="t"
2026-08-14T12:39:58.550Z UPDATE docChanged chgCount=1610 isAutoApply=false paused=false pendingVerify=true isPending=false queued=false
2026-08-14T12:39:58.550Z   t0 change 1610->1610 | 1610->1611 | ins=" "
2026-08-14T12:39:58.743Z UPDATE docChanged chgCount=1611 isAutoApply=false paused=false pendingVerify=true isPending=false queued=false
2026-08-14T12:39:58.743Z   t0 change 1611->1611 | 1611->1612 | ins="h"
2026-08-14T12:39:58.851Z UPDATE docChanged chgCount=1612 isAutoApply=false paused=false pendingVerify=true isPending=false queued=false
2026-08-14T12:39:58.851Z   t0 change 1612->1612 | 1612->1613 | ins="i"
2026-08-14T12:39:59.167Z UPDATE docChanged chgCount=1613 isAutoApply=false paused=false pendingVerify=true isPending=false queued=false
2026-08-14T12:39:59.167Z   t0 change 1613->1613 | 1613->1614 | ins="s"
2026-08-14T12:39:59.311Z UPDATE docChanged chgCount=1614 isAutoApply=false paused=false pendingVerify=true isPending=false queued=false
2026-08-14T12:39:59.311Z   t0 change 1614->1614 | 1614->1615 | ins=" "
2026-08-14T12:39:59.556Z UPDATE docChanged chgCount=1615 isAutoApply=false paused=false pendingVerify=true isPending=false queued=false
2026-08-14T12:39:59.556Z   t0 change 1614->1615 | 1614->1614 | ins=""
2026-08-14T12:39:59.833Z UPDATE docChanged chgCount=1614 isAutoApply=false paused=false pendingVerify=true isPending=false queued=false
2026-08-14T12:39:59.833Z   t0 change 1613->1614 | 1613->1613 | ins=""
2026-08-14T12:39:59.981Z UPDATE docChanged chgCount=1613 isAutoApply=false paused=false pendingVerify=true isPending=false queued=false
2026-08-14T12:39:59.981Z   t0 change 1612->1613 | 1612->1612 | ins=""
2026-08-14T12:40:00.460Z UPDATE docChanged chgCount=1612 isAutoApply=false paused=false pendingVerify=true isPending=false queued=false
2026-08-14T12:40:00.460Z   t0 change 1611->1612 | 1611->1611 | ins=""
2026-08-14T12:40:00.593Z UPDATE docChanged chgCount=1611 isAutoApply=false paused=false pendingVerify=true isPending=false queued=false
2026-08-14T12:40:00.593Z   t0 change 1611->1611 | 1611->1612 | ins="t"
2026-08-14T12:40:00.685Z UPDATE docChanged chgCount=1612 isAutoApply=false paused=false pendingVerify=true isPending=false queued=false
2026-08-14T12:40:00.685Z   t0 change 1612->1612 | 1612->1613 | ins="h"
2026-08-14T12:40:00.751Z UPDATE docChanged chgCount=1613 isAutoApply=false paused=false pendingVerify=true isPending=false queued=false
2026-08-14T12:40:00.751Z   t0 change 1613->1613 | 1613->1614 | ins="i"
2026-08-14T12:40:00.829Z UPDATE docChanged chgCount=1614 isAutoApply=false paused=false pendingVerify=true isPending=false queued=false
2026-08-14T12:40:00.829Z   t0 change 1614->1614 | 1614->1615 | ins="s"
2026-08-14T12:40:00.897Z UPDATE docChanged chgCount=1615 isAutoApply=false paused=false pendingVerify=true isPending=false queued=false
2026-08-14T12:40:00.897Z   t0 change 1615->1615 | 1615->1616 | ins=" "
2026-08-14T12:40:01.027Z UPDATE docChanged chgCount=1616 isAutoApply=false paused=false pendingVerify=true isPending=false queued=false
2026-08-14T12:40:01.027Z   t0 change 1616->1616 | 1616->1617 | ins="i"
2026-08-14T12:40:01.117Z UPDATE docChanged chgCount=1617 isAutoApply=false paused=false pendingVerify=true isPending=false queued=false
2026-08-14T12:40:01.117Z   t0 change 1617->1617 | 1617->1618 | ins="s"
2026-08-14T12:40:01.192Z UPDATE docChanged chgCount=1618 isAutoApply=false paused=false pendingVerify=true isPending=false queued=false
2026-08-14T12:40:01.192Z   t0 change 1618->1618 | 1618->1619 | ins="n"
2026-08-14T12:40:01.429Z UPDATE docChanged chgCount=1619 isAutoApply=false paused=false pendingVerify=true isPending=false queued=false
2026-08-14T12:40:01.429Z   t0 change 1619->1619 | 1619->1620 | ins="t"
2026-08-14T12:40:01.647Z UPDATE docChanged chgCount=1620 isAutoApply=false paused=false pendingVerify=true isPending=false queued=false
2026-08-14T12:40:01.647Z   t0 change 1620->1620 | 1620->1621 | ins=" "
2026-08-14T12:40:02.027Z UPDATE docChanged chgCount=1621 isAutoApply=false paused=false pendingVerify=true isPending=false queued=false
2026-08-14T12:40:02.027Z   t0 change 1621->1621 | 1621->1622 | ins="g"
2026-08-14T12:40:02.118Z UPDATE docChanged chgCount=1622 isAutoApply=false paused=false pendingVerify=true isPending=false queued=false
2026-08-14T12:40:02.118Z   t0 change 1622->1622 | 1622->1623 | ins="o"
2026-08-14T12:40:02.750Z UPDATE docChanged chgCount=1623 isAutoApply=false paused=false pendingVerify=true isPending=false queued=false
2026-08-14T12:40:02.750Z   t0 change 1623->1623 | 1623->1624 | ins="n"
2026-08-14T12:40:02.951Z UPDATE docChanged chgCount=1624 isAutoApply=false paused=false pendingVerify=true isPending=false queued=false
2026-08-14T12:40:02.951Z   t0 change 1624->1624 | 1624->1625 | ins="i"
2026-08-14T12:40:03.486Z UPDATE docChanged chgCount=1625 isAutoApply=false paused=false pendingVerify=true isPending=false queued=false
2026-08-14T12:40:03.486Z   t0 change 1625->1625 | 1625->1626 | ins="g"
2026-08-14T12:40:04.620Z UPDATE docChanged chgCount=1626 isAutoApply=false paused=false pendingVerify=true isPending=false queued=false
2026-08-14T12:40:04.620Z   t0 change 1625->1626 | 1625->1625 | ins=""
2026-08-14T12:40:04.814Z UPDATE docChanged chgCount=1625 isAutoApply=false paused=false pendingVerify=true isPending=false queued=false
2026-08-14T12:40:04.814Z   t0 change 1625->1625 | 1625->1626 | ins="n"
2026-08-14T12:40:04.862Z UPDATE docChanged chgCount=1626 isAutoApply=false paused=false pendingVerify=true isPending=false queued=false
2026-08-14T12:40:04.862Z   t0 change 1626->1626 | 1626->1627 | ins="g"
2026-08-14T12:40:05.013Z UPDATE docChanged chgCount=1627 isAutoApply=false paused=false pendingVerify=true isPending=false queued=false
2026-08-14T12:40:05.013Z   t0 change 1627->1627 | 1627->1628 | ins=" "
2026-08-14T12:40:06.303Z UPDATE docChanged chgCount=1628 isAutoApply=false paused=false pendingVerify=true isPending=false queued=false
2026-08-14T12:40:06.304Z   t0 change 1628->1628 | 1628->1629 | ins="t"
2026-08-14T12:40:06.354Z UPDATE docChanged chgCount=1629 isAutoApply=false paused=false pendingVerify=true isPending=false queued=false
2026-08-14T12:40:06.355Z   t0 change 1629->1629 | 1629->1630 | ins="o"
2026-08-14T12:40:06.482Z UPDATE docChanged chgCount=1630 isAutoApply=false paused=false pendingVerify=true isPending=false queued=false
2026-08-14T12:40:06.482Z   t0 change 1630->1630 | 1630->1631 | ins=" "
2026-08-14T12:40:06.594Z UPDATE docChanged chgCount=1631 isAutoApply=false paused=false pendingVerify=true isPending=false queued=false
2026-08-14T12:40:06.594Z   t0 change 1631->1631 | 1631->1632 | ins="w"
2026-08-14T12:40:06.685Z UPDATE docChanged chgCount=1632 isAutoApply=false paused=false pendingVerify=true isPending=false queued=false
2026-08-14T12:40:06.685Z   t0 change 1632->1632 | 1632->1633 | ins="o"
2026-08-14T12:40:06.802Z UPDATE docChanged chgCount=1633 isAutoApply=false paused=false pendingVerify=true isPending=false queued=false
2026-08-14T12:40:06.802Z   t0 change 1633->1633 | 1633->1634 | ins="r"
2026-08-14T12:40:06.945Z UPDATE docChanged chgCount=1634 isAutoApply=false paused=false pendingVerify=true isPending=false queued=false
2026-08-14T12:40:06.945Z   t0 change 1634->1634 | 1634->1635 | ins="k"
2026-08-14T12:40:07.885Z UPDATE docChanged chgCount=1635 isAutoApply=false paused=false pendingVerify=true isPending=false queued=false
2026-08-14T12:40:07.885Z   t0 change 1635->1635 | 1635->1636 | ins=" "
2026-08-14T12:40:08.174Z UPDATE docChanged chgCount=1636 isAutoApply=false paused=false pendingVerify=true isPending=false queued=false
2026-08-14T12:40:08.174Z   t0 change 1636->1636 | 1636->1637 | ins="b"
2026-08-14T12:40:08.313Z UPDATE docChanged chgCount=1637 isAutoApply=false paused=false pendingVerify=true isPending=false queued=false
2026-08-14T12:40:08.313Z   t0 change 1637->1637 | 1637->1638 | ins="u"
2026-08-14T12:40:08.452Z UPDATE docChanged chgCount=1638 isAutoApply=false paused=false pendingVerify=true isPending=false queued=false
2026-08-14T12:40:08.452Z   t0 change 1638->1638 | 1638->1639 | ins="t"
2026-08-14T12:40:08.669Z UPDATE docChanged chgCount=1639 isAutoApply=false paused=false pendingVerify=true isPending=false queued=false
2026-08-14T12:40:08.669Z   t0 change 1639->1639 | 1639->1640 | ins=" "
2026-08-14T12:40:09.343Z UPDATE docChanged chgCount=1640 isAutoApply=false paused=false pendingVerify=true isPending=false queued=false
2026-08-14T12:40:09.343Z   t0 change 1640->1640 | 1640->1641 | ins="i"
2026-08-14T12:40:09.481Z UPDATE docChanged chgCount=1641 isAutoApply=false paused=false pendingVerify=true isPending=false queued=false
2026-08-14T12:40:09.481Z   t0 change 1641->1641 | 1641->1642 | ins="t"
2026-08-14T12:40:09.615Z UPDATE docChanged chgCount=1642 isAutoApply=false paused=false pendingVerify=true isPending=false queued=false
2026-08-14T12:40:09.615Z   t0 change 1642->1642 | 1642->1643 | ins="s"
2026-08-14T12:40:09.727Z UPDATE docChanged chgCount=1643 isAutoApply=false paused=false pendingVerify=true isPending=false queued=false
2026-08-14T12:40:09.727Z   t0 change 1643->1643 | 1643->1644 | ins=" "
2026-08-14T12:40:09.849Z UPDATE docChanged chgCount=1644 isAutoApply=false paused=false pendingVerify=true isPending=false queued=false
2026-08-14T12:40:09.849Z   t0 change 1644->1644 | 1644->1645 | ins="w"
2026-08-14T12:40:09.889Z UPDATE docChanged chgCount=1645 isAutoApply=false paused=false pendingVerify=true isPending=false queued=false
2026-08-14T12:40:09.890Z   t0 change 1645->1645 | 1645->1646 | ins="o"
2026-08-14T12:40:10.058Z UPDATE docChanged chgCount=1646 isAutoApply=false paused=false pendingVerify=true isPending=false queued=false
2026-08-14T12:40:10.058Z   t0 change 1646->1646 | 1646->1647 | ins="r"
2026-08-14T12:40:10.379Z UPDATE docChanged chgCount=1647 isAutoApply=false paused=false pendingVerify=true isPending=false queued=false
2026-08-14T12:40:10.379Z   t0 change 1647->1647 | 1647->1648 | ins="t"
2026-08-14T12:40:10.469Z UPDATE docChanged chgCount=1648 isAutoApply=false paused=false pendingVerify=true isPending=false queued=false
2026-08-14T12:40:10.470Z   t0 change 1648->1648 | 1648->1649 | ins="h"
2026-08-14T12:40:11.104Z UPDATE docChanged chgCount=1649 isAutoApply=false paused=false pendingVerify=true isPending=false queued=false
2026-08-14T12:40:11.105Z   t0 change 1648->1649 | 1648->1648 | ins=""
2026-08-14T12:40:11.264Z UPDATE docChanged chgCount=1648 isAutoApply=false paused=false pendingVerify=true isPending=false queued=false
2026-08-14T12:40:11.264Z   t0 change 1647->1648 | 1647->1647 | ins=""
2026-08-14T12:40:11.420Z UPDATE docChanged chgCount=1647 isAutoApply=false paused=false pendingVerify=true isPending=false queued=false
2026-08-14T12:40:11.420Z   t0 change 1646->1647 | 1646->1646 | ins=""
2026-08-14T12:40:12.539Z UPDATE docChanged chgCount=1646 isAutoApply=false paused=false pendingVerify=true isPending=false queued=false
2026-08-14T12:40:12.539Z   t0 change 1646->1646 | 1646->1647 | ins="t"
2026-08-14T12:40:12.760Z UPDATE docChanged chgCount=1647 isAutoApply=false paused=false pendingVerify=true isPending=false queued=false
2026-08-14T12:40:12.760Z   t0 change 1647->1647 | 1647->1648 | ins="t"
2026-08-14T12:40:12.765Z UPDATE docChanged chgCount=1648 isAutoApply=false paused=false pendingVerify=true isPending=false queued=false
2026-08-14T12:40:12.765Z   t0 change 1648->1648 | 1648->1649 | ins="r"
2026-08-14T12:40:12.832Z UPDATE docChanged chgCount=1649 isAutoApply=false paused=false pendingVerify=true isPending=false queued=false
2026-08-14T12:40:12.832Z   t0 change 1649->1649 | 1649->1650 | ins="h"
2026-08-14T12:40:13.122Z UPDATE docChanged chgCount=1650 isAutoApply=false paused=false pendingVerify=true isPending=false queued=false
2026-08-14T12:40:13.122Z   t0 change 1650->1650 | 1650->1651 | ins=" "
2026-08-14T12:40:13.434Z UPDATE docChanged chgCount=1651 isAutoApply=false paused=false pendingVerify=true isPending=false queued=false
2026-08-14T12:40:13.434Z   t0 change 1651->1651 | 1651->1652 | ins="a"
2026-08-14T12:40:13.553Z UPDATE docChanged chgCount=1652 isAutoApply=false paused=false pendingVerify=true isPending=false queued=false
2026-08-14T12:40:13.553Z   t0 change 1652->1652 | 1652->1653 | ins=" "
2026-08-14T12:40:13.726Z UPDATE docChanged chgCount=1653 isAutoApply=false paused=false pendingVerify=true isPending=false queued=false
2026-08-14T12:40:13.726Z   t0 change 1653->1653 | 1653->1654 | ins="s"
2026-08-14T12:40:13.801Z UPDATE docChanged chgCount=1654 isAutoApply=false paused=false pendingVerify=true isPending=false queued=false
2026-08-14T12:40:13.801Z   t0 change 1654->1654 | 1654->1655 | ins="h"
2026-08-14T12:40:13.878Z UPDATE docChanged chgCount=1655 isAutoApply=false paused=false pendingVerify=true isPending=false queued=false
2026-08-14T12:40:13.878Z   t0 change 1655->1655 | 1655->1656 | ins="o"
2026-08-14T12:40:14.159Z UPDATE docChanged chgCount=1656 isAutoApply=false paused=false pendingVerify=true isPending=false queued=false
2026-08-14T12:40:14.159Z   t0 change 1656->1656 | 1656->1657 | ins="t"
2026-08-14T12:40:14.497Z UPDATE docChanged chgCount=1657 isAutoApply=false paused=false pendingVerify=true isPending=false queued=false
2026-08-14T12:40:14.497Z   t0 change 1656->1657 | 1656->1660 | ins="t\n- "
2026-08-14T12:40:14.597Z   confirm FIRE ch=
 pos=1657 span=[1580,1657) unit="- what about dot points? i bet this isnt goning to work but its wottrh a shot"
2026-08-14T12:40:15.625Z UPDATE docChanged chgCount=1660 isAutoApply=true paused=false pendingVerify=true isPending=true queued=false
2026-08-14T12:40:16.986Z UPDATE docChanged chgCount=1660 isAutoApply=false paused=false pendingVerify=true isPending=false queued=false
2026-08-14T12:40:16.986Z   t0 change 1660->1660 | 1660->1661 | ins="o"
2026-08-14T12:40:17.102Z UPDATE docChanged chgCount=1661 isAutoApply=false paused=false pendingVerify=true isPending=false queued=false
2026-08-14T12:40:17.102Z   t0 change 1661->1661 | 1661->1662 | ins="k"
2026-08-14T12:40:17.190Z UPDATE docChanged chgCount=1662 isAutoApply=false paused=false pendingVerify=true isPending=false queued=false
2026-08-14T12:40:17.190Z   t0 change 1662->1662 | 1662->1663 | ins="a"
2026-08-14T12:40:17.290Z UPDATE docChanged chgCount=1663 isAutoApply=false paused=false pendingVerify=true isPending=false queued=false
2026-08-14T12:40:17.290Z   t0 change 1663->1663 | 1663->1664 | ins="y"
2026-08-14T12:40:17.399Z UPDATE docChanged chgCount=1664 isAutoApply=false paused=false pendingVerify=true isPending=false queued=false
2026-08-14T12:40:17.399Z   t0 change 1664->1664 | 1664->1665 | ins=" "
2026-08-14T12:40:17.767Z UPDATE docChanged chgCount=1665 isAutoApply=false paused=false pendingVerify=true isPending=false queued=false
2026-08-14T12:40:17.767Z   t0 change 1665->1665 | 1665->1666 | ins="l"
2026-08-14T12:40:17.890Z UPDATE docChanged chgCount=1666 isAutoApply=false paused=false pendingVerify=true isPending=false queued=false
2026-08-14T12:40:17.890Z   t0 change 1666->1666 | 1666->1667 | ins="e"
2026-08-14T12:40:17.966Z UPDATE docChanged chgCount=1667 isAutoApply=false paused=false pendingVerify=true isPending=false queued=false
2026-08-14T12:40:17.966Z   t0 change 1667->1667 | 1667->1668 | ins="t"
2026-08-14T12:40:18.093Z UPDATE docChanged chgCount=1668 isAutoApply=false paused=false pendingVerify=true isPending=false queued=false
2026-08-14T12:40:18.093Z   t0 change 1668->1668 | 1668->1669 | ins="s"
2026-08-14T12:40:18.168Z UPDATE docChanged chgCount=1669 isAutoApply=false paused=false pendingVerify=true isPending=false queued=false
2026-08-14T12:40:18.168Z   t0 change 1669->1669 | 1669->1670 | ins=" "
2026-08-14T12:40:18.458Z UPDATE docChanged chgCount=1670 isAutoApply=false paused=false pendingVerify=true isPending=false queued=false
2026-08-14T12:40:18.458Z   t0 change 1670->1670 | 1670->1671 | ins="g"
2026-08-14T12:40:18.560Z UPDATE docChanged chgCount=1671 isAutoApply=false paused=false pendingVerify=true isPending=false queued=false
2026-08-14T12:40:18.561Z   t0 change 1671->1671 | 1671->1672 | ins="o"
2026-08-14T12:40:18.688Z UPDATE docChanged chgCount=1672 isAutoApply=false paused=false pendingVerify=true isPending=false queued=false
2026-08-14T12:40:18.688Z   t0 change 1672->1672 | 1672->1673 | ins="o"
2026-08-14T12:40:18.766Z UPDATE docChanged chgCount=1673 isAutoApply=false paused=false pendingVerify=true isPending=false queued=false
2026-08-14T12:40:18.766Z   t0 change 1673->1673 | 1673->1674 | ins="d"
2026-08-14T12:40:19.118Z UPDATE docChanged chgCount=1674 isAutoApply=false paused=false pendingVerify=true isPending=false queued=false
2026-08-14T12:40:19.118Z   t0 change 1674->1674 | 1674->1675 | ins="!"
2026-08-14T12:40:19.218Z   confirm FIRE ch=! pos=1674 span=[1604,1675) unit="i bet this isn't going to work but it's worth a shot
- okay lets good!"
2026-08-14T12:40:19.325Z UPDATE docChanged chgCount=1675 isAutoApply=false paused=false pendingVerify=true isPending=true queued=false
2026-08-14T12:40:19.325Z   t0 change 1675->1675 | 1675->1676 | ins="!"
2026-08-14T12:40:19.425Z   confirm FIRE ch=! pos=1675 span=[1604,1676) unit="i bet this isn't going to work but it's worth a shot
- okay lets good!!"
2026-08-14T12:40:19.505Z UPDATE docChanged chgCount=1676 isAutoApply=false paused=false pendingVerify=true isPending=true queued=true
2026-08-14T12:40:19.506Z   t0 change 1676->1676 | 1676->1677 | ins="!"
2026-08-14T12:40:19.606Z   confirm FIRE ch=! pos=1676 span=[1604,1677) unit="i bet this isn't going to work but it's worth a shot
- okay lets good!!!"
2026-08-14T12:40:19.678Z UPDATE docChanged chgCount=1677 isAutoApply=false paused=false pendingVerify=true isPending=true queued=true
2026-08-14T12:40:19.678Z   t0 change 1677->1677 | 1677->1678 | ins="!"
2026-08-14T12:40:19.778Z   confirm FIRE ch=! pos=1677 span=[1604,1678) unit="i bet this isn't going to work but it's worth a shot
- okay lets good!!!!"
2026-08-14T12:40:20.273Z UPDATE docChanged chgCount=1678 isAutoApply=true paused=false pendingVerify=true isPending=true queued=true
2026-08-14T12:40:31.300Z UPDATE docChanged chgCount=1676 isAutoApply=false paused=false pendingVerify=true isPending=false queued=false
2026-08-14T12:40:31.301Z   t0 change 1605->1606 | 1605->1606 | ins="i"
2026-08-14T12:40:31.301Z   t0 change 1672->1672 | 1672->1674 | ins="od"
2026-08-14T12:40:33.117Z UPDATE docChanged chgCount=1678 isAutoApply=false paused=false pendingVerify=true isPending=false queued=false
2026-08-14T12:40:33.117Z   t0 change 1605->1606 | 1605->1606 | ins="I"
2026-08-14T12:40:33.117Z   t0 change 1672->1674 | 1672->1672 | ins=""
2026-08-14T12:40:33.728Z UPDATE docChanged chgCount=1676 isAutoApply=false paused=false pendingVerify=true isPending=false queued=false
2026-08-14T12:40:33.728Z   t0 change 1605->1606 | 1605->1606 | ins="i"
2026-08-14T12:40:33.728Z   t0 change 1672->1672 | 1672->1674 | ins="od"
2026-08-14T12:40:34.432Z UPDATE docChanged chgCount=1678 isAutoApply=false paused=false pendingVerify=true isPending=false queued=false
2026-08-14T12:40:34.432Z   t0 change 1605->1606 | 1605->1606 | ins="I"
2026-08-14T12:40:34.432Z   t0 change 1672->1674 | 1672->1672 | ins=""
2026-08-14T12:40:35.328Z UPDATE docChanged chgCount=1676 isAutoApply=false paused=false pendingVerify=true isPending=false queued=false
2026-08-14T12:40:35.328Z   t0 change 1605->1606 | 1605->1606 | ins="i"
2026-08-14T12:40:35.328Z   t0 change 1672->1672 | 1672->1674 | ins="od"
2026-08-14T12:40:35.892Z UPDATE docChanged chgCount=1678 isAutoApply=false paused=false pendingVerify=true isPending=false queued=false
2026-08-14T12:40:35.892Z   t0 change 1605->1606 | 1605->1606 | ins="I"
2026-08-14T12:40:35.892Z   t0 change 1672->1674 | 1672->1672 | ins=""
2026-08-14T13:22:00.190Z ONLOAD plugin v1.1.4 loaded
2026-08-14T13:22:05.799Z UPDATE docChanged chgCount=1676 isAutoApply=false paused=false pendingVerify=false isPending=false queued=false
2026-08-14T13:22:05.799Z   t0 change 1675->1676 | 1675->1679 | ins="!\n- "
2026-08-14T13:22:05.900Z   confirm FIRE ch=
 pos=1676 span=[1658,1676) unit="- okay lets go!!!!"
2026-08-14T13:22:05.972Z UPDATE docChanged chgCount=1679 isAutoApply=false paused=false pendingVerify=true isPending=true queued=false
2026-08-14T13:22:05.972Z   t0 change 1677->1679 | 1677->1677 | ins=""
2026-08-14T13:22:06.364Z UPDATE docChanged chgCount=1677 isAutoApply=false paused=false pendingVerify=true isPending=true queued=false
2026-08-14T13:22:06.364Z   t0 change 1677->1677 | 1677->1678 | ins="\n"
2026-08-14T13:22:06.465Z   confirm REJECT ch=
 pos=1677 span=null (lineSpan failed)
2026-08-14T13:22:12.008Z UPDATE docChanged chgCount=1678 isAutoApply=false paused=false pendingVerify=true isPending=true queued=false
2026-08-14T13:22:12.008Z   t0 change 1678->1678 | 1678->1679 | ins="O"
2026-08-14T13:22:12.246Z UPDATE docChanged chgCount=1679 isAutoApply=false paused=false pendingVerify=true isPending=true queued=false
2026-08-14T13:22:12.246Z   t0 change 1679->1679 | 1679->1680 | ins="k"
2026-08-14T13:22:12.354Z UPDATE docChanged chgCount=1680 isAutoApply=false paused=false pendingVerify=true isPending=true queued=false
2026-08-14T13:22:12.354Z   t0 change 1680->1680 | 1680->1681 | ins="a"
2026-08-14T13:22:12.428Z UPDATE docChanged chgCount=1681 isAutoApply=false paused=false pendingVerify=true isPending=true queued=false
2026-08-14T13:22:12.429Z   t0 change 1681->1681 | 1681->1682 | ins="y"
2026-08-14T13:22:12.513Z UPDATE docChanged chgCount=1682 isAutoApply=false paused=false pendingVerify=true isPending=true queued=false
2026-08-14T13:22:12.513Z   t0 change 1682->1682 | 1682->1683 | ins=" "
2026-08-14T13:22:12.754Z UPDATE docChanged chgCount=1683 isAutoApply=false paused=false pendingVerify=true isPending=true queued=false
2026-08-14T13:22:12.754Z   t0 change 1683->1683 | 1683->1684 | ins="t"
2026-08-14T13:22:13.056Z UPDATE docChanged chgCount=1684 isAutoApply=false paused=false pendingVerify=true isPending=true queued=false
2026-08-14T13:22:13.056Z   t0 change 1683->1684 | 1683->1683 | ins=""
2026-08-14T13:22:13.177Z UPDATE docChanged chgCount=1683 isAutoApply=false paused=false pendingVerify=true isPending=true queued=false
2026-08-14T13:22:13.177Z   t0 change 1683->1683 | 1683->1684 | ins="s"
2026-08-14T13:22:13.293Z UPDATE docChanged chgCount=1684 isAutoApply=false paused=false pendingVerify=true isPending=true queued=false
2026-08-14T13:22:13.293Z   t0 change 1684->1684 | 1684->1685 | ins="o"
2026-08-14T13:22:13.401Z UPDATE docChanged chgCount=1685 isAutoApply=false paused=false pendingVerify=true isPending=true queued=false
2026-08-14T13:22:13.401Z   t0 change 1685->1685 | 1685->1686 | ins=" "
2026-08-14T13:22:13.477Z UPDATE docChanged chgCount=1686 isAutoApply=false paused=false pendingVerify=true isPending=true queued=false
2026-08-14T13:22:13.478Z   t0 change 1686->1686 | 1686->1687 | ins="t"
2026-08-14T13:22:13.577Z UPDATE docChanged chgCount=1687 isAutoApply=false paused=false pendingVerify=true isPending=true queued=false
2026-08-14T13:22:13.577Z   t0 change 1687->1687 | 1687->1688 | ins="h"
2026-08-14T13:22:13.685Z UPDATE docChanged chgCount=1688 isAutoApply=false paused=false pendingVerify=true isPending=true queued=false
2026-08-14T13:22:13.685Z   t0 change 1688->1688 | 1688->1689 | ins="i"
2026-08-14T13:22:13.724Z UPDATE docChanged chgCount=1689 isAutoApply=false paused=false pendingVerify=true isPending=true queued=false
2026-08-14T13:22:13.724Z   t0 change 1689->1689 | 1689->1690 | ins="s"
2026-08-14T13:22:13.873Z UPDATE docChanged chgCount=1690 isAutoApply=false paused=false pendingVerify=true isPending=true queued=false
2026-08-14T13:22:13.873Z   t0 change 1690->1690 | 1690->1691 | ins=" "
2026-08-14T13:22:14.087Z UPDATE docChanged chgCount=1691 isAutoApply=false paused=false pendingVerify=true isPending=true queued=false
2026-08-14T13:22:14.088Z   t0 change 1691->1691 | 1691->1692 | ins="b"
2026-08-14T13:22:14.490Z UPDATE docChanged chgCount=1692 isAutoApply=true paused=false pendingVerify=true isPending=true queued=false
2026-08-14T13:22:14.878Z UPDATE docChanged chgCount=1693 isAutoApply=false paused=false pendingVerify=true isPending=false queued=false
2026-08-14T13:22:14.878Z   t0 change 1692->1693 | 1692->1692 | ins=""
2026-08-14T13:22:15.107Z UPDATE docChanged chgCount=1692 isAutoApply=false paused=false pendingVerify=true isPending=false queued=false
2026-08-14T13:22:15.108Z   t0 change 1692->1692 | 1692->1693 | ins="m"
2026-08-14T13:22:15.334Z UPDATE docChanged chgCount=1693 isAutoApply=false paused=false pendingVerify=true isPending=false queued=false
2026-08-14T13:22:15.334Z   t0 change 1693->1693 | 1693->1694 | ins="u"
2026-08-14T13:22:15.431Z UPDATE docChanged chgCount=1694 isAutoApply=false paused=false pendingVerify=true isPending=false queued=false
2026-08-14T13:22:15.431Z   t0 change 1694->1694 | 1694->1695 | ins="s"
2026-08-14T13:22:15.499Z UPDATE docChanged chgCount=1695 isAutoApply=false paused=false pendingVerify=true isPending=false queued=false
2026-08-14T13:22:15.499Z   t0 change 1695->1695 | 1695->1696 | ins="t"
2026-08-14T13:22:15.539Z UPDATE docChanged chgCount=1696 isAutoApply=false paused=false pendingVerify=true isPending=false queued=false
2026-08-14T13:22:15.539Z   t0 change 1696->1696 | 1696->1697 | ins=" "
2026-08-14T13:22:15.716Z UPDATE docChanged chgCount=1697 isAutoApply=false paused=false pendingVerify=true isPending=false queued=false
2026-08-14T13:22:15.716Z   t0 change 1697->1697 | 1697->1698 | ins="b"
2026-08-14T13:22:15.827Z UPDATE docChanged chgCount=1698 isAutoApply=false paused=false pendingVerify=true isPending=false queued=false
2026-08-14T13:22:15.827Z   t0 change 1698->1698 | 1698->1699 | ins="e"
2026-08-14T13:22:15.886Z UPDATE docChanged chgCount=1699 isAutoApply=false paused=false pendingVerify=true isPending=false queued=false
2026-08-14T13:22:15.886Z   t0 change 1699->1699 | 1699->1700 | ins=" "
2026-08-14T13:22:16.007Z UPDATE docChanged chgCount=1700 isAutoApply=false paused=false pendingVerify=true isPending=false queued=false
2026-08-14T13:22:16.007Z   t0 change 1700->1700 | 1700->1701 | ins="o"
2026-08-14T13:22:16.167Z UPDATE docChanged chgCount=1701 isAutoApply=false paused=false pendingVerify=true isPending=false queued=false
2026-08-14T13:22:16.167Z   t0 change 1701->1701 | 1701->1702 | ins="n"
2026-08-14T13:22:16.234Z UPDATE docChanged chgCount=1702 isAutoApply=false paused=false pendingVerify=true isPending=false queued=false
2026-08-14T13:22:16.234Z   t0 change 1702->1702 | 1702->1703 | ins=" "
2026-08-14T13:22:16.734Z UPDATE docChanged chgCount=1703 isAutoApply=false paused=false pendingVerify=true isPending=false queued=false
2026-08-14T13:22:16.734Z   t0 change 1703->1703 | 1703->1704 | ins="f"
2026-08-14T13:22:17.287Z UPDATE docChanged chgCount=1704 isAutoApply=false paused=false pendingVerify=true isPending=false queued=false
2026-08-14T13:22:17.287Z   t0 change 1704->1704 | 1704->1705 | ins="u"
2026-08-14T13:22:17.483Z UPDATE docChanged chgCount=1705 isAutoApply=false paused=false pendingVerify=true isPending=false queued=false
2026-08-14T13:22:17.483Z   t0 change 1705->1705 | 1705->1706 | ins="l"
2026-08-14T13:22:17.603Z UPDATE docChanged chgCount=1706 isAutoApply=false paused=false pendingVerify=true isPending=false queued=false
2026-08-14T13:22:17.603Z   t0 change 1706->1706 | 1706->1707 | ins="l"
2026-08-14T13:22:17.667Z UPDATE docChanged chgCount=1707 isAutoApply=false paused=false pendingVerify=true isPending=false queued=false
2026-08-14T13:22:17.667Z   t0 change 1707->1707 | 1707->1708 | ins=" "
2026-08-14T13:22:17.832Z UPDATE docChanged chgCount=1708 isAutoApply=false paused=false pendingVerify=true isPending=false queued=false
2026-08-14T13:22:17.832Z   t0 change 1708->1708 | 1708->1709 | ins="t"
2026-08-14T13:22:17.878Z UPDATE docChanged chgCount=1709 isAutoApply=false paused=false pendingVerify=true isPending=false queued=false
2026-08-14T13:22:17.878Z   t0 change 1709->1709 | 1709->1710 | ins="h"
2026-08-14T13:22:17.951Z UPDATE docChanged chgCount=1710 isAutoApply=false paused=false pendingVerify=true isPending=false queued=false
2026-08-14T13:22:17.951Z   t0 change 1710->1710 | 1710->1711 | ins="i"
2026-08-14T13:22:18.094Z UPDATE docChanged chgCount=1711 isAutoApply=false paused=false pendingVerify=true isPending=false queued=false
2026-08-14T13:22:18.095Z   t0 change 1711->1711 | 1711->1712 | ins="n"
2026-08-14T13:22:18.216Z UPDATE docChanged chgCount=1712 isAutoApply=false paused=false pendingVerify=true isPending=false queued=false
2026-08-14T13:22:18.216Z   t0 change 1712->1712 | 1712->1713 | ins="k"
2026-08-14T13:22:18.387Z UPDATE docChanged chgCount=1713 isAutoApply=false paused=false pendingVerify=true isPending=false queued=false
2026-08-14T13:22:18.387Z   t0 change 1713->1713 | 1713->1714 | ins="i"
2026-08-14T13:22:18.456Z UPDATE docChanged chgCount=1714 isAutoApply=false paused=false pendingVerify=true isPending=false queued=false
2026-08-14T13:22:18.456Z   t0 change 1714->1714 | 1714->1715 | ins="n"
2026-08-14T13:22:18.563Z UPDATE docChanged chgCount=1715 isAutoApply=false paused=false pendingVerify=true isPending=false queued=false
2026-08-14T13:22:18.563Z   t0 change 1715->1715 | 1715->1716 | ins="g"
2026-08-14T13:22:18.659Z UPDATE docChanged chgCount=1716 isAutoApply=false paused=false pendingVerify=true isPending=false queued=false
2026-08-14T13:22:18.659Z   t0 change 1716->1716 | 1716->1717 | ins=" "
2026-08-14T13:22:18.843Z UPDATE docChanged chgCount=1717 isAutoApply=false paused=false pendingVerify=true isPending=false queued=false
2026-08-14T13:22:18.843Z   t0 change 1717->1717 | 1717->1718 | ins=","
2026-08-14T13:22:19.016Z UPDATE docChanged chgCount=1718 isAutoApply=false paused=false pendingVerify=true isPending=false queued=false
2026-08-14T13:22:19.016Z   t0 change 1718->1718 | 1718->1719 | ins=" "
2026-08-14T13:22:19.163Z UPDATE docChanged chgCount=1719 isAutoApply=false paused=false pendingVerify=true isPending=false queued=false
2026-08-14T13:22:19.163Z   t0 change 1719->1719 | 1719->1720 | ins="w"
2026-08-14T13:22:19.267Z UPDATE docChanged chgCount=1720 isAutoApply=false paused=false pendingVerify=true isPending=false queued=false
2026-08-14T13:22:19.267Z   t0 change 1720->1720 | 1720->1721 | ins="h"
2026-08-14T13:22:19.379Z UPDATE docChanged chgCount=1721 isAutoApply=false paused=false pendingVerify=true isPending=false queued=false
2026-08-14T13:22:19.379Z   t0 change 1721->1721 | 1721->1722 | ins="i"
2026-08-14T13:22:19.427Z UPDATE docChanged chgCount=1722 isAutoApply=false paused=false pendingVerify=true isPending=false queued=false
2026-08-14T13:22:19.427Z   t0 change 1722->1722 | 1722->1723 | ins="c"
2026-08-14T13:22:19.543Z UPDATE docChanged chgCount=1723 isAutoApply=false paused=false pendingVerify=true isPending=false queued=false
2026-08-14T13:22:19.543Z   t0 change 1723->1723 | 1723->1724 | ins="h"
2026-08-14T13:22:19.567Z UPDATE docChanged chgCount=1724 isAutoApply=false paused=false pendingVerify=true isPending=false queued=false
2026-08-14T13:22:19.567Z   t0 change 1724->1724 | 1724->1725 | ins=" "
2026-08-14T13:22:19.984Z UPDATE docChanged chgCount=1725 isAutoApply=false paused=false pendingVerify=true isPending=false queued=false
2026-08-14T13:22:19.984Z   t0 change 1725->1725 | 1725->1726 | ins="n"
2026-08-14T13:22:20.118Z UPDATE docChanged chgCount=1726 isAutoApply=false paused=false pendingVerify=true isPending=false queued=false
2026-08-14T13:22:20.118Z   t0 change 1726->1726 | 1726->1727 | ins="e"
2026-08-14T13:22:20.194Z UPDATE docChanged chgCount=1727 isAutoApply=false paused=false pendingVerify=true isPending=false queued=false
2026-08-14T13:22:20.194Z   t0 change 1727->1727 | 1727->1728 | ins="a"
2026-08-14T13:22:20.410Z UPDATE docChanged chgCount=1728 isAutoApply=false paused=false pendingVerify=true isPending=false queued=false
2026-08-14T13:22:20.410Z   t0 change 1728->1728 | 1728->1729 | ins="n"
2026-08-14T13:22:20.491Z UPDATE docChanged chgCount=1729 isAutoApply=false paused=false pendingVerify=true isPending=false queued=false
2026-08-14T13:22:20.491Z   t0 change 1729->1729 | 1729->1730 | ins="s"
2026-08-14T13:22:20.772Z UPDATE docChanged chgCount=1730 isAutoApply=false paused=false pendingVerify=true isPending=false queued=false
2026-08-14T13:22:20.772Z   t0 change 1730->1730 | 1730->1731 | ins=" "
2026-08-14T13:22:21.132Z UPDATE docChanged chgCount=1731 isAutoApply=false paused=false pendingVerify=true isPending=false queued=false
2026-08-14T13:22:21.132Z   t0 change 1731->1731 | 1731->1732 | ins="a"
2026-08-14T13:22:21.391Z UPDATE docChanged chgCount=1732 isAutoApply=false paused=false pendingVerify=true isPending=false queued=false
2026-08-14T13:22:21.391Z   t0 change 1731->1732 | 1731->1731 | ins=""
2026-08-14T13:22:21.591Z UPDATE docChanged chgCount=1731 isAutoApply=false paused=false pendingVerify=true isPending=false queued=false
2026-08-14T13:22:21.592Z   t0 change 1731->1731 | 1731->1732 | ins="b"
2026-08-14T13:22:21.671Z UPDATE docChanged chgCount=1732 isAutoApply=false paused=false pendingVerify=true isPending=false queued=false
2026-08-14T13:22:21.671Z   t0 change 1732->1732 | 1732->1733 | ins="a"
2026-08-14T13:22:21.742Z UPDATE docChanged chgCount=1733 isAutoApply=false paused=false pendingVerify=true isPending=false queued=false
2026-08-14T13:22:21.742Z   t0 change 1733->1733 | 1733->1734 | ins="s"
2026-08-14T13:22:21.831Z UPDATE docChanged chgCount=1734 isAutoApply=false paused=false pendingVerify=true isPending=false queued=false
2026-08-14T13:22:21.831Z   t0 change 1734->1734 | 1734->1735 | ins="i"
2026-08-14T13:22:21.947Z UPDATE docChanged chgCount=1735 isAutoApply=false paused=false pendingVerify=true isPending=false queued=false
2026-08-14T13:22:21.947Z   t0 change 1735->1735 | 1735->1736 | ins="c"
2026-08-14T13:22:22.063Z UPDATE docChanged chgCount=1736 isAutoApply=false paused=false pendingVerify=true isPending=false queued=false
2026-08-14T13:22:22.063Z   t0 change 1736->1736 | 1736->1737 | ins="l"
2026-08-14T13:22:22.078Z UPDATE docChanged chgCount=1737 isAutoApply=false paused=false pendingVerify=true isPending=false queued=false
2026-08-14T13:22:22.078Z   t0 change 1737->1737 | 1737->1738 | ins="a"
2026-08-14T13:22:22.186Z UPDATE docChanged chgCount=1738 isAutoApply=false paused=false pendingVerify=true isPending=false queued=false
2026-08-14T13:22:22.186Z   t0 change 1738->1738 | 1738->1739 | ins="l"
2026-08-14T13:22:22.308Z UPDATE docChanged chgCount=1739 isAutoApply=false paused=false pendingVerify=true isPending=false queued=false
2026-08-14T13:22:22.308Z   t0 change 1739->1739 | 1739->1740 | ins="l"
2026-08-14T13:22:22.432Z UPDATE docChanged chgCount=1740 isAutoApply=false paused=false pendingVerify=true isPending=false queued=false
2026-08-14T13:22:22.432Z   t0 change 1740->1740 | 1740->1741 | ins="y"
2026-08-14T13:22:22.539Z UPDATE docChanged chgCount=1741 isAutoApply=false paused=false pendingVerify=true isPending=false queued=false
2026-08-14T13:22:22.539Z   t0 change 1741->1741 | 1741->1742 | ins=" "
2026-08-14T13:22:22.994Z UPDATE docChanged chgCount=1742 isAutoApply=false paused=false pendingVerify=true isPending=false queued=false
2026-08-14T13:22:22.995Z   t0 change 1742->1742 | 1742->1743 | ins="a"
2026-08-14T13:22:23.115Z UPDATE docChanged chgCount=1743 isAutoApply=false paused=false pendingVerify=true isPending=false queued=false
2026-08-14T13:22:23.115Z   t0 change 1743->1743 | 1743->1744 | ins="l"
2026-08-14T13:22:23.226Z UPDATE docChanged chgCount=1744 isAutoApply=false paused=false pendingVerify=true isPending=false queued=false
2026-08-14T13:22:23.226Z   t0 change 1744->1744 | 1744->1745 | ins="l"
2026-08-14T13:22:23.370Z UPDATE docChanged chgCount=1745 isAutoApply=false paused=false pendingVerify=true isPending=false queued=false
2026-08-14T13:22:23.370Z   t0 change 1745->1745 | 1745->1746 | ins=" "
2026-08-14T13:22:23.524Z UPDATE docChanged chgCount=1746 isAutoApply=false paused=false pendingVerify=true isPending=false queued=false
2026-08-14T13:22:23.524Z   t0 change 1746->1746 | 1746->1747 | ins="e"
2026-08-14T13:22:23.670Z UPDATE docChanged chgCount=1747 isAutoApply=false paused=false pendingVerify=true isPending=false queued=false
2026-08-14T13:22:23.670Z   t0 change 1747->1747 | 1747->1748 | ins="r"
2026-08-14T13:22:23.802Z UPDATE docChanged chgCount=1748 isAutoApply=false paused=false pendingVerify=true isPending=false queued=false
2026-08-14T13:22:23.802Z   t0 change 1748->1748 | 1748->1749 | ins="r"
2026-08-14T13:22:23.886Z UPDATE docChanged chgCount=1749 isAutoApply=false paused=false pendingVerify=true isPending=false queued=false
2026-08-14T13:22:23.886Z   t0 change 1749->1749 | 1749->1750 | ins="o"
2026-08-14T13:22:24.084Z UPDATE docChanged chgCount=1750 isAutoApply=false paused=false pendingVerify=true isPending=false queued=false
2026-08-14T13:22:24.084Z   t0 change 1750->1750 | 1750->1751 | ins="r"
2026-08-14T13:22:24.270Z UPDATE docChanged chgCount=1751 isAutoApply=false paused=false pendingVerify=true isPending=false queued=false
2026-08-14T13:22:24.270Z   t0 change 1751->1751 | 1751->1752 | ins="s"
2026-08-14T13:22:24.302Z UPDATE docChanged chgCount=1752 isAutoApply=false paused=false pendingVerify=true isPending=false queued=false
2026-08-14T13:22:24.302Z   t0 change 1752->1752 | 1752->1753 | ins=" "
2026-08-14T13:22:24.639Z UPDATE docChanged chgCount=1753 isAutoApply=false paused=false pendingVerify=true isPending=false queued=false
2026-08-14T13:22:24.639Z   t0 change 1753->1753 | 1753->1754 | ins="h"
2026-08-14T13:22:24.816Z UPDATE docChanged chgCount=1754 isAutoApply=false paused=false pendingVerify=true isPending=false queued=false
2026-08-14T13:22:24.816Z   t0 change 1754->1754 | 1754->1755 | ins="o"
2026-08-14T13:22:24.870Z UPDATE docChanged chgCount=1755 isAutoApply=false paused=false pendingVerify=true isPending=false queued=false
2026-08-14T13:22:24.870Z   t0 change 1755->1755 | 1755->1756 | ins="s"
2026-08-14T13:22:24.958Z UPDATE docChanged chgCount=1756 isAutoApply=false paused=false pendingVerify=true isPending=false queued=false
2026-08-14T13:22:24.959Z   t0 change 1756->1756 | 1756->1757 | ins="u"
2026-08-14T13:22:25.215Z UPDATE docChanged chgCount=1757 isAutoApply=false paused=false pendingVerify=true isPending=false queued=false
2026-08-14T13:22:25.216Z   t0 change 1757->1757 | 1757->1758 | ins="l"
2026-08-14T13:22:26.063Z UPDATE docChanged chgCount=1758 isAutoApply=false paused=false pendingVerify=true isPending=false queued=false
2026-08-14T13:22:26.063Z   t0 change 1758->1758 | 1758->1759 | ins="d"
2026-08-14T13:22:26.223Z UPDATE docChanged chgCount=1759 isAutoApply=false paused=false pendingVerify=true isPending=false queued=false
2026-08-14T13:22:26.223Z   t0 change 1759->1759 | 1759->1760 | ins=" "
2026-08-14T13:22:26.387Z UPDATE docChanged chgCount=1760 isAutoApply=false paused=false pendingVerify=true isPending=false queued=false
2026-08-14T13:22:26.387Z   t0 change 1760->1760 | 1760->1761 | ins="b"
2026-08-14T13:22:26.478Z UPDATE docChanged chgCount=1761 isAutoApply=false paused=false pendingVerify=true isPending=false queued=false
2026-08-14T13:22:26.478Z   t0 change 1761->1761 | 1761->1762 | ins="e"
2026-08-14T13:22:26.574Z UPDATE docChanged chgCount=1762 isAutoApply=false paused=false pendingVerify=true isPending=false queued=false
2026-08-14T13:22:26.574Z   t0 change 1762->1762 | 1762->1763 | ins=" "
2026-08-14T13:22:26.691Z UPDATE docChanged chgCount=1763 isAutoApply=false paused=false pendingVerify=true isPending=false queued=false
2026-08-14T13:22:26.691Z   t0 change 1763->1763 | 1763->1764 | ins="f"
2026-08-14T13:22:26.783Z UPDATE docChanged chgCount=1764 isAutoApply=false paused=false pendingVerify=true isPending=false queued=false
2026-08-14T13:22:26.783Z   t0 change 1764->1764 | 1764->1765 | ins="i"
2026-08-14T13:22:26.907Z UPDATE docChanged chgCount=1765 isAutoApply=false paused=false pendingVerify=true isPending=false queued=false
2026-08-14T13:22:26.907Z   t0 change 1765->1765 | 1765->1766 | ins="x"
2026-08-14T13:22:27.135Z UPDATE docChanged chgCount=1766 isAutoApply=false paused=false pendingVerify=true isPending=false queued=false
2026-08-14T13:22:27.135Z   t0 change 1766->1766 | 1766->1767 | ins="e"
2026-08-14T13:22:27.226Z UPDATE docChanged chgCount=1767 isAutoApply=false paused=false pendingVerify=true isPending=false queued=false
2026-08-14T13:22:27.226Z   t0 change 1767->1767 | 1767->1768 | ins="d"
2026-08-14T13:22:27.423Z UPDATE docChanged chgCount=1768 isAutoApply=false paused=false pendingVerify=true isPending=false queued=false
2026-08-14T13:22:27.423Z   t0 change 1768->1768 | 1768->1769 | ins=" "
2026-08-14T13:22:27.508Z UPDATE docChanged chgCount=1769 isAutoApply=false paused=false pendingVerify=true isPending=false queued=false
2026-08-14T13:22:27.508Z   t0 change 1769->1769 | 1769->1770 | ins="-"
2026-08-14T13:22:27.591Z UPDATE docChanged chgCount=1770 isAutoApply=false paused=false pendingVerify=true isPending=false queued=false
2026-08-14T13:22:27.592Z   t0 change 1770->1770 | 1770->1771 | ins=" "
2026-08-14T13:22:28.175Z UPDATE docChanged chgCount=1771 isAutoApply=false paused=false pendingVerify=true isPending=false queued=false
2026-08-14T13:22:28.175Z   t0 change 1771->1771 | 1771->1772 | ins="b"
2026-08-14T13:22:28.458Z UPDATE docChanged chgCount=1772 isAutoApply=false paused=false pendingVerify=true isPending=false queued=false
2026-08-14T13:22:28.458Z   t0 change 1771->1772 | 1771->1771 | ins=""
2026-08-14T13:22:28.694Z UPDATE docChanged chgCount=1771 isAutoApply=false paused=false pendingVerify=true isPending=false queued=false
2026-08-14T13:22:28.694Z   t0 change 1771->1771 | 1771->1772 | ins="m"
2026-08-14T13:22:28.807Z UPDATE docChanged chgCount=1772 isAutoApply=false paused=false pendingVerify=true isPending=false queued=false
2026-08-14T13:22:28.807Z   t0 change 1772->1772 | 1772->1773 | ins="a"
2026-08-14T13:22:28.931Z UPDATE docChanged chgCount=1773 isAutoApply=false paused=false pendingVerify=true isPending=false queued=false
2026-08-14T13:22:28.931Z   t0 change 1773->1773 | 1773->1774 | ins="y"
2026-08-14T13:22:29.050Z UPDATE docChanged chgCount=1774 isAutoApply=false paused=false pendingVerify=true isPending=false queued=false
2026-08-14T13:22:29.050Z   t0 change 1774->1774 | 1774->1775 | ins="b"
2026-08-14T13:22:29.118Z UPDATE docChanged chgCount=1775 isAutoApply=false paused=false pendingVerify=true isPending=false queued=false
2026-08-14T13:22:29.118Z   t0 change 1775->1775 | 1775->1776 | ins="e"
2026-08-14T13:22:29.218Z UPDATE docChanged chgCount=1776 isAutoApply=false paused=false pendingVerify=true isPending=false queued=false
2026-08-14T13:22:29.218Z   t0 change 1776->1776 | 1776->1777 | ins=" "
2026-08-14T13:22:29.623Z UPDATE docChanged chgCount=1777 isAutoApply=false paused=false pendingVerify=true isPending=false queued=false
2026-08-14T13:22:29.623Z   t0 change 1777->1777 | 1777->1778 | ins="n"
2026-08-14T13:22:29.778Z UPDATE docChanged chgCount=1778 isAutoApply=false paused=false pendingVerify=true isPending=false queued=false
2026-08-14T13:22:29.778Z   t0 change 1778->1778 | 1778->1779 | ins="t"
2026-08-14T13:22:29.784Z UPDATE docChanged chgCount=1779 isAutoApply=false paused=false pendingVerify=true isPending=false queued=false
2026-08-14T13:22:29.784Z   t0 change 1779->1779 | 1779->1780 | ins="o"
2026-08-14T13:22:29.992Z UPDATE docChanged chgCount=1780 isAutoApply=false paused=false pendingVerify=true isPending=false queued=false
2026-08-14T13:22:29.992Z   t0 change 1780->1780 | 1780->1781 | ins=" "
2026-08-14T13:22:30.147Z UPDATE docChanged chgCount=1781 isAutoApply=false paused=false pendingVerify=true isPending=false queued=false
2026-08-14T13:22:30.147Z   t0 change 1781->1781 | 1781->1782 | ins="t"
2026-08-14T13:22:30.255Z UPDATE docChanged chgCount=1782 isAutoApply=false paused=false pendingVerify=true isPending=false queued=false
2026-08-14T13:22:30.255Z   t0 change 1782->1782 | 1782->1783 | ins="h"
2026-08-14T13:22:30.399Z UPDATE docChanged chgCount=1783 isAutoApply=false paused=false pendingVerify=true isPending=false queued=false
2026-08-14T13:22:30.399Z   t0 change 1783->1783 | 1783->1784 | ins="a"
2026-08-14T13:22:30.539Z UPDATE docChanged chgCount=1784 isAutoApply=false paused=false pendingVerify=true isPending=false queued=false
2026-08-14T13:22:30.539Z   t0 change 1784->1784 | 1784->1785 | ins="t"
2026-08-14T13:22:30.675Z UPDATE docChanged chgCount=1785 isAutoApply=false paused=false pendingVerify=true isPending=false queued=false
2026-08-14T13:22:30.675Z   t0 change 1785->1785 | 1785->1786 | ins=" "
2026-08-14T13:22:30.847Z UPDATE docChanged chgCount=1786 isAutoApply=false paused=false pendingVerify=true isPending=false queued=false
2026-08-14T13:22:30.847Z   t0 change 1786->1786 | 1786->1787 | ins="o"
2026-08-14T13:22:30.916Z UPDATE docChanged chgCount=1787 isAutoApply=false paused=false pendingVerify=true isPending=false queued=false
2026-08-14T13:22:30.916Z   t0 change 1787->1787 | 1787->1788 | ins="n"
2026-08-14T13:22:30.967Z UPDATE docChanged chgCount=1788 isAutoApply=false paused=false pendingVerify=true isPending=false queued=false
2026-08-14T13:22:30.967Z   t0 change 1788->1788 | 1788->1789 | ins="e"
2026-08-14T13:22:31.086Z UPDATE docChanged chgCount=1789 isAutoApply=false paused=false pendingVerify=true isPending=false queued=false
2026-08-14T13:22:31.086Z   t0 change 1789->1789 | 1789->1790 | ins=" "
2026-08-14T13:22:31.219Z UPDATE docChanged chgCount=1790 isAutoApply=false paused=false pendingVerify=true isPending=false queued=false
2026-08-14T13:22:31.219Z   t0 change 1790->1790 | 1790->1791 | ins="b"
2026-08-14T13:22:31.294Z UPDATE docChanged chgCount=1791 isAutoApply=false paused=false pendingVerify=true isPending=false queued=false
2026-08-14T13:22:31.294Z   t0 change 1791->1791 | 1791->1792 | ins="u"
2026-08-14T13:22:31.378Z UPDATE docChanged chgCount=1792 isAutoApply=false paused=false pendingVerify=true isPending=false queued=false
2026-08-14T13:22:31.378Z   t0 change 1792->1792 | 1792->1793 | ins="t"
2026-08-14T13:22:31.519Z UPDATE docChanged chgCount=1793 isAutoApply=false paused=false pendingVerify=true isPending=false queued=false
2026-08-14T13:22:31.519Z   t0 change 1793->1793 | 1793->1794 | ins=" "
2026-08-14T13:22:31.754Z UPDATE docChanged chgCount=1794 isAutoApply=false paused=false pendingVerify=true isPending=false queued=false
2026-08-14T13:22:31.754Z   t0 change 1794->1794 | 1794->1795 | ins="w"
2026-08-14T13:22:31.859Z UPDATE docChanged chgCount=1795 isAutoApply=false paused=false pendingVerify=true isPending=false queued=false
2026-08-14T13:22:31.859Z   t0 change 1795->1795 | 1795->1796 | ins="e"
2026-08-14T13:22:32.008Z UPDATE docChanged chgCount=1796 isAutoApply=false paused=false pendingVerify=true isPending=false queued=false
2026-08-14T13:22:32.008Z   t0 change 1796->1796 | 1796->1797 | ins="l"
2026-08-14T13:22:32.159Z UPDATE docChanged chgCount=1797 isAutoApply=false paused=false pendingVerify=true isPending=false queued=false
2026-08-14T13:22:32.159Z   t0 change 1797->1797 | 1797->1798 | ins="l"
2026-08-14T13:22:32.302Z UPDATE docChanged chgCount=1798 isAutoApply=false paused=false pendingVerify=true isPending=false queued=false
2026-08-14T13:22:32.302Z   t0 change 1798->1798 | 1798->1799 | ins=" "
2026-08-14T13:22:32.455Z UPDATE docChanged chgCount=1799 isAutoApply=false paused=false pendingVerify=true isPending=false queued=false
2026-08-14T13:22:32.455Z   t0 change 1799->1799 | 1799->1800 | ins="s"
2026-08-14T13:22:32.691Z UPDATE docChanged chgCount=1800 isAutoApply=false paused=false pendingVerify=true isPending=false queued=false
2026-08-14T13:22:32.691Z   t0 change 1800->1800 | 1800->1801 | ins="e"
2026-08-14T13:22:32.870Z UPDATE docChanged chgCount=1801 isAutoApply=false paused=false pendingVerify=true isPending=false queued=false
2026-08-14T13:22:32.870Z   t0 change 1801->1801 | 1801->1802 | ins="e"
2026-08-14T13:22:32.983Z UPDATE docChanged chgCount=1802 isAutoApply=false paused=false pendingVerify=true isPending=false queued=false
2026-08-14T13:22:32.983Z   t0 change 1802->1802 | 1802->1803 | ins="."
2026-08-14T13:22:33.083Z   confirm FIRE ch=. pos=1802 span=[1679,1803) unit="Okay so this must be on full thinking , which neans basiclally all errors hosuld be fixed - maybe nto that one but well see."
2026-08-14T13:22:33.215Z UPDATE docChanged chgCount=1803 isAutoApply=false paused=false pendingVerify=true isPending=true queued=false
2026-08-14T13:22:33.215Z   t0 change 1803->1803 | 1803->1804 | ins="\n"
2026-08-14T13:22:33.315Z   confirm FIRE ch=
 pos=1803 span=[1679,1803) unit="Okay so this must be on full thinking , which neans basiclally all errors hosuld be fixed - maybe nto that one but well see."
2026-08-14T13:22:35.826Z UPDATE docChanged chgCount=1804 isAutoApply=false paused=false pendingVerify=true isPending=true queued=true
2026-08-14T13:22:35.826Z   t0 change 1804->1804 | 1804->1805 | ins="L"
2026-08-14T13:22:36.096Z UPDATE docChanged chgCount=1805 isAutoApply=false paused=false pendingVerify=true isPending=true queued=true
2026-08-14T13:22:36.096Z   t0 change 1805->1805 | 1805->1806 | ins="o"
2026-08-14T13:22:36.236Z UPDATE docChanged chgCount=1806 isAutoApply=false paused=false pendingVerify=true isPending=true queued=true
2026-08-14T13:22:36.236Z   t0 change 1806->1806 | 1806->1807 | ins="o"
2026-08-14T13:22:36.312Z UPDATE docChanged chgCount=1807 isAutoApply=false paused=false pendingVerify=true isPending=true queued=true
2026-08-14T13:22:36.312Z   t0 change 1807->1807 | 1807->1808 | ins="k"
2026-08-14T13:22:36.461Z UPDATE docChanged chgCount=1808 isAutoApply=false paused=false pendingVerify=true isPending=true queued=true
2026-08-14T13:22:36.461Z   t0 change 1808->1808 | 1808->1809 | ins=" "
2026-08-14T13:22:36.600Z UPDATE docChanged chgCount=1809 isAutoApply=false paused=false pendingVerify=true isPending=true queued=true
2026-08-14T13:22:36.600Z   t0 change 1809->1809 | 1809->1810 | ins="a"
2026-08-14T13:22:36.713Z UPDATE docChanged chgCount=1810 isAutoApply=false paused=false pendingVerify=true isPending=true queued=true
2026-08-14T13:22:36.713Z   t0 change 1810->1810 | 1810->1811 | ins="t"
2026-08-14T13:22:36.773Z UPDATE docChanged chgCount=1811 isAutoApply=false paused=false pendingVerify=true isPending=true queued=true
2026-08-14T13:22:36.773Z   t0 change 1811->1811 | 1811->1812 | ins=" "
2026-08-14T13:22:36.910Z UPDATE docChanged chgCount=1812 isAutoApply=false paused=false pendingVerify=true isPending=true queued=true
2026-08-14T13:22:36.910Z   t0 change 1812->1812 | 1812->1813 | ins="t"
2026-08-14T13:22:36.932Z UPDATE docChanged chgCount=1813 isAutoApply=false paused=false pendingVerify=true isPending=true queued=true
2026-08-14T13:22:36.932Z   t0 change 1813->1813 | 1813->1814 | ins="i"
2026-08-14T13:22:37.117Z UPDATE docChanged chgCount=1814 isAutoApply=false paused=false pendingVerify=true isPending=true queued=true
2026-08-14T13:22:37.117Z   t0 change 1814->1814 | 1814->1815 | ins=" "
2026-08-14T13:22:37.873Z UPDATE docChanged chgCount=1815 isAutoApply=false paused=false pendingVerify=true isPending=true queued=true
2026-08-14T13:22:37.873Z   t0 change 1815->1815 | 1815->1816 | ins="g"
2026-08-14T13:22:37.957Z UPDATE docChanged chgCount=1816 isAutoApply=false paused=false pendingVerify=true isPending=true queued=true
2026-08-14T13:22:37.957Z   t0 change 1816->1816 | 1816->1817 | ins="o"
2026-08-14T13:22:38.321Z UPDATE docChanged chgCount=1817 isAutoApply=false paused=false pendingVerify=true isPending=true queued=true
2026-08-14T13:22:38.321Z   t0 change 1817->1817 | 1817->1818 | ins=" "
2026-08-14T13:22:38.460Z UPDATE docChanged chgCount=1818 isAutoApply=false paused=false pendingVerify=true isPending=true queued=true
2026-08-14T13:22:38.461Z   t0 change 1818->1818 | 1818->1819 | ins="-"
2026-08-14T13:22:38.592Z UPDATE docChanged chgCount=1819 isAutoApply=false paused=false pendingVerify=true isPending=true queued=true
2026-08-14T13:22:38.593Z   t0 change 1819->1819 | 1819->1820 | ins=" "
2026-08-14T13:22:39.165Z UPDATE docChanged chgCount=1820 isAutoApply=false paused=false pendingVerify=true isPending=true queued=true
2026-08-14T13:22:39.165Z   t0 change 1820->1820 | 1820->1821 | ins="j"
2026-08-14T13:22:39.369Z UPDATE docChanged chgCount=1821 isAutoApply=false paused=false pendingVerify=true isPending=true queued=true
2026-08-14T13:22:39.369Z   t0 change 1821->1821 | 1821->1822 | ins="u"
2026-08-14T13:22:39.437Z UPDATE docChanged chgCount=1822 isAutoApply=false paused=false pendingVerify=true isPending=true queued=true
2026-08-14T13:22:39.437Z   t0 change 1822->1822 | 1822->1823 | ins="s"
2026-08-14T13:22:39.541Z UPDATE docChanged chgCount=1823 isAutoApply=false paused=false pendingVerify=true isPending=true queued=true
2026-08-14T13:22:39.541Z   t0 change 1823->1823 | 1823->1824 | ins="t"
2026-08-14T13:22:39.620Z UPDATE docChanged chgCount=1824 isAutoApply=false paused=false pendingVerify=true isPending=true queued=true
2026-08-14T13:22:39.620Z   t0 change 1824->1824 | 1824->1825 | ins=" "
2026-08-14T13:22:40.993Z UPDATE docChanged chgCount=1825 isAutoApply=false paused=false pendingVerify=true isPending=true queued=true
2026-08-14T13:22:40.993Z   t0 change 1825->1825 | 1825->1826 | ins="p"
2026-08-14T13:22:41.229Z UPDATE docChanged chgCount=1826 isAutoApply=false paused=false pendingVerify=true isPending=true queued=true
2026-08-14T13:22:41.229Z   t0 change 1826->1826 | 1826->1827 | ins="u"
2026-08-14T13:22:41.481Z UPDATE docChanged chgCount=1827 isAutoApply=false paused=false pendingVerify=true isPending=true queued=true
2026-08-14T13:22:41.481Z   t0 change 1827->1827 | 1827->1828 | ins="l"
2026-08-14T13:22:41.600Z UPDATE docChanged chgCount=1828 isAutoApply=false paused=false pendingVerify=true isPending=true queued=true
2026-08-14T13:22:41.601Z   t0 change 1828->1828 | 1828->1829 | ins="s"
2026-08-14T13:22:41.676Z UPDATE docChanged chgCount=1829 isAutoApply=false paused=false pendingVerify=true isPending=true queued=true
2026-08-14T13:22:41.676Z   t0 change 1829->1829 | 1829->1830 | ins="i"
2026-08-14T13:22:41.888Z UPDATE docChanged chgCount=1830 isAutoApply=false paused=false pendingVerify=true isPending=true queued=true
2026-08-14T13:22:41.888Z   t0 change 1830->1830 | 1830->1831 | ins="n"
2026-08-14T13:22:42.108Z UPDATE docChanged chgCount=1831 isAutoApply=false paused=false pendingVerify=true isPending=true queued=true
2026-08-14T13:22:42.108Z   t0 change 1831->1831 | 1831->1832 | ins="g"
2026-08-14T13:22:42.192Z UPDATE docChanged chgCount=1832 isAutoApply=false paused=false pendingVerify=true isPending=true queued=true
2026-08-14T13:22:42.192Z   t0 change 1832->1832 | 1832->1833 | ins=" "
2026-08-14T13:22:42.433Z UPDATE docChanged chgCount=1833 isAutoApply=false paused=false pendingVerify=true isPending=true queued=true
2026-08-14T13:22:42.433Z   t0 change 1833->1833 | 1833->1834 | ins="a"
2026-08-14T13:22:42.532Z UPDATE docChanged chgCount=1834 isAutoApply=false paused=false pendingVerify=true isPending=true queued=true
2026-08-14T13:22:42.532Z   t0 change 1834->1834 | 1834->1835 | ins="w"
2026-08-14T13:22:42.677Z UPDATE docChanged chgCount=1835 isAutoApply=false paused=false pendingVerify=true isPending=true queued=true
2026-08-14T13:22:42.677Z   t0 change 1835->1835 | 1835->1836 | ins="y"
2026-08-14T13:22:42.692Z UPDATE docChanged chgCount=1836 isAutoApply=false paused=false pendingVerify=true isPending=true queued=true
2026-08-14T13:22:42.692Z   t0 change 1836->1836 | 1836->1837 | ins="a"
2026-08-14T13:22:42.849Z UPDATE docChanged chgCount=1837 isAutoApply=false paused=false pendingVerify=true isPending=true queued=true
2026-08-14T13:22:42.849Z   t0 change 1837->1837 | 1837->1838 | ins=" "
2026-08-14T13:22:43.129Z UPDATE docChanged chgCount=1838 isAutoApply=false paused=false pendingVerify=true isPending=true queued=true
2026-08-14T13:22:43.129Z   t0 change 1838->1838 | 1838->1839 | ins="a"
2026-08-14T13:22:43.289Z UPDATE docChanged chgCount=1839 isAutoApply=false paused=false pendingVerify=true isPending=true queued=true
2026-08-14T13:22:43.289Z   t0 change 1839->1839 | 1839->1840 | ins="n"
2026-08-14T13:22:43.436Z UPDATE docChanged chgCount=1840 isAutoApply=false paused=false pendingVerify=true isPending=true queued=true
2026-08-14T13:22:43.436Z   t0 change 1840->1840 | 1840->1841 | ins="d"
2026-08-14T13:22:43.496Z UPDATE docChanged chgCount=1841 isAutoApply=false paused=false pendingVerify=true isPending=true queued=true
2026-08-14T13:22:43.496Z   t0 change 1841->1841 | 1841->1842 | ins=" "
2026-08-14T13:22:45.085Z UPDATE docChanged chgCount=1842 isAutoApply=false paused=false pendingVerify=true isPending=true queued=true
2026-08-14T13:22:45.085Z   t0 change 1842->1842 | 1842->1843 | ins="c"
2026-08-14T13:22:45.308Z UPDATE docChanged chgCount=1843 isAutoApply=false paused=false pendingVerify=true isPending=true queued=true
2026-08-14T13:22:45.308Z   t0 change 1843->1843 | 1843->1844 | ins="r"
2026-08-14T13:22:45.392Z UPDATE docChanged chgCount=1844 isAutoApply=false paused=false pendingVerify=true isPending=true queued=true
2026-08-14T13:22:45.392Z   t0 change 1844->1844 | 1844->1845 | ins="e"
2026-08-14T13:22:45.444Z UPDATE docChanged chgCount=1845 isAutoApply=false paused=false pendingVerify=true isPending=true queued=true
2026-08-14T13:22:45.444Z   t0 change 1845->1845 | 1845->1846 | ins="a"
2026-08-14T13:22:45.587Z UPDATE docChanged chgCount=1846 isAutoApply=false paused=false pendingVerify=true isPending=true queued=true
2026-08-14T13:22:45.587Z   t0 change 1846->1846 | 1846->1847 | ins="t"
2026-08-14T13:22:45.593Z UPDATE docChanged chgCount=1847 isAutoApply=false paused=false pendingVerify=true isPending=true queued=true
2026-08-14T13:22:45.593Z   t0 change 1847->1847 | 1847->1848 | ins="i"
2026-08-14T13:22:45.817Z UPDATE docChanged chgCount=1848 isAutoApply=false paused=false pendingVerify=true isPending=true queued=true
2026-08-14T13:22:45.817Z   t0 change 1848->1848 | 1848->1849 | ins="n"
2026-08-14T13:22:45.889Z UPDATE docChanged chgCount=1849 isAutoApply=false paused=false pendingVerify=true isPending=true queued=true
2026-08-14T13:22:45.889Z   t0 change 1849->1849 | 1849->1850 | ins="g"
2026-08-14T13:22:45.969Z UPDATE docChanged chgCount=1850 isAutoApply=false paused=false pendingVerify=true isPending=true queued=true
2026-08-14T13:22:45.970Z   t0 change 1850->1850 | 1850->1851 | ins=" "
2026-08-14T13:22:46.341Z UPDATE docChanged chgCount=1851 isAutoApply=false paused=false pendingVerify=true isPending=true queued=true
2026-08-14T13:22:46.341Z   t0 change 1851->1851 | 1851->1852 | ins="a"
2026-08-14T13:22:46.437Z UPDATE docChanged chgCount=1852 isAutoApply=false paused=false pendingVerify=true isPending=true queued=true
2026-08-14T13:22:46.437Z   t0 change 1852->1852 | 1852->1853 | ins=" "
2026-08-14T13:22:46.712Z UPDATE docChanged chgCount=1853 isAutoApply=false paused=false pendingVerify=true isPending=true queued=true
2026-08-14T13:22:46.712Z   t0 change 1853->1853 | 1853->1854 | ins="p"
2026-08-14T13:22:46.832Z UPDATE docChanged chgCount=1854 isAutoApply=false paused=false pendingVerify=true isPending=true queued=true
2026-08-14T13:22:46.833Z   t0 change 1854->1854 | 1854->1855 | ins="e"
2026-08-14T13:22:46.916Z UPDATE docChanged chgCount=1855 isAutoApply=false paused=false pendingVerify=true isPending=true queued=true
2026-08-14T13:22:46.916Z   t0 change 1855->1855 | 1855->1856 | ins="r"
2026-08-14T13:22:47.162Z UPDATE docChanged chgCount=1856 isAutoApply=false paused=false pendingVerify=true isPending=true queued=true
2026-08-14T13:22:47.162Z   t0 change 1856->1856 | 1856->1857 | ins="f"
2026-08-14T13:22:47.281Z UPDATE docChanged chgCount=1857 isAutoApply=false paused=false pendingVerify=true isPending=true queued=true
2026-08-14T13:22:47.281Z   t0 change 1857->1857 | 1857->1858 | ins="e"
2026-08-14T13:22:47.432Z UPDATE docChanged chgCount=1858 isAutoApply=false paused=false pendingVerify=true isPending=true queued=true
2026-08-14T13:22:47.432Z   t0 change 1858->1858 | 1858->1859 | ins="c"
2026-08-14T13:22:47.658Z UPDATE docChanged chgCount=1859 isAutoApply=false paused=false pendingVerify=true isPending=true queued=false
2026-08-14T13:22:47.658Z   t0 change 1859->1859 | 1859->1860 | ins="t"
2026-08-14T13:22:47.747Z UPDATE docChanged chgCount=1860 isAutoApply=false paused=false pendingVerify=true isPending=true queued=false
2026-08-14T13:22:47.747Z   t0 change 1860->1860 | 1860->1861 | ins=" "
2026-08-14T13:22:47.891Z UPDATE docChanged chgCount=1861 isAutoApply=false paused=false pendingVerify=true isPending=true queued=false
2026-08-14T13:22:47.891Z   t0 change 1861->1861 | 1861->1862 | ins="s"
2026-08-14T13:22:48.008Z UPDATE docChanged chgCount=1862 isAutoApply=false paused=false pendingVerify=true isPending=true queued=false
2026-08-14T13:22:48.008Z   t0 change 1862->1862 | 1862->1863 | ins="e"
2026-08-14T13:22:48.189Z UPDATE docChanged chgCount=1863 isAutoApply=false paused=false pendingVerify=true isPending=true queued=false
2026-08-14T13:22:48.189Z   t0 change 1863->1863 | 1863->1864 | ins="n"
2026-08-14T13:22:48.333Z UPDATE docChanged chgCount=1864 isAutoApply=false paused=false pendingVerify=true isPending=true queued=false
2026-08-14T13:22:48.333Z   t0 change 1864->1864 | 1864->1865 | ins="t"
2026-08-14T13:22:48.440Z UPDATE docChanged chgCount=1865 isAutoApply=false paused=false pendingVerify=true isPending=true queued=false
2026-08-14T13:22:48.440Z   t0 change 1865->1865 | 1865->1866 | ins="n"
2026-08-14T13:22:48.513Z UPDATE docChanged chgCount=1866 isAutoApply=false paused=false pendingVerify=true isPending=true queued=false
2026-08-14T13:22:48.513Z   t0 change 1866->1866 | 1866->1867 | ins="e"
2026-08-14T13:22:48.693Z UPDATE docChanged chgCount=1867 isAutoApply=false paused=false pendingVerify=true isPending=true queued=false
2026-08-14T13:22:48.693Z   t0 change 1867->1867 | 1867->1868 | ins="c"
2026-08-14T13:22:48.833Z UPDATE docChanged chgCount=1868 isAutoApply=false paused=false pendingVerify=true isPending=true queued=false
2026-08-14T13:22:48.833Z   t0 change 1868->1868 | 1868->1869 | ins="e"
2026-08-14T13:22:48.965Z UPDATE docChanged chgCount=1869 isAutoApply=false paused=false pendingVerify=true isPending=true queued=false
2026-08-14T13:22:48.965Z   t0 change 1869->1869 | 1869->1870 | ins=" "
2026-08-14T13:22:49.404Z UPDATE docChanged chgCount=1870 isAutoApply=false paused=false pendingVerify=true isPending=true queued=false
2026-08-14T13:22:49.404Z   t0 change 1870->1870 | 1870->1871 | ins="a"
2026-08-14T13:22:49.588Z UPDATE docChanged chgCount=1871 isAutoApply=false paused=false pendingVerify=true isPending=true queued=false
2026-08-14T13:22:49.589Z   t0 change 1871->1871 | 1871->1872 | ins="t"
2026-08-14T13:22:49.661Z UPDATE docChanged chgCount=1872 isAutoApply=false paused=false pendingVerify=true isPending=true queued=false
2026-08-14T13:22:49.661Z   t0 change 1872->1872 | 1872->1873 | ins=" "
2026-08-14T13:22:49.765Z UPDATE docChanged chgCount=1873 isAutoApply=false paused=false pendingVerify=true isPending=true queued=false
2026-08-14T13:22:49.765Z   t0 change 1873->1873 | 1873->1874 | ins="t"
2026-08-14T13:22:49.849Z UPDATE docChanged chgCount=1874 isAutoApply=false paused=false pendingVerify=true isPending=true queued=false
2026-08-14T13:22:49.849Z   t0 change 1874->1874 | 1874->1875 | ins="h"
2026-08-14T13:22:49.884Z UPDATE docChanged chgCount=1875 isAutoApply=false paused=false pendingVerify=true isPending=true queued=false
2026-08-14T13:22:49.884Z   t0 change 1875->1875 | 1875->1876 | ins="e"
2026-08-14T13:22:50.121Z UPDATE docChanged chgCount=1876 isAutoApply=false paused=false pendingVerify=true isPending=true queued=false
2026-08-14T13:22:50.121Z   t0 change 1876->1876 | 1876->1877 | ins="e"
2026-08-14T13:22:50.189Z UPDATE docChanged chgCount=1877 isAutoApply=false paused=false pendingVerify=true isPending=true queued=false
2026-08-14T13:22:50.189Z   t0 change 1877->1877 | 1877->1878 | ins=" "
2026-08-14T13:22:50.773Z UPDATE docChanged chgCount=1878 isAutoApply=false paused=false pendingVerify=true isPending=true queued=false
2026-08-14T13:22:50.773Z   t0 change 1878->1878 | 1878->1879 | ins="n"
2026-08-14T13:22:51.152Z UPDATE docChanged chgCount=1879 isAutoApply=false paused=false pendingVerify=true isPending=true queued=false
2026-08-14T13:22:51.152Z   t0 change 1878->1879 | 1878->1878 | ins=""
2026-08-14T13:22:51.245Z UPDATE docChanged chgCount=1878 isAutoApply=false paused=false pendingVerify=true isPending=true queued=false
2026-08-14T13:22:51.245Z   t0 change 1878->1878 | 1878->1879 | ins="e"
2026-08-14T13:22:51.348Z UPDATE docChanged chgCount=1879 isAutoApply=false paused=false pendingVerify=true isPending=true queued=false
2026-08-14T13:22:51.349Z   t0 change 1879->1879 | 1879->1880 | ins="n"
2026-08-14T13:22:51.425Z UPDATE docChanged chgCount=1880 isAutoApply=false paused=false pendingVerify=true isPending=true queued=false
2026-08-14T13:22:51.425Z   t0 change 1880->1880 | 1880->1881 | ins="d"
2026-08-14T13:22:51.521Z UPDATE docChanged chgCount=1881 isAutoApply=false paused=false pendingVerify=true isPending=true queued=false
2026-08-14T13:22:51.521Z   t0 change 1881->1881 | 1881->1882 | ins=" "
2026-08-14T13:22:51.668Z UPDATE docChanged chgCount=1882 isAutoApply=false paused=false pendingVerify=true isPending=true queued=false
2026-08-14T13:22:51.669Z   t0 change 1882->1882 | 1882->1883 | ins="o"
2026-08-14T13:22:51.785Z UPDATE docChanged chgCount=1883 isAutoApply=false paused=false pendingVerify=true isPending=true queued=false
2026-08-14T13:22:51.785Z   t0 change 1883->1883 | 1883->1884 | ins="f"
2026-08-14T13:22:51.808Z UPDATE docChanged chgCount=1884 isAutoApply=false paused=false pendingVerify=true isPending=true queued=false
2026-08-14T13:22:51.808Z   t0 change 1884->1884 | 1884->1885 | ins=" "
2026-08-14T13:22:52.026Z UPDATE docChanged chgCount=1885 isAutoApply=false paused=false pendingVerify=true isPending=true queued=false
2026-08-14T13:22:52.026Z   t0 change 1885->1885 | 1885->1886 | ins="t"
2026-08-14T13:22:52.076Z UPDATE docChanged chgCount=1886 isAutoApply=false paused=false pendingVerify=true isPending=true queued=false
2026-08-14T13:22:52.076Z   t0 change 1886->1886 | 1886->1887 | ins="h"
2026-08-14T13:22:52.145Z UPDATE docChanged chgCount=1887 isAutoApply=false paused=false pendingVerify=true isPending=true queued=false
2026-08-14T13:22:52.145Z   t0 change 1887->1887 | 1887->1888 | ins="e"
2026-08-14T13:22:52.248Z UPDATE docChanged chgCount=1888 isAutoApply=false paused=false pendingVerify=true isPending=true queued=false
2026-08-14T13:22:52.248Z   t0 change 1888->1888 | 1888->1889 | ins=" "
2026-08-14T13:22:52.472Z UPDATE docChanged chgCount=1889 isAutoApply=false paused=false pendingVerify=true isPending=true queued=false
2026-08-14T13:22:52.472Z   t0 change 1889->1889 | 1889->1890 | ins="d"
2026-08-14T13:22:52.584Z UPDATE docChanged chgCount=1890 isAutoApply=false paused=false pendingVerify=true isPending=true queued=false
2026-08-14T13:22:52.584Z   t0 change 1890->1890 | 1890->1891 | ins="a"
2026-08-14T13:22:52.648Z UPDATE docChanged chgCount=1891 isAutoApply=false paused=false pendingVerify=true isPending=true queued=false
2026-08-14T13:22:52.648Z   t0 change 1891->1891 | 1891->1892 | ins="y"
2026-08-14T13:22:54.260Z UPDATE docChanged chgCount=1892 isAutoApply=false paused=false pendingVerify=true isPending=true queued=false
2026-08-14T13:22:54.260Z   t0 change 1892->1892 | 1892->1893 | ins="!"
2026-08-14T13:22:54.360Z   confirm FIRE ch=! pos=1892 span=[1803,1893) unit="Look at ti go - just pulsing awya and creating a perfect sentnece at thee end of the day!"
2026-08-14T13:22:54.365Z UPDATE docChanged chgCount=1893 isAutoApply=false paused=false pendingVerify=true isPending=true queued=true
2026-08-14T13:22:54.365Z   t0 change 1893->1893 | 1893->1894 | ins="?"
2026-08-14T13:22:54.465Z   confirm FIRE ch=? pos=1893 span=[1803,1894) unit="Look at ti go - just pulsing awya and creating a perfect sentnece at thee end of the day!?"
2026-08-14T13:22:54.759Z UPDATE docChanged chgCount=1894 isAutoApply=false paused=false pendingVerify=true isPending=true queued=true
2026-08-14T13:22:54.759Z   t0 change 1894->1894 | 1894->1895 | ins="\n"
2026-08-14T13:22:54.860Z   confirm FIRE ch=
 pos=1894 span=[1804,1894) unit="Look at ti go - just pulsing awya and creating a perfect sentnece at thee end of the day!?"
2026-08-14T13:22:57.449Z UPDATE docChanged chgCount=1895 isAutoApply=false paused=false pendingVerify=true isPending=true queued=true
2026-08-14T13:22:57.449Z   t0 change 1895->1895 | 1895->1896 | ins="I"
2026-08-14T13:22:57.633Z UPDATE docChanged chgCount=1896 isAutoApply=false paused=false pendingVerify=true isPending=true queued=true
2026-08-14T13:22:57.633Z   t0 change 1896->1896 | 1896->1897 | ins=" "
2026-08-14T13:22:57.749Z UPDATE docChanged chgCount=1897 isAutoApply=false paused=false pendingVerify=true isPending=true queued=true
2026-08-14T13:22:57.749Z   t0 change 1897->1897 | 1897->1898 | ins="g"
2026-08-14T13:22:57.833Z UPDATE docChanged chgCount=1898 isAutoApply=false paused=false pendingVerify=true isPending=true queued=true
2026-08-14T13:22:57.833Z   t0 change 1898->1898 | 1898->1899 | ins="u"
2026-08-14T13:22:57.952Z UPDATE docChanged chgCount=1899 isAutoApply=false paused=false pendingVerify=true isPending=true queued=true
2026-08-14T13:22:57.953Z   t0 change 1899->1899 | 1899->1900 | ins="e"
2026-08-14T13:22:58.145Z UPDATE docChanged chgCount=1900 isAutoApply=false paused=false pendingVerify=true isPending=true queued=true
2026-08-14T13:22:58.146Z   t0 change 1900->1900 | 1900->1901 | ins="s"
2026-08-14T13:22:58.297Z UPDATE docChanged chgCount=1901 isAutoApply=false paused=false pendingVerify=true isPending=true queued=true
2026-08-14T13:22:58.297Z   t0 change 1901->1901 | 1901->1902 | ins="s"
2026-08-14T13:22:58.385Z UPDATE docChanged chgCount=1902 isAutoApply=false paused=false pendingVerify=true isPending=true queued=true
2026-08-14T13:22:58.385Z   t0 change 1902->1902 | 1902->1903 | ins=" "
2026-08-14T13:22:58.516Z UPDATE docChanged chgCount=1903 isAutoApply=false paused=false pendingVerify=true isPending=true queued=true
2026-08-14T13:22:58.516Z   t0 change 1903->1903 | 1903->1904 | ins="i"
2026-08-14T13:22:58.577Z UPDATE docChanged chgCount=1904 isAutoApply=false paused=false pendingVerify=true isPending=true queued=true
2026-08-14T13:22:58.577Z   t0 change 1904->1904 | 1904->1905 | ins="f"
2026-08-14T13:22:58.681Z UPDATE docChanged chgCount=1905 isAutoApply=false paused=false pendingVerify=true isPending=true queued=true
2026-08-14T13:22:58.681Z   t0 change 1905->1905 | 1905->1906 | ins=" "
2026-08-14T13:22:58.792Z UPDATE docChanged chgCount=1906 isAutoApply=false paused=false pendingVerify=true isPending=true queued=true
2026-08-14T13:22:58.792Z   t0 change 1906->1906 | 1906->1907 | ins="i"
2026-08-14T13:22:58.901Z UPDATE docChanged chgCount=1907 isAutoApply=false paused=false pendingVerify=true isPending=true queued=true
2026-08-14T13:22:58.901Z   t0 change 1907->1907 | 1907->1908 | ins="t"
2026-08-14T13:22:58.957Z UPDATE docChanged chgCount=1908 isAutoApply=false paused=false pendingVerify=true isPending=true queued=true
2026-08-14T13:22:58.957Z   t0 change 1908->1908 | 1908->1909 | ins=" "
2026-08-14T13:22:59.185Z UPDATE docChanged chgCount=1909 isAutoApply=false paused=false pendingVerify=true isPending=true queued=true
2026-08-14T13:22:59.185Z   t0 change 1909->1909 | 1909->1910 | ins="e"
2026-08-14T13:22:59.557Z UPDATE docChanged chgCount=1910 isAutoApply=false paused=false pendingVerify=true isPending=true queued=true
2026-08-14T13:22:59.557Z   t0 change 1910->1910 | 1910->1911 | ins="v"
2026-08-14T13:22:59.624Z UPDATE docChanged chgCount=1911 isAutoApply=false paused=false pendingVerify=true isPending=true queued=true
2026-08-14T13:22:59.624Z   t0 change 1911->1911 | 1911->1912 | ins="e"
2026-08-14T13:22:59.709Z UPDATE docChanged chgCount=1912 isAutoApply=false paused=false pendingVerify=true isPending=true queued=true
2026-08-14T13:22:59.709Z   t0 change 1912->1912 | 1912->1913 | ins="r"
2026-08-14T13:22:59.834Z UPDATE docChanged chgCount=1913 isAutoApply=false paused=false pendingVerify=true isPending=true queued=true
2026-08-14T13:22:59.834Z   t0 change 1913->1913 | 1913->1914 | ins="y"
2026-08-14T13:22:59.940Z UPDATE docChanged chgCount=1914 isAutoApply=false paused=false pendingVerify=true isPending=true queued=true
2026-08-14T13:22:59.940Z   t0 change 1914->1914 | 1914->1915 | ins=" "
2026-08-14T13:23:00.235Z UPDATE docChanged chgCount=1915 isAutoApply=false paused=false pendingVerify=true isPending=true queued=true
2026-08-14T13:23:00.235Z   t0 change 1914->1915 | 1914->1914 | ins=""
2026-08-14T13:23:00.379Z UPDATE docChanged chgCount=1914 isAutoApply=false paused=false pendingVerify=true isPending=true queued=true
2026-08-14T13:23:00.380Z   t0 change 1913->1914 | 1913->1913 | ins=""
2026-08-14T13:23:00.468Z UPDATE docChanged chgCount=1913 isAutoApply=false paused=false pendingVerify=true isPending=true queued=true
2026-08-14T13:23:00.469Z   t0 change 1913->1913 | 1913->1914 | ins=" "
2026-08-14T13:23:00.573Z UPDATE docChanged chgCount=1914 isAutoApply=false paused=false pendingVerify=true isPending=true queued=true
2026-08-14T13:23:00.573Z   t0 change 1914->1914 | 1914->1915 | ins="f"
2026-08-14T13:23:00.657Z UPDATE docChanged chgCount=1915 isAutoApply=false paused=false pendingVerify=true isPending=true queued=true
2026-08-14T13:23:00.657Z   t0 change 1915->1915 | 1915->1916 | ins="i"
2026-08-14T13:23:00.729Z UPDATE docChanged chgCount=1916 isAutoApply=false paused=false pendingVerify=true isPending=true queued=true
2026-08-14T13:23:00.729Z   t0 change 1916->1916 | 1916->1917 | ins="n"
2026-08-14T13:23:00.889Z UPDATE docChanged chgCount=1917 isAutoApply=false paused=false pendingVerify=true isPending=true queued=true
2026-08-14T13:23:00.889Z   t0 change 1917->1917 | 1917->1918 | ins="i"
2026-08-14T13:23:00.996Z UPDATE docChanged chgCount=1918 isAutoApply=false paused=false pendingVerify=true isPending=true queued=true
2026-08-14T13:23:00.996Z   t0 change 1918->1918 | 1918->1919 | ins="s"
2026-08-14T13:23:01.092Z UPDATE docChanged chgCount=1919 isAutoApply=false paused=false pendingVerify=true isPending=true queued=true
2026-08-14T13:23:01.092Z   t0 change 1919->1919 | 1919->1920 | ins="h"
2026-08-14T13:23:01.211Z UPDATE docChanged chgCount=1920 isAutoApply=false paused=false pendingVerify=true isPending=true queued=true
2026-08-14T13:23:01.212Z   t0 change 1920->1920 | 1920->1921 | ins="e"
2026-08-14T13:23:01.313Z UPDATE docChanged chgCount=1921 isAutoApply=false paused=false pendingVerify=true isPending=true queued=true
2026-08-14T13:23:01.313Z   t0 change 1921->1921 | 1921->1922 | ins="s"
2026-08-14T13:23:01.441Z UPDATE docChanged chgCount=1922 isAutoApply=false paused=false pendingVerify=true isPending=true queued=true
2026-08-14T13:23:01.442Z   t0 change 1922->1922 | 1922->1923 | ins=" "
2026-08-14T13:23:01.617Z UPDATE docChanged chgCount=1923 isAutoApply=false paused=false pendingVerify=true isPending=true queued=true
2026-08-14T13:23:01.617Z   t0 change 1923->1923 | 1923->1924 | ins="t"
2026-08-14T13:23:01.701Z UPDATE docChanged chgCount=1924 isAutoApply=false paused=false pendingVerify=true isPending=true queued=true
2026-08-14T13:23:01.701Z   t0 change 1924->1924 | 1924->1925 | ins="h"
2026-08-14T13:23:01.793Z UPDATE docChanged chgCount=1925 isAutoApply=false paused=false pendingVerify=true isPending=true queued=true
2026-08-14T13:23:01.793Z   t0 change 1925->1925 | 1925->1926 | ins="a"
2026-08-14T13:23:01.924Z UPDATE docChanged chgCount=1926 isAutoApply=false paused=false pendingVerify=true isPending=true queued=true
2026-08-14T13:23:01.924Z   t0 change 1926->1926 | 1926->1927 | ins=" "
2026-08-14T13:23:01.936Z UPDATE docChanged chgCount=1927 isAutoApply=false paused=false pendingVerify=true isPending=true queued=true
2026-08-14T13:23:01.936Z   t0 change 1927->1927 | 1927->1928 | ins="t"
2026-08-14T13:23:02.881Z UPDATE docChanged chgCount=1928 isAutoApply=false paused=false pendingVerify=true isPending=true queued=false
2026-08-14T13:23:02.881Z   t0 change 1928->1928 | 1928->1929 | ins="r"
2026-08-14T13:23:02.977Z UPDATE docChanged chgCount=1929 isAutoApply=false paused=false pendingVerify=true isPending=true queued=false
2026-08-14T13:23:02.977Z   t0 change 1929->1929 | 1929->1930 | ins="u"
2026-08-14T13:23:03.065Z UPDATE docChanged chgCount=1930 isAutoApply=false paused=false pendingVerify=true isPending=true queued=false
2026-08-14T13:23:03.065Z   t0 change 1930->1930 | 1930->1931 | ins="n"
2026-08-14T13:23:03.168Z UPDATE docChanged chgCount=1931 isAutoApply=false paused=false pendingVerify=true isPending=true queued=false
2026-08-14T13:23:03.168Z   t0 change 1931->1931 | 1931->1932 | ins=" "
2026-08-14T13:23:03.541Z UPDATE docChanged chgCount=1932 isAutoApply=true paused=false pendingVerify=true isPending=true queued=false
2026-08-14T13:23:25.575Z UPDATE docChanged chgCount=1931 isAutoApply=false paused=false pendingVerify=true isPending=false queued=false
2026-08-14T13:23:25.575Z   t0 change 1931->1931 | 1931->1932 | ins="-"
2026-08-14T13:23:25.766Z UPDATE docChanged chgCount=1932 isAutoApply=false paused=false pendingVerify=true isPending=false queued=false
2026-08-14T13:23:25.766Z   t0 change 1932->1932 | 1932->1933 | ins=" "
2026-08-14T13:23:26.074Z UPDATE docChanged chgCount=1933 isAutoApply=false paused=false pendingVerify=true isPending=false queued=false
2026-08-14T13:23:26.074Z   t0 change 1933->1933 | 1933->1934 | ins="o"
2026-08-14T13:23:26.282Z UPDATE docChanged chgCount=1934 isAutoApply=false paused=false pendingVerify=true isPending=false queued=false
2026-08-14T13:23:26.282Z   t0 change 1934->1934 | 1934->1935 | ins="h"
2026-08-14T13:23:26.703Z UPDATE docChanged chgCount=1935 isAutoApply=false paused=false pendingVerify=true isPending=false queued=false
2026-08-14T13:23:26.704Z   t0 change 1935->1935 | 1935->1936 | ins=","
2026-08-14T13:23:26.875Z UPDATE docChanged chgCount=1936 isAutoApply=false paused=false pendingVerify=true isPending=false queued=false
2026-08-14T13:23:26.875Z   t0 change 1936->1936 | 1936->1937 | ins=" "
2026-08-14T13:23:27.803Z UPDATE docChanged chgCount=1937 isAutoApply=false paused=false pendingVerify=true isPending=false queued=false
2026-08-14T13:23:27.803Z   t0 change 1937->1937 | 1937->1938 | ins="t"
2026-08-14T13:23:28.231Z UPDATE docChanged chgCount=1938 isAutoApply=false paused=false pendingVerify=true isPending=false queued=false
2026-08-14T13:23:28.231Z   t0 change 1938->1938 | 1938->1939 | ins="h"
2026-08-14T13:23:28.330Z UPDATE docChanged chgCount=1939 isAutoApply=false paused=false pendingVerify=true isPending=false queued=false
2026-08-14T13:23:28.330Z   t0 change 1939->1939 | 1939->1940 | ins="a"
2026-08-14T13:23:28.446Z UPDATE docChanged chgCount=1940 isAutoApply=false paused=false pendingVerify=true isPending=false queued=false
2026-08-14T13:23:28.446Z   t0 change 1940->1940 | 1940->1941 | ins="t"
2026-08-14T13:23:28.503Z UPDATE docChanged chgCount=1941 isAutoApply=false paused=false pendingVerify=true isPending=false queued=false
2026-08-14T13:23:28.503Z   t0 change 1941->1941 | 1941->1942 | ins=" "
2026-08-14T13:23:28.634Z UPDATE docChanged chgCount=1942 isAutoApply=false paused=false pendingVerify=true isPending=false queued=false
2026-08-14T13:23:28.634Z   t0 change 1942->1942 | 1942->1943 | ins="o"
2026-08-14T13:23:28.727Z UPDATE docChanged chgCount=1943 isAutoApply=false paused=false pendingVerify=true isPending=false queued=false
2026-08-14T13:23:28.727Z   t0 change 1943->1943 | 1943->1944 | ins="n"
2026-08-14T13:23:28.798Z UPDATE docChanged chgCount=1944 isAutoApply=false paused=false pendingVerify=true isPending=false queued=false
2026-08-14T13:23:28.798Z   t0 change 1944->1944 | 1944->1945 | ins="e"
2026-08-14T13:23:28.859Z UPDATE docChanged chgCount=1945 isAutoApply=false paused=false pendingVerify=true isPending=false queued=false
2026-08-14T13:23:28.859Z   t0 change 1945->1945 | 1945->1946 | ins=" "
2026-08-14T13:23:29.022Z UPDATE docChanged chgCount=1946 isAutoApply=false paused=false pendingVerify=true isPending=false queued=false
2026-08-14T13:23:29.023Z   t0 change 1946->1946 | 1946->1947 | ins="d"
2026-08-14T13:23:29.087Z UPDATE docChanged chgCount=1947 isAutoApply=false paused=false pendingVerify=true isPending=false queued=false
2026-08-14T13:23:29.087Z   t0 change 1947->1947 | 1947->1948 | ins="i"
2026-08-14T13:23:29.182Z UPDATE docChanged chgCount=1948 isAutoApply=false paused=false pendingVerify=true isPending=false queued=false
2026-08-14T13:23:29.182Z   t0 change 1948->1948 | 1948->1949 | ins="d"
2026-08-14T13:23:29.406Z UPDATE docChanged chgCount=1949 isAutoApply=false paused=false pendingVerify=true isPending=false queued=false
2026-08-14T13:23:29.406Z   t0 change 1949->1949 | 1949->1950 | ins="n"
2026-08-14T13:23:29.558Z UPDATE docChanged chgCount=1950 isAutoApply=false paused=false pendingVerify=true isPending=false queued=false
2026-08-14T13:23:29.558Z   t0 change 1950->1950 | 1950->1951 | ins="t"
2026-08-14T13:23:29.611Z UPDATE docChanged chgCount=1951 isAutoApply=false paused=false pendingVerify=true isPending=false queued=false
2026-08-14T13:23:29.611Z   t0 change 1951->1951 | 1951->1952 | ins=" "
2026-08-14T13:23:29.863Z UPDATE docChanged chgCount=1952 isAutoApply=false paused=false pendingVerify=true isPending=false queued=false
2026-08-14T13:23:29.863Z   t0 change 1952->1952 | 1952->1953 | ins="r"
2026-08-14T13:23:29.950Z UPDATE docChanged chgCount=1953 isAutoApply=false paused=false pendingVerify=true isPending=false queued=false
2026-08-14T13:23:29.950Z   t0 change 1953->1953 | 1953->1954 | ins="u"
2026-08-14T13:23:29.990Z UPDATE docChanged chgCount=1954 isAutoApply=false paused=false pendingVerify=true isPending=false queued=false
2026-08-14T13:23:29.990Z   t0 change 1954->1954 | 1954->1955 | ins="n"
2026-08-14T13:23:30.134Z UPDATE docChanged chgCount=1955 isAutoApply=false paused=false pendingVerify=true isPending=false queued=false
2026-08-14T13:23:30.134Z   t0 change 1955->1955 | 1955->1956 | ins=" "
2026-08-14T13:23:30.702Z UPDATE docChanged chgCount=1956 isAutoApply=false paused=false pendingVerify=true isPending=false queued=false
2026-08-14T13:23:30.702Z   t0 change 1952->1956 | 1952->1952 | ins=""
2026-08-14T13:23:31.755Z UPDATE docChanged chgCount=1952 isAutoApply=false paused=false pendingVerify=true isPending=false queued=false
2026-08-14T13:23:31.755Z   t0 change 1946->1952 | 1946->1946 | ins=""
2026-08-14T13:23:32.055Z UPDATE docChanged chgCount=1946 isAutoApply=false paused=false pendingVerify=true isPending=false queued=false
2026-08-14T13:23:32.055Z   t0 change 1946->1946 | 1946->1947 | ins="w"
2026-08-14T13:23:32.119Z UPDATE docChanged chgCount=1947 isAutoApply=false paused=false pendingVerify=true isPending=false queued=false
2026-08-14T13:23:32.119Z   t0 change 1947->1947 | 1947->1948 | ins="a"
2026-08-14T13:23:32.286Z UPDATE docChanged chgCount=1948 isAutoApply=false paused=false pendingVerify=true isPending=false queued=false
2026-08-14T13:23:32.286Z   t0 change 1948->1948 | 1948->1949 | ins="s"
2026-08-14T13:23:32.378Z UPDATE docChanged chgCount=1949 isAutoApply=false paused=false pendingVerify=true isPending=false queued=false
2026-08-14T13:23:32.378Z   t0 change 1949->1949 | 1949->1950 | ins=" "
2026-08-14T13:23:32.522Z UPDATE docChanged chgCount=1950 isAutoApply=false paused=false pendingVerify=true isPending=false queued=false
2026-08-14T13:23:32.522Z   t0 change 1950->1950 | 1950->1951 | ins="a"
2026-08-14T13:23:32.595Z UPDATE docChanged chgCount=1951 isAutoApply=false paused=false pendingVerify=true isPending=false queued=false
2026-08-14T13:23:32.595Z   t0 change 1951->1951 | 1951->1952 | ins=" "
2026-08-14T13:23:33.022Z UPDATE docChanged chgCount=1952 isAutoApply=false paused=false pendingVerify=true isPending=false queued=false
2026-08-14T13:23:33.022Z   t0 change 1952->1952 | 1952->1953 | ins="n"
2026-08-14T13:23:33.111Z UPDATE docChanged chgCount=1953 isAutoApply=false paused=false pendingVerify=true isPending=false queued=false
2026-08-14T13:23:33.111Z   t0 change 1953->1953 | 1953->1954 | ins="o"
2026-08-14T13:23:33.390Z UPDATE docChanged chgCount=1954 isAutoApply=false paused=false pendingVerify=true isPending=false queued=false
2026-08-14T13:23:33.390Z   t0 change 1954->1954 | 1954->1955 | ins="-"
2026-08-14T13:23:33.638Z UPDATE docChanged chgCount=1955 isAutoApply=false paused=false pendingVerify=true isPending=false queued=false
2026-08-14T13:23:33.639Z   t0 change 1955->1955 | 1955->1956 | ins="o"
2026-08-14T13:23:33.755Z UPDATE docChanged chgCount=1956 isAutoApply=false paused=false pendingVerify=true isPending=false queued=false
2026-08-14T13:23:33.755Z   t0 change 1956->1956 | 1956->1957 | ins="p"
2026-08-14T13:23:34.058Z UPDATE docChanged chgCount=1957 isAutoApply=false paused=false pendingVerify=true isPending=false queued=false
2026-08-14T13:23:34.058Z   t0 change 1957->1957 | 1957->1958 | ins=" "
2026-08-14T13:23:34.487Z UPDATE docChanged chgCount=1958 isAutoApply=false paused=false pendingVerify=true isPending=false queued=false
2026-08-14T13:23:34.487Z   t0 change 1958->1958 | 1958->1959 | ins=":"
2026-08-14T13:23:34.735Z UPDATE docChanged chgCount=1959 isAutoApply=false paused=false pendingVerify=true isPending=false queued=false
2026-08-14T13:23:34.735Z   t0 change 1959->1959 | 1959->1961 | ins="()"
2026-08-14T13:23:34.737Z UPDATE docChanged chgCount=1961 isAutoApply=false paused=false pendingVerify=true isPending=false queued=false
2026-08-14T13:23:34.737Z   t0 change 1894->1961 | 1894->1962 | ins="I guess if it ever finishes tha trun - oh, that one was a no-op : ()"
2026-08-14T13:23:35.051Z UPDATE docChanged chgCount=1962 isAutoApply=false paused=false pendingVerify=true isPending=false queued=false
2026-08-14T13:23:35.051Z   t0 change 1961->1961 | 1961->1962 | ins="."
2026-08-14T13:23:35.151Z   confirm FIRE ch=. pos=1961 span=[1893,1963) unit="I guess if it ever finishes tha trun - oh, that one was a no-op : (.)"
2026-08-14T13:23:36.020Z UPDATE docChanged chgCount=1963 isAutoApply=false paused=false pendingVerify=true isPending=true queued=false
2026-08-14T13:23:36.020Z   t0 change 1962->1962 | 1962->1963 | ins="\n"
2026-08-14T13:23:36.120Z   confirm FIRE ch=
 pos=1962 span=[1894,1962) unit="I guess if it ever finishes tha trun - oh, that one was a no-op : (."
2026-08-14T13:23:36.808Z UPDATE docChanged chgCount=1964 isAutoApply=false paused=false pendingVerify=true isPending=true queued=true
2026-08-14T13:23:36.808Z   t0 change 1963->1964 | 1963->1963 | ins=""
2026-08-14T13:23:38.063Z UPDATE docChanged chgCount=1963 isAutoApply=true paused=false pendingVerify=true isPending=true queued=true
2026-08-14T13:23:51.396Z UPDATE docChanged chgCount=1964 isAutoApply=true paused=false pendingVerify=true isPending=true queued=false
2026-08-14T13:23:56.883Z UPDATE docChanged chgCount=1965 isAutoApply=false paused=false pendingVerify=true isPending=false queued=false
2026-08-14T13:23:56.883Z   t0 change 1965->1965 | 1965->1966 | ins="s"
2026-08-14T13:23:56.956Z UPDATE docChanged chgCount=1966 isAutoApply=false paused=false pendingVerify=true isPending=false queued=false
2026-08-14T13:23:56.956Z   t0 change 1966->1966 | 1966->1967 | ins="o"
2026-08-14T13:23:57.158Z UPDATE docChanged chgCount=1967 isAutoApply=false paused=false pendingVerify=true isPending=false queued=false
2026-08-14T13:23:57.159Z   t0 change 1967->1967 | 1967->1968 | ins=" "
2026-08-14T13:23:57.283Z UPDATE docChanged chgCount=1968 isAutoApply=false paused=false pendingVerify=true isPending=false queued=false
2026-08-14T13:23:57.283Z   t0 change 1968->1968 | 1968->1969 | ins="a"
2026-08-14T13:23:57.350Z UPDATE docChanged chgCount=1969 isAutoApply=false paused=false pendingVerify=true isPending=false queued=false
2026-08-14T13:23:57.350Z   t0 change 1969->1969 | 1969->1970 | ins=" "
2026-08-14T13:23:57.799Z UPDATE docChanged chgCount=1970 isAutoApply=false paused=false pendingVerify=true isPending=false queued=false
2026-08-14T13:23:57.799Z   t0 change 1970->1970 | 1970->1971 | ins="s"
2026-08-14T13:23:57.959Z UPDATE docChanged chgCount=1971 isAutoApply=false paused=false pendingVerify=true isPending=false queued=false
2026-08-14T13:23:57.959Z   t0 change 1971->1971 | 1971->1972 | ins="i"
2026-08-14T13:23:58.123Z UPDATE docChanged chgCount=1972 isAutoApply=false paused=false pendingVerify=true isPending=false queued=false
2026-08-14T13:23:58.123Z   t0 change 1972->1972 | 1972->1973 | ins="m"
2026-08-14T13:23:58.271Z UPDATE docChanged chgCount=1973 isAutoApply=false paused=false pendingVerify=true isPending=false queued=false
2026-08-14T13:23:58.271Z   t0 change 1973->1973 | 1973->1974 | ins="m"
2026-08-14T13:23:58.555Z UPDATE docChanged chgCount=1974 isAutoApply=false paused=false pendingVerify=true isPending=false queued=false
2026-08-14T13:23:58.555Z   t0 change 1974->1974 | 1974->1975 | ins="p"
2026-08-14T13:23:58.655Z UPDATE docChanged chgCount=1975 isAutoApply=false paused=false pendingVerify=true isPending=false queued=false
2026-08-14T13:23:58.655Z   t0 change 1975->1975 | 1975->1976 | ins="l"
2026-08-14T13:23:58.743Z UPDATE docChanged chgCount=1976 isAutoApply=false paused=false pendingVerify=true isPending=false queued=false
2026-08-14T13:23:58.743Z   t0 change 1976->1976 | 1976->1977 | ins="e"
2026-08-14T13:23:58.866Z UPDATE docChanged chgCount=1977 isAutoApply=false paused=false pendingVerify=true isPending=false queued=false
2026-08-14T13:23:58.866Z   t0 change 1977->1977 | 1977->1978 | ins=" "
2026-08-14T13:23:59.040Z UPDATE docChanged chgCount=1978 isAutoApply=false paused=false pendingVerify=true isPending=false queued=false
2026-08-14T13:23:59.040Z   t0 change 1978->1978 | 1978->1979 | ins="e"
2026-08-14T13:23:59.207Z UPDATE docChanged chgCount=1979 isAutoApply=false paused=false pendingVerify=true isPending=false queued=false
2026-08-14T13:23:59.207Z   t0 change 1979->1979 | 1979->1980 | ins="r"
2026-08-14T13:23:59.359Z UPDATE docChanged chgCount=1980 isAutoApply=false paused=false pendingVerify=true isPending=false queued=false
2026-08-14T13:23:59.360Z   t0 change 1980->1980 | 1980->1981 | ins="r"
2026-08-14T13:23:59.403Z UPDATE docChanged chgCount=1981 isAutoApply=false paused=false pendingVerify=true isPending=false queued=false
2026-08-14T13:23:59.403Z   t0 change 1981->1981 | 1981->1982 | ins="o"
2026-08-14T13:23:59.530Z UPDATE docChanged chgCount=1982 isAutoApply=false paused=false pendingVerify=true isPending=false queued=false
2026-08-14T13:23:59.530Z   t0 change 1982->1982 | 1982->1983 | ins="r"
2026-08-14T13:23:59.628Z UPDATE docChanged chgCount=1983 isAutoApply=false paused=false pendingVerify=true isPending=false queued=false
2026-08-14T13:23:59.628Z   t0 change 1983->1983 | 1983->1984 | ins=" "
2026-08-14T13:23:59.855Z UPDATE docChanged chgCount=1984 isAutoApply=false paused=false pendingVerify=true isPending=false queued=false
2026-08-14T13:23:59.855Z   t0 change 1984->1984 | 1984->1985 | ins="l"
2026-08-14T13:23:59.996Z UPDATE docChanged chgCount=1985 isAutoApply=false paused=false pendingVerify=true isPending=false queued=false
2026-08-14T13:23:59.996Z   t0 change 1985->1985 | 1985->1986 | ins="i"
2026-08-14T13:24:00.187Z UPDATE docChanged chgCount=1986 isAutoApply=false paused=false pendingVerify=true isPending=false queued=false
2026-08-14T13:24:00.188Z   t0 change 1986->1986 | 1986->1987 | ins="k"
2026-08-14T13:24:00.287Z UPDATE docChanged chgCount=1987 isAutoApply=false paused=false pendingVerify=true isPending=false queued=false
2026-08-14T13:24:00.287Z   t0 change 1987->1987 | 1987->1988 | ins="e"
2026-08-14T13:24:00.366Z UPDATE docChanged chgCount=1988 isAutoApply=false paused=false pendingVerify=true isPending=false queued=false
2026-08-14T13:24:00.366Z   t0 change 1988->1988 | 1988->1989 | ins=" "
2026-08-14T13:24:00.491Z UPDATE docChanged chgCount=1989 isAutoApply=false paused=false pendingVerify=true isPending=false queued=false
2026-08-14T13:24:00.491Z   t0 change 1989->1989 | 1989->1990 | ins="t"
2026-08-14T13:24:00.688Z UPDATE docChanged chgCount=1990 isAutoApply=false paused=false pendingVerify=true isPending=false queued=false
2026-08-14T13:24:00.688Z   t0 change 1990->1990 | 1990->1991 | ins="i"
2026-08-14T13:24:00.746Z UPDATE docChanged chgCount=1991 isAutoApply=false paused=false pendingVerify=true isPending=false queued=false
2026-08-14T13:24:00.747Z   t0 change 1991->1991 | 1991->1992 | ins="s"
2026-08-14T13:24:01.574Z UPDATE docChanged chgCount=1992 isAutoApply=false paused=false pendingVerify=true isPending=false queued=false
2026-08-14T13:24:01.574Z   t0 change 1991->1992 | 1991->1991 | ins=""
2026-08-14T13:24:01.746Z UPDATE docChanged chgCount=1991 isAutoApply=false paused=false pendingVerify=true isPending=false queued=false
2026-08-14T13:24:01.747Z   t0 change 1990->1991 | 1990->1990 | ins=""
2026-08-14T13:24:01.880Z UPDATE docChanged chgCount=1990 isAutoApply=false paused=false pendingVerify=true isPending=false queued=false
2026-08-14T13:24:01.880Z   t0 change 1990->1990 | 1990->1991 | ins="h"
2026-08-14T13:24:01.996Z UPDATE docChanged chgCount=1991 isAutoApply=false paused=false pendingVerify=true isPending=false queued=false
2026-08-14T13:24:01.996Z   t0 change 1991->1991 | 1991->1992 | ins="i"
2026-08-14T13:24:02.087Z UPDATE docChanged chgCount=1992 isAutoApply=false paused=false pendingVerify=true isPending=false queued=false
2026-08-14T13:24:02.087Z   t0 change 1992->1992 | 1992->1993 | ins="s"
2026-08-14T13:24:02.231Z UPDATE docChanged chgCount=1993 isAutoApply=false paused=false pendingVerify=true isPending=false queued=false
2026-08-14T13:24:02.231Z   t0 change 1993->1993 | 1993->1994 | ins=" "
2026-08-14T13:24:02.326Z UPDATE docChanged chgCount=1994 isAutoApply=false paused=false pendingVerify=true isPending=false queued=false
2026-08-14T13:24:02.326Z   t0 change 1994->1994 | 1994->1995 | ins="s"
2026-08-14T13:24:02.423Z UPDATE docChanged chgCount=1995 isAutoApply=false paused=false pendingVerify=true isPending=false queued=false
2026-08-14T13:24:02.423Z   t0 change 1995->1995 | 1995->1996 | ins="o"
2026-08-14T13:24:02.929Z UPDATE docChanged chgCount=1996 isAutoApply=false paused=false pendingVerify=true isPending=false queued=false
2026-08-14T13:24:02.929Z   t0 change 1995->1996 | 1995->1995 | ins=""
2026-08-14T13:24:03.079Z UPDATE docChanged chgCount=1995 isAutoApply=false paused=false pendingVerify=true isPending=false queued=false
2026-08-14T13:24:03.079Z   t0 change 1995->1995 | 1995->1996 | ins="h"
2026-08-14T13:24:03.255Z UPDATE docChanged chgCount=1996 isAutoApply=false paused=false pendingVerify=true isPending=false queued=false
2026-08-14T13:24:03.255Z   t0 change 1996->1996 | 1996->1997 | ins="o"
2026-08-14T13:24:03.298Z UPDATE docChanged chgCount=1997 isAutoApply=false paused=false pendingVerify=true isPending=false queued=false
2026-08-14T13:24:03.298Z   t0 change 1997->1997 | 1997->1998 | ins="u"
2026-08-14T13:24:03.536Z UPDATE docChanged chgCount=1998 isAutoApply=false paused=false pendingVerify=true isPending=false queued=false
2026-08-14T13:24:03.536Z   t0 change 1998->1998 | 1998->1999 | ins="l"
2026-08-14T13:24:03.631Z UPDATE docChanged chgCount=1999 isAutoApply=false paused=false pendingVerify=true isPending=false queued=false
2026-08-14T13:24:03.631Z   t0 change 1999->1999 | 1999->2000 | ins="d"
2026-08-14T13:24:03.746Z UPDATE docChanged chgCount=2000 isAutoApply=false paused=false pendingVerify=true isPending=false queued=false
2026-08-14T13:24:03.746Z   t0 change 2000->2000 | 2000->2001 | ins=" "
2026-08-14T13:24:03.907Z UPDATE docChanged chgCount=2001 isAutoApply=false paused=false pendingVerify=true isPending=false queued=false
2026-08-14T13:24:03.907Z   t0 change 2001->2001 | 2001->2002 | ins="b"
2026-08-14T13:24:03.995Z UPDATE docChanged chgCount=2002 isAutoApply=false paused=false pendingVerify=true isPending=false queued=false
2026-08-14T13:24:03.995Z   t0 change 2002->2002 | 2002->2003 | ins="e"
2026-08-14T13:24:04.090Z UPDATE docChanged chgCount=2003 isAutoApply=false paused=false pendingVerify=true isPending=false queued=false
2026-08-14T13:24:04.090Z   t0 change 2003->2003 | 2003->2004 | ins=" "
2026-08-14T13:24:04.211Z UPDATE docChanged chgCount=2004 isAutoApply=false paused=false pendingVerify=true isPending=false queued=false
2026-08-14T13:24:04.212Z   t0 change 2004->2004 | 2004->2005 | ins="f"
2026-08-14T13:24:04.274Z UPDATE docChanged chgCount=2005 isAutoApply=false paused=false pendingVerify=true isPending=false queued=false
2026-08-14T13:24:04.274Z   t0 change 2005->2005 | 2005->2006 | ins="i"
2026-08-14T13:24:04.404Z UPDATE docChanged chgCount=2006 isAutoApply=false paused=false pendingVerify=true isPending=false queued=false
2026-08-14T13:24:04.404Z   t0 change 2006->2006 | 2006->2007 | ins="x"
2026-08-14T13:24:04.599Z UPDATE docChanged chgCount=2007 isAutoApply=false paused=false pendingVerify=true isPending=false queued=false
2026-08-14T13:24:04.599Z   t0 change 2007->2007 | 2007->2008 | ins="a"
2026-08-14T13:24:04.658Z UPDATE docChanged chgCount=2008 isAutoApply=false paused=false pendingVerify=true isPending=false queued=false
2026-08-14T13:24:04.658Z   t0 change 2008->2008 | 2008->2009 | ins="b"
2026-08-14T13:24:04.750Z UPDATE docChanged chgCount=2009 isAutoApply=false paused=false pendingVerify=true isPending=false queued=false
2026-08-14T13:24:04.750Z   t0 change 2009->2009 | 2009->2010 | ins="l"
2026-08-14T13:24:04.835Z UPDATE docChanged chgCount=2010 isAutoApply=false paused=false pendingVerify=true isPending=false queued=false
2026-08-14T13:24:04.835Z   t0 change 2010->2010 | 2010->2011 | ins="e"
2026-08-14T13:24:04.991Z UPDATE docChanged chgCount=2011 isAutoApply=false paused=false pendingVerify=true isPending=false queued=false
2026-08-14T13:24:04.991Z   t0 change 2011->2011 | 2011->2012 | ins="."
2026-08-14T13:24:05.091Z   confirm FIRE ch=. pos=2011 span=[1963,2012) unit=")
so a simmple error like this should be fixable."
2026-08-14T13:24:05.163Z UPDATE docChanged chgCount=2012 isAutoApply=false paused=false pendingVerify=true isPending=true queued=false
2026-08-14T13:24:05.164Z   t0 change 2012->2012 | 2012->2013 | ins=" "
2026-08-14T13:24:06.039Z UPDATE docChanged chgCount=2013 isAutoApply=true paused=false pendingVerify=true isPending=true queued=false
2026-08-14T13:24:08.678Z UPDATE docChanged chgCount=2012 isAutoApply=false paused=false pendingVerify=true isPending=false queued=false
2026-08-14T13:24:08.679Z   t0 change 2012->2012 | 2012->2013 | ins="a"
2026-08-14T13:24:08.754Z UPDATE docChanged chgCount=2013 isAutoApply=false paused=false pendingVerify=true isPending=false queued=false
2026-08-14T13:24:08.754Z   t0 change 2013->2013 | 2013->2014 | ins="n"
2026-08-14T13:24:08.862Z UPDATE docChanged chgCount=2014 isAutoApply=false paused=false pendingVerify=true isPending=false queued=false
2026-08-14T13:24:08.862Z   t0 change 2014->2014 | 2014->2015 | ins="d"
2026-08-14T13:24:08.927Z UPDATE docChanged chgCount=2015 isAutoApply=false paused=false pendingVerify=true isPending=false queued=false
2026-08-14T13:24:08.927Z   t0 change 2015->2015 | 2015->2016 | ins=" "
2026-08-14T13:24:09.067Z UPDATE docChanged chgCount=2016 isAutoApply=false paused=false pendingVerify=true isPending=false queued=false
2026-08-14T13:24:09.068Z   t0 change 2016->2016 | 2016->2017 | ins="i"
2026-08-14T13:24:09.143Z UPDATE docChanged chgCount=2017 isAutoApply=false paused=false pendingVerify=true isPending=false queued=false
2026-08-14T13:24:09.143Z   t0 change 2017->2017 | 2017->2018 | ins="t"
2026-08-14T13:24:09.243Z UPDATE docChanged chgCount=2018 isAutoApply=false paused=false pendingVerify=true isPending=false queued=false
2026-08-14T13:24:09.243Z   t0 change 2018->2018 | 2018->2019 | ins=" "
2026-08-14T13:24:09.358Z UPDATE docChanged chgCount=2019 isAutoApply=false paused=false pendingVerify=true isPending=false queued=false
2026-08-14T13:24:09.358Z   t0 change 2019->2019 | 2019->2020 | ins="w"
2026-08-14T13:24:09.411Z UPDATE docChanged chgCount=2020 isAutoApply=false paused=false pendingVerify=true isPending=false queued=false
2026-08-14T13:24:09.411Z   t0 change 2020->2020 | 2020->2021 | ins="a"
2026-08-14T13:24:09.554Z UPDATE docChanged chgCount=2021 isAutoApply=false paused=false pendingVerify=true isPending=false queued=false
2026-08-14T13:24:09.554Z   t0 change 2021->2021 | 2021->2022 | ins="s"
2026-08-14T13:24:10.074Z UPDATE docChanged chgCount=2022 isAutoApply=false paused=false pendingVerify=true isPending=false queued=false
2026-08-14T13:24:10.074Z   t0 change 2022->2022 | 2022->2023 | ins=" "
2026-08-14T13:24:10.171Z UPDATE docChanged chgCount=2023 isAutoApply=false paused=false pendingVerify=true isPending=false queued=false
2026-08-14T13:24:10.171Z   t0 change 2023->2023 | 2023->2024 | ins="-"
2026-08-14T13:24:10.251Z UPDATE docChanged chgCount=2024 isAutoApply=false paused=false pendingVerify=true isPending=false queued=false
2026-08-14T13:24:10.251Z   t0 change 2024->2024 | 2024->2025 | ins=" "
2026-08-14T13:24:10.450Z UPDATE docChanged chgCount=2025 isAutoApply=false paused=false pendingVerify=true isPending=false queued=false
2026-08-14T13:24:10.450Z   t0 change 2025->2025 | 2025->2026 | ins="b"
2026-08-14T13:24:10.620Z UPDATE docChanged chgCount=2026 isAutoApply=false paused=false pendingVerify=true isPending=false queued=false
2026-08-14T13:24:10.620Z   t0 change 2026->2026 | 2026->2027 | ins="u"
2026-08-14T13:24:10.671Z UPDATE docChanged chgCount=2027 isAutoApply=false paused=false pendingVerify=true isPending=false queued=false
2026-08-14T13:24:10.671Z   t0 change 2027->2027 | 2027->2028 | ins="t"
2026-08-14T13:24:10.782Z UPDATE docChanged chgCount=2028 isAutoApply=false paused=false pendingVerify=true isPending=false queued=false
2026-08-14T13:24:10.782Z   t0 change 2028->2028 | 2028->2029 | ins=" "
2026-08-14T13:24:10.974Z UPDATE docChanged chgCount=2029 isAutoApply=false paused=false pendingVerify=true isPending=false queued=false
2026-08-14T13:24:10.974Z   t0 change 2029->2029 | 2029->2030 | ins="n"
2026-08-14T13:24:11.066Z UPDATE docChanged chgCount=2030 isAutoApply=false paused=false pendingVerify=true isPending=false queued=false
2026-08-14T13:24:11.066Z   t0 change 2030->2030 | 2030->2031 | ins="o"
2026-08-14T13:24:11.263Z UPDATE docChanged chgCount=2031 isAutoApply=false paused=false pendingVerify=true isPending=false queued=false
2026-08-14T13:24:11.263Z   t0 change 2031->2031 | 2031->2032 | ins=" "
2026-08-14T13:24:11.374Z UPDATE docChanged chgCount=2032 isAutoApply=false paused=false pendingVerify=true isPending=false queued=false
2026-08-14T13:24:11.374Z   t0 change 2032->2032 | 2032->2033 | ins="c"
2026-08-14T13:24:11.459Z UPDATE docChanged chgCount=2033 isAutoApply=false paused=false pendingVerify=true isPending=false queued=false
2026-08-14T13:24:11.459Z   t0 change 2033->2033 | 2033->2034 | ins="a"
2026-08-14T13:24:11.522Z UPDATE docChanged chgCount=2034 isAutoApply=false paused=false pendingVerify=true isPending=false queued=false
2026-08-14T13:24:11.523Z   t0 change 2034->2034 | 2034->2035 | ins="p"
2026-08-14T13:24:11.699Z UPDATE docChanged chgCount=2035 isAutoApply=false paused=false pendingVerify=true isPending=false queued=false
2026-08-14T13:24:11.699Z   t0 change 2035->2035 | 2035->2036 | ins="i"
2026-08-14T13:24:11.820Z UPDATE docChanged chgCount=2036 isAutoApply=false paused=false pendingVerify=true isPending=false queued=false
2026-08-14T13:24:11.820Z   t0 change 2036->2036 | 2036->2037 | ins="t"
2026-08-14T13:24:11.919Z UPDATE docChanged chgCount=2037 isAutoApply=false paused=false pendingVerify=true isPending=false queued=false
2026-08-14T13:24:11.919Z   t0 change 2037->2037 | 2037->2038 | ins="a"
2026-08-14T13:24:12.003Z UPDATE docChanged chgCount=2038 isAutoApply=false paused=false pendingVerify=true isPending=false queued=false
2026-08-14T13:24:12.003Z   t0 change 2038->2038 | 2038->2039 | ins="l"
2026-08-14T13:24:12.112Z UPDATE docChanged chgCount=2039 isAutoApply=false paused=false pendingVerify=true isPending=false queued=false
2026-08-14T13:24:12.112Z   t0 change 2039->2039 | 2039->2040 | ins="i"
2026-08-14T13:24:12.235Z UPDATE docChanged chgCount=2040 isAutoApply=false paused=false pendingVerify=true isPending=false queued=false
2026-08-14T13:24:12.235Z   t0 change 2040->2040 | 2040->2041 | ins="s"
2026-08-14T13:24:12.411Z UPDATE docChanged chgCount=2041 isAutoApply=false paused=false pendingVerify=true isPending=false queued=false
2026-08-14T13:24:12.411Z   t0 change 2041->2041 | 2041->2042 | ins="a"
2026-08-14T13:24:12.511Z UPDATE docChanged chgCount=2042 isAutoApply=false paused=false pendingVerify=true isPending=false queued=false
2026-08-14T13:24:12.511Z   t0 change 2042->2042 | 2042->2043 | ins="t"
2026-08-14T13:24:12.558Z UPDATE docChanged chgCount=2043 isAutoApply=false paused=false pendingVerify=true isPending=false queued=false
2026-08-14T13:24:12.559Z   t0 change 2043->2043 | 2043->2044 | ins="i"
2026-08-14T13:24:12.611Z UPDATE docChanged chgCount=2044 isAutoApply=false paused=false pendingVerify=true isPending=false queued=false
2026-08-14T13:24:12.611Z   t0 change 2044->2044 | 2044->2045 | ins="o"
2026-08-14T13:24:12.735Z UPDATE docChanged chgCount=2045 isAutoApply=false paused=false pendingVerify=true isPending=false queued=false
2026-08-14T13:24:12.735Z   t0 change 2045->2045 | 2045->2046 | ins="n"
2026-08-14T13:24:12.906Z UPDATE docChanged chgCount=2046 isAutoApply=false paused=false pendingVerify=true isPending=false queued=false
2026-08-14T13:24:12.906Z   t0 change 2046->2046 | 2046->2047 | ins=" "
2026-08-14T13:24:12.963Z UPDATE docChanged chgCount=2047 isAutoApply=false paused=false pendingVerify=true isPending=false queued=false
2026-08-14T13:24:12.963Z   t0 change 2047->2047 | 2047->2048 | ins="t"
2026-08-14T13:24:13.071Z UPDATE docChanged chgCount=2048 isAutoApply=false paused=false pendingVerify=true isPending=false queued=false
2026-08-14T13:24:13.071Z   t0 change 2048->2048 | 2048->2049 | ins="h"
2026-08-14T13:24:13.143Z UPDATE docChanged chgCount=2049 isAutoApply=false paused=false pendingVerify=true isPending=false queued=false
2026-08-14T13:24:13.143Z   t0 change 2049->2049 | 2049->2050 | ins="e"
2026-08-14T13:24:13.203Z UPDATE docChanged chgCount=2050 isAutoApply=false paused=false pendingVerify=true isPending=false queued=false
2026-08-14T13:24:13.203Z   t0 change 2050->2050 | 2050->2051 | ins="r"
2026-08-14T13:24:13.312Z UPDATE docChanged chgCount=2051 isAutoApply=false paused=false pendingVerify=true isPending=false queued=false
2026-08-14T13:24:13.312Z   t0 change 2051->2051 | 2051->2052 | ins="e"
2026-08-14T13:24:13.546Z UPDATE docChanged chgCount=2052 isAutoApply=false paused=false pendingVerify=true isPending=false queued=false
2026-08-14T13:24:13.547Z   t0 change 2052->2052 | 2052->2053 | ins="?"
2026-08-14T13:24:13.647Z   confirm FIRE ch=? pos=2052 span=[2011,2053) unit="and it was - but no capitalisation there?"
2026-08-14T13:24:13.791Z UPDATE docChanged chgCount=2053 isAutoApply=false paused=false pendingVerify=true isPending=true queued=false
2026-08-14T13:24:13.791Z   t0 change 2053->2053 | 2053->2054 | ins=" "
2026-08-14T13:24:14.254Z UPDATE docChanged chgCount=2054 isAutoApply=true paused=false pendingVerify=true isPending=true queued=false
2026-08-14T13:24:15.619Z UPDATE docChanged chgCount=2054 isAutoApply=false paused=false pendingVerify=true isPending=false queued=false
2026-08-14T13:24:15.619Z   t0 change 2054->2054 | 2054->2055 | ins="b"
2026-08-14T13:24:15.784Z UPDATE docChanged chgCount=2055 isAutoApply=false paused=false pendingVerify=true isPending=false queued=false
2026-08-14T13:24:15.784Z   t0 change 2055->2055 | 2055->2056 | ins="u"
2026-08-14T13:24:15.883Z UPDATE docChanged chgCount=2056 isAutoApply=false paused=false pendingVerify=true isPending=false queued=false
2026-08-14T13:24:15.883Z   t0 change 2056->2056 | 2056->2057 | ins="t"
2026-08-14T13:24:16.014Z UPDATE docChanged chgCount=2057 isAutoApply=false paused=false pendingVerify=true isPending=false queued=false
2026-08-14T13:24:16.014Z   t0 change 2057->2057 | 2057->2058 | ins=" "
2026-08-14T13:24:16.186Z UPDATE docChanged chgCount=2058 isAutoApply=false paused=false pendingVerify=true isPending=false queued=false
2026-08-14T13:24:16.187Z   t0 change 2058->2058 | 2058->2059 | ins="i"
2026-08-14T13:24:16.347Z UPDATE docChanged chgCount=2059 isAutoApply=false paused=false pendingVerify=true isPending=false queued=false
2026-08-14T13:24:16.347Z   t0 change 2059->2059 | 2059->2060 | ins=" "
2026-08-14T13:24:16.435Z UPDATE docChanged chgCount=2060 isAutoApply=false paused=false pendingVerify=true isPending=false queued=false
2026-08-14T13:24:16.435Z   t0 change 2060->2060 | 2060->2061 | ins="g"
2026-08-14T13:24:16.519Z UPDATE docChanged chgCount=2061 isAutoApply=false paused=false pendingVerify=true isPending=false queued=false
2026-08-14T13:24:16.520Z   t0 change 2061->2061 | 2061->2062 | ins="o"
2026-08-14T13:24:16.611Z UPDATE docChanged chgCount=2062 isAutoApply=false paused=false pendingVerify=true isPending=false queued=false
2026-08-14T13:24:16.611Z   t0 change 2062->2062 | 2062->2063 | ins="t"
2026-08-14T13:24:16.686Z UPDATE docChanged chgCount=2063 isAutoApply=false paused=false pendingVerify=true isPending=false queued=false
2026-08-14T13:24:16.686Z   t0 change 2063->2063 | 2063->2064 | ins=" "
2026-08-14T13:24:16.883Z UPDATE docChanged chgCount=2064 isAutoApply=false paused=false pendingVerify=true isPending=false queued=false
2026-08-14T13:24:16.883Z   t0 change 2064->2064 | 2064->2065 | ins="i"
2026-08-14T13:24:16.979Z UPDATE docChanged chgCount=2065 isAutoApply=false paused=false pendingVerify=true isPending=false queued=false
2026-08-14T13:24:16.979Z   t0 change 2065->2065 | 2065->2066 | ins="t"
2026-08-14T13:24:17.062Z UPDATE docChanged chgCount=2066 isAutoApply=false paused=false pendingVerify=true isPending=false queued=false
2026-08-14T13:24:17.062Z   t0 change 2066->2066 | 2066->2067 | ins=" "
2026-08-14T13:24:17.195Z UPDATE docChanged chgCount=2067 isAutoApply=false paused=false pendingVerify=true isPending=false queued=false
2026-08-14T13:24:17.195Z   t0 change 2067->2067 | 2067->2068 | ins="t"
2026-08-14T13:24:17.306Z UPDATE docChanged chgCount=2068 isAutoApply=false paused=false pendingVerify=true isPending=false queued=false
2026-08-14T13:24:17.306Z   t0 change 2068->2068 | 2068->2069 | ins="h"
2026-08-14T13:24:17.394Z UPDATE docChanged chgCount=2069 isAutoApply=false paused=false pendingVerify=true isPending=false queued=false
2026-08-14T13:24:17.394Z   t0 change 2069->2069 | 2069->2070 | ins="e"
2026-08-14T13:24:17.447Z UPDATE docChanged chgCount=2070 isAutoApply=false paused=false pendingVerify=true isPending=false queued=false
2026-08-14T13:24:17.447Z   t0 change 2070->2070 | 2070->2071 | ins="r"
2026-08-14T13:24:17.563Z UPDATE docChanged chgCount=2071 isAutoApply=false paused=false pendingVerify=true isPending=false queued=false
2026-08-14T13:24:17.563Z   t0 change 2071->2071 | 2071->2072 | ins="e"
2026-08-14T13:24:17.922Z UPDATE docChanged chgCount=2072 isAutoApply=false paused=false pendingVerify=true isPending=false queued=false
2026-08-14T13:24:17.922Z   t0 change 2072->2072 | 2072->2073 | ins=","
2026-08-14T13:24:18.062Z UPDATE docChanged chgCount=2073 isAutoApply=false paused=false pendingVerify=true isPending=false queued=false
2026-08-14T13:24:18.062Z   t0 change 2073->2073 | 2073->2074 | ins=" "
2026-08-14T13:24:18.307Z UPDATE docChanged chgCount=2074 isAutoApply=false paused=false pendingVerify=true isPending=false queued=false
2026-08-14T13:24:18.307Z   t0 change 2074->2074 | 2074->2075 | ins="h"
2026-08-14T13:24:18.399Z UPDATE docChanged chgCount=2075 isAutoApply=false paused=false pendingVerify=true isPending=false queued=false
2026-08-14T13:24:18.399Z   t0 change 2075->2075 | 2075->2076 | ins="m"
2026-08-14T13:24:18.555Z UPDATE docChanged chgCount=2076 isAutoApply=false paused=false pendingVerify=true isPending=false queued=false
2026-08-14T13:24:18.555Z   t0 change 2076->2076 | 2076->2077 | ins="m"
2026-08-14T13:24:18.879Z UPDATE docChanged chgCount=2077 isAutoApply=false paused=false pendingVerify=true isPending=false queued=false
2026-08-14T13:24:18.879Z   t0 change 2077->2077 | 2077->2078 | ins="."
2026-08-14T13:24:18.979Z   confirm FIRE ch=. pos=2077 span=[2053,2078) unit="but i got it there, hmm."
2026-08-14T13:24:19.055Z UPDATE docChanged chgCount=2078 isAutoApply=false paused=false pendingVerify=true isPending=true queued=false
2026-08-14T13:24:19.055Z   t0 change 2078->2078 | 2078->2079 | ins=" "
2026-08-14T13:24:19.489Z UPDATE docChanged chgCount=2079 isAutoApply=true paused=false pendingVerify=true isPending=true queued=false
2026-08-14T13:24:22.189Z UPDATE docChanged chgCount=2079 isAutoApply=false paused=false pendingVerify=true isPending=false queued=false
2026-08-14T13:24:22.189Z   t0 change 2079->2079 | 2079->2080 | ins="S"
2026-08-14T13:24:22.367Z UPDATE docChanged chgCount=2080 isAutoApply=false paused=false pendingVerify=true isPending=false queued=false
2026-08-14T13:24:22.367Z   t0 change 2080->2080 | 2080->2081 | ins="o"
2026-08-14T13:24:22.559Z UPDATE docChanged chgCount=2081 isAutoApply=false paused=false pendingVerify=true isPending=false queued=false
2026-08-14T13:24:22.559Z   t0 change 2081->2081 | 2081->2082 | ins=" "
2026-08-14T13:24:22.635Z UPDATE docChanged chgCount=2082 isAutoApply=false paused=false pendingVerify=true isPending=false queued=false
2026-08-14T13:24:22.635Z   t0 change 2082->2082 | 2082->2083 | ins="w"
2026-08-14T13:24:22.750Z UPDATE docChanged chgCount=2083 isAutoApply=false paused=false pendingVerify=true isPending=false queued=false
2026-08-14T13:24:22.750Z   t0 change 2083->2083 | 2083->2084 | ins="h"
2026-08-14T13:24:22.827Z UPDATE docChanged chgCount=2084 isAutoApply=false paused=false pendingVerify=true isPending=false queued=false
2026-08-14T13:24:22.827Z   t0 change 2084->2084 | 2084->2085 | ins="a"
2026-08-14T13:24:22.919Z UPDATE docChanged chgCount=2085 isAutoApply=false paused=false pendingVerify=true isPending=false queued=false
2026-08-14T13:24:22.919Z   t0 change 2085->2085 | 2085->2086 | ins="t"
2026-08-14T13:24:23.024Z UPDATE docChanged chgCount=2086 isAutoApply=false paused=false pendingVerify=true isPending=false queued=false
2026-08-14T13:24:23.024Z   t0 change 2086->2086 | 2086->2087 | ins="."
2026-08-14T13:24:23.124Z   confirm FIRE ch=. pos=2086 span=[2078,2087) unit="So what."
2026-08-14T13:24:23.191Z UPDATE docChanged chgCount=2087 isAutoApply=false paused=false pendingVerify=true isPending=true queued=false
2026-08-14T13:24:23.191Z   t0 change 2087->2087 | 2087->2088 | ins=" "
2026-08-14T13:24:26.749Z UPDATE docChanged chgCount=2088 isAutoApply=false paused=false pendingVerify=true isPending=true queued=false
2026-08-14T13:24:26.749Z   t0 change 2088->2088 | 2088->2089 | ins="s"
2026-08-14T13:24:26.938Z UPDATE docChanged chgCount=2089 isAutoApply=false paused=false pendingVerify=true isPending=true queued=false
2026-08-14T13:24:26.938Z   t0 change 2089->2089 | 2089->2090 | ins="e"
2026-08-14T13:24:27.066Z UPDATE docChanged chgCount=2090 isAutoApply=false paused=false pendingVerify=true isPending=true queued=false
2026-08-14T13:24:27.066Z   t0 change 2090->2090 | 2090->2091 | ins="e"
2026-08-14T13:24:27.158Z UPDATE docChanged chgCount=2091 isAutoApply=false paused=false pendingVerify=true isPending=true queued=false
2026-08-14T13:24:27.158Z   t0 change 2091->2091 | 2091->2092 | ins=" "
2026-08-14T13:24:27.269Z UPDATE docChanged chgCount=2092 isAutoApply=false paused=false pendingVerify=true isPending=true queued=false
2026-08-14T13:24:27.269Z   t0 change 2092->2092 | 2092->2093 | ins="t"
2026-08-14T13:24:27.354Z UPDATE docChanged chgCount=2093 isAutoApply=false paused=false pendingVerify=true isPending=true queued=false
2026-08-14T13:24:27.354Z   t0 change 2093->2093 | 2093->2094 | ins="h"
2026-08-14T13:24:27.409Z UPDATE docChanged chgCount=2094 isAutoApply=false paused=false pendingVerify=true isPending=true queued=false
2026-08-14T13:24:27.409Z   t0 change 2094->2094 | 2094->2095 | ins="a"
2026-08-14T13:24:27.509Z UPDATE docChanged chgCount=2095 isAutoApply=false paused=false pendingVerify=true isPending=true queued=false
2026-08-14T13:24:27.509Z   t0 change 2095->2095 | 2095->2096 | ins="t"
2026-08-14T13:24:27.645Z UPDATE docChanged chgCount=2096 isAutoApply=false paused=false pendingVerify=true isPending=true queued=false
2026-08-14T13:24:27.645Z   t0 change 2096->2096 | 2096->2097 | ins="s"
2026-08-14T13:24:27.746Z UPDATE docChanged chgCount=2097 isAutoApply=false paused=false pendingVerify=true isPending=true queued=false
2026-08-14T13:24:27.746Z   t0 change 2097->2097 | 2097->2098 | ins=" "
2026-08-14T13:24:27.873Z UPDATE docChanged chgCount=2098 isAutoApply=false paused=false pendingVerify=true isPending=true queued=false
2026-08-14T13:24:27.873Z   t0 change 2098->2098 | 2098->2099 | ins="t"
2026-08-14T13:24:27.978Z UPDATE docChanged chgCount=2099 isAutoApply=false paused=false pendingVerify=true isPending=true queued=false
2026-08-14T13:24:27.978Z   t0 change 2099->2099 | 2099->2100 | ins="h"
2026-08-14T13:24:28.086Z UPDATE docChanged chgCount=2100 isAutoApply=false paused=false pendingVerify=true isPending=true queued=false
2026-08-14T13:24:28.086Z   t0 change 2100->2100 | 2100->2101 | ins="e"
2026-08-14T13:24:28.192Z UPDATE docChanged chgCount=2101 isAutoApply=false paused=false pendingVerify=true isPending=true queued=false
2026-08-14T13:24:28.192Z   t0 change 2101->2101 | 2101->2102 | ins=" "
2026-08-14T13:24:28.366Z UPDATE docChanged chgCount=2102 isAutoApply=false paused=false pendingVerify=true isPending=true queued=false
2026-08-14T13:24:28.366Z   t0 change 2102->2102 | 2102->2103 | ins="i"
2026-08-14T13:24:28.493Z UPDATE docChanged chgCount=2103 isAutoApply=false paused=false pendingVerify=true isPending=true queued=false
2026-08-14T13:24:28.493Z   t0 change 2103->2103 | 2103->2104 | ins="s"
2026-08-14T13:24:28.645Z UPDATE docChanged chgCount=2104 isAutoApply=false paused=false pendingVerify=true isPending=true queued=false
2026-08-14T13:24:28.645Z   t0 change 2104->2104 | 2104->2105 | ins="s"
2026-08-14T13:24:28.771Z UPDATE docChanged chgCount=2105 isAutoApply=false paused=false pendingVerify=true isPending=true queued=false
2026-08-14T13:24:28.771Z   t0 change 2105->2105 | 2105->2106 | ins="u"
2026-08-14T13:24:28.870Z UPDATE docChanged chgCount=2106 isAutoApply=false paused=false pendingVerify=true isPending=true queued=false
2026-08-14T13:24:28.870Z   t0 change 2106->2106 | 2106->2107 | ins="e"
2026-08-14T13:24:29.076Z UPDATE docChanged chgCount=2107 isAutoApply=false paused=false pendingVerify=true isPending=true queued=false
2026-08-14T13:24:29.076Z   t0 change 2107->2107 | 2107->2108 | ins=" "
2026-08-14T13:24:29.157Z UPDATE docChanged chgCount=2108 isAutoApply=false paused=false pendingVerify=true isPending=true queued=false
2026-08-14T13:24:29.158Z   t0 change 2108->2108 | 2108->2109 | ins="-"
2026-08-14T13:24:29.253Z UPDATE docChanged chgCount=2109 isAutoApply=false paused=false pendingVerify=true isPending=true queued=false
2026-08-14T13:24:29.254Z   t0 change 2109->2109 | 2109->2110 | ins=" "
2026-08-14T13:24:32.258Z UPDATE docChanged chgCount=2110 isAutoApply=false paused=false pendingVerify=true isPending=true queued=false
2026-08-14T13:24:32.258Z   t0 change 2110->2110 | 2110->2111 | ins="e"
2026-08-14T13:24:32.573Z UPDATE docChanged chgCount=2111 isAutoApply=false paused=false pendingVerify=true isPending=true queued=false
2026-08-14T13:24:32.573Z   t0 change 2111->2111 | 2111->2112 | ins="v"
2026-08-14T13:24:32.689Z UPDATE docChanged chgCount=2112 isAutoApply=false paused=false pendingVerify=true isPending=true queued=false
2026-08-14T13:24:32.690Z   t0 change 2112->2112 | 2112->2113 | ins="e"
2026-08-14T13:24:32.769Z UPDATE docChanged chgCount=2113 isAutoApply=false paused=false pendingVerify=true isPending=true queued=false
2026-08-14T13:24:32.770Z   t0 change 2113->2113 | 2113->2114 | ins="r"
2026-08-14T13:24:32.865Z UPDATE docChanged chgCount=2114 isAutoApply=false paused=false pendingVerify=true isPending=true queued=false
2026-08-14T13:24:32.865Z   t0 change 2114->2114 | 2114->2115 | ins="y"
2026-08-14T13:24:33.055Z UPDATE docChanged chgCount=2115 isAutoApply=false paused=false pendingVerify=true isPending=true queued=false
2026-08-14T13:24:33.055Z   t0 change 2115->2115 | 2115->2116 | ins=" "
2026-08-14T13:24:33.158Z UPDATE docChanged chgCount=2116 isAutoApply=false paused=false pendingVerify=true isPending=true queued=false
2026-08-14T13:24:33.158Z   t0 change 2116->2116 | 2116->2117 | ins="t"
2026-08-14T13:24:33.256Z UPDATE docChanged chgCount=2117 isAutoApply=false paused=false pendingVerify=true isPending=true queued=false
2026-08-14T13:24:33.256Z   t0 change 2117->2117 | 2117->2118 | ins="i"
2026-08-14T13:24:33.334Z UPDATE docChanged chgCount=2118 isAutoApply=false paused=false pendingVerify=true isPending=true queued=false
2026-08-14T13:24:33.334Z   t0 change 2118->2118 | 2118->2119 | ins="m"
2026-08-14T13:24:33.388Z UPDATE docChanged chgCount=2119 isAutoApply=false paused=false pendingVerify=true isPending=true queued=false
2026-08-14T13:24:33.388Z   t0 change 2119->2119 | 2119->2120 | ins="e"
2026-08-14T13:24:33.540Z UPDATE docChanged chgCount=2120 isAutoApply=false paused=false pendingVerify=true isPending=true queued=false
2026-08-14T13:24:33.540Z   t0 change 2120->2120 | 2120->2121 | ins=" "
2026-08-14T13:24:33.732Z UPDATE docChanged chgCount=2121 isAutoApply=false paused=false pendingVerify=true isPending=true queued=false
2026-08-14T13:24:33.732Z   t0 change 2121->2121 | 2121->2122 | ins="i"
2026-08-14T13:24:33.896Z UPDATE docChanged chgCount=2122 isAutoApply=false paused=false pendingVerify=true isPending=true queued=false
2026-08-14T13:24:33.896Z   t0 change 2122->2122 | 2122->2123 | ins=" "
2026-08-14T13:24:34.158Z UPDATE docChanged chgCount=2123 isAutoApply=false paused=false pendingVerify=true isPending=true queued=false
2026-08-14T13:24:34.158Z   t0 change 2123->2123 | 2123->2124 | ins="t"
2026-08-14T13:24:34.417Z UPDATE docChanged chgCount=2124 isAutoApply=false paused=false pendingVerify=true isPending=true queued=false
2026-08-14T13:24:34.417Z   t0 change 2124->2124 | 2124->2125 | ins="y"
2026-08-14T13:24:34.510Z UPDATE docChanged chgCount=2125 isAutoApply=false paused=false pendingVerify=true isPending=true queued=false
2026-08-14T13:24:34.510Z   t0 change 2125->2125 | 2125->2126 | ins="p"
2026-08-14T13:24:34.677Z UPDATE docChanged chgCount=2126 isAutoApply=false paused=false pendingVerify=true isPending=true queued=false
2026-08-14T13:24:34.677Z   t0 change 2126->2126 | 2126->2127 | ins="e"
2026-08-14T13:24:34.726Z UPDATE docChanged chgCount=2127 isAutoApply=false paused=false pendingVerify=true isPending=true queued=false
2026-08-14T13:24:34.726Z   t0 change 2127->2127 | 2127->2128 | ins=" "
2026-08-14T13:24:34.892Z UPDATE docChanged chgCount=2128 isAutoApply=false paused=false pendingVerify=true isPending=true queued=false
2026-08-14T13:24:34.892Z   t0 change 2128->2128 | 2128->2129 | ins="a"
2026-08-14T13:24:34.921Z UPDATE docChanged chgCount=2129 isAutoApply=false paused=false pendingVerify=true isPending=true queued=false
2026-08-14T13:24:34.921Z   t0 change 2129->2129 | 2129->2130 | ins=" "
2026-08-14T13:24:35.076Z UPDATE docChanged chgCount=2130 isAutoApply=true paused=false pendingVerify=true isPending=true queued=false
2026-08-14T13:24:35.115Z UPDATE docChanged chgCount=2131 isAutoApply=false paused=false pendingVerify=true isPending=false queued=false
2026-08-14T13:24:35.115Z   t0 change 2131->2131 | 2131->2132 | ins="c"
2026-08-14T13:24:35.167Z UPDATE docChanged chgCount=2132 isAutoApply=false paused=false pendingVerify=true isPending=false queued=false
2026-08-14T13:24:35.167Z   t0 change 2132->2132 | 2132->2133 | ins="o"
2026-08-14T13:24:35.402Z UPDATE docChanged chgCount=2133 isAutoApply=false paused=false pendingVerify=true isPending=false queued=false
2026-08-14T13:24:35.403Z   t0 change 2133->2133 | 2133->2134 | ins="r"
2026-08-14T13:24:35.563Z UPDATE docChanged chgCount=2134 isAutoApply=false paused=false pendingVerify=true isPending=false queued=false
2026-08-14T13:24:35.563Z   t0 change 2134->2134 | 2134->2135 | ins="r"
2026-08-14T13:24:35.751Z UPDATE docChanged chgCount=2135 isAutoApply=false paused=false pendingVerify=true isPending=false queued=false
2026-08-14T13:24:35.751Z   t0 change 2135->2135 | 2135->2136 | ins="e"
2026-08-14T13:24:35.844Z UPDATE docChanged chgCount=2136 isAutoApply=false paused=false pendingVerify=true isPending=false queued=false
2026-08-14T13:24:35.844Z   t0 change 2136->2136 | 2136->2137 | ins="c"
2026-08-14T13:24:36.036Z UPDATE docChanged chgCount=2137 isAutoApply=false paused=false pendingVerify=true isPending=false queued=false
2026-08-14T13:24:36.036Z   t0 change 2137->2137 | 2137->2138 | ins="t"
2026-08-14T13:24:36.098Z UPDATE docChanged chgCount=2138 isAutoApply=false paused=false pendingVerify=true isPending=false queued=false
2026-08-14T13:24:36.098Z   t0 change 2138->2138 | 2138->2139 | ins=" "
2026-08-14T13:24:36.270Z UPDATE docChanged chgCount=2139 isAutoApply=false paused=false pendingVerify=true isPending=false queued=false
2026-08-14T13:24:36.270Z   t0 change 2139->2139 | 2139->2140 | ins="s"
2026-08-14T13:24:36.435Z UPDATE docChanged chgCount=2140 isAutoApply=false paused=false pendingVerify=true isPending=false queued=false
2026-08-14T13:24:36.435Z   t0 change 2140->2140 | 2140->2141 | ins="e"
2026-08-14T13:24:36.567Z UPDATE docChanged chgCount=2141 isAutoApply=false paused=false pendingVerify=true isPending=false queued=false
2026-08-14T13:24:36.568Z   t0 change 2141->2141 | 2141->2142 | ins="n"
2026-08-14T13:24:36.691Z UPDATE docChanged chgCount=2142 isAutoApply=false paused=false pendingVerify=true isPending=false queued=false
2026-08-14T13:24:36.691Z   t0 change 2142->2142 | 2142->2143 | ins="t"
2026-08-14T13:24:37.031Z UPDATE docChanged chgCount=2143 isAutoApply=false paused=false pendingVerify=true isPending=false queued=false
2026-08-14T13:24:37.031Z   t0 change 2143->2143 | 2143->2144 | ins="e"
2026-08-14T13:24:37.111Z UPDATE docChanged chgCount=2144 isAutoApply=false paused=false pendingVerify=true isPending=false queued=false
2026-08-14T13:24:37.111Z   t0 change 2144->2144 | 2144->2145 | ins="n"
2026-08-14T13:24:37.243Z UPDATE docChanged chgCount=2145 isAutoApply=false paused=false pendingVerify=true isPending=false queued=false
2026-08-14T13:24:37.243Z   t0 change 2145->2145 | 2145->2146 | ins="c"
2026-08-14T13:24:37.339Z UPDATE docChanged chgCount=2146 isAutoApply=false paused=false pendingVerify=true isPending=false queued=false
2026-08-14T13:24:37.339Z   t0 change 2146->2146 | 2146->2147 | ins="e"
2026-08-14T13:24:37.374Z UPDATE docChanged chgCount=2147 isAutoApply=false paused=false pendingVerify=true isPending=false queued=false
2026-08-14T13:24:37.374Z   t0 change 2147->2147 | 2147->2148 | ins=" "
2026-08-14T13:24:37.566Z UPDATE docChanged chgCount=2148 isAutoApply=false paused=false pendingVerify=true isPending=false queued=false
2026-08-14T13:24:37.566Z   t0 change 2148->2148 | 2148->2149 | ins="n"
2026-08-14T13:24:37.736Z UPDATE docChanged chgCount=2149 isAutoApply=false paused=false pendingVerify=true isPending=false queued=false
2026-08-14T13:24:37.736Z   t0 change 2149->2149 | 2149->2150 | ins="o"
2026-08-14T13:24:37.935Z UPDATE docChanged chgCount=2150 isAutoApply=false paused=false pendingVerify=true isPending=false queued=false
2026-08-14T13:24:37.935Z   t0 change 2150->2150 | 2150->2151 | ins=" "
2026-08-14T13:24:38.370Z UPDATE docChanged chgCount=2151 isAutoApply=false paused=false pendingVerify=true isPending=false queued=false
2026-08-14T13:24:38.370Z   t0 change 2150->2151 | 2150->2150 | ins=""
2026-08-14T13:24:38.474Z UPDATE docChanged chgCount=2150 isAutoApply=false paused=false pendingVerify=true isPending=false queued=false
2026-08-14T13:24:38.474Z   t0 change 2150->2150 | 2150->2151 | ins="w"
2026-08-14T13:24:38.631Z UPDATE docChanged chgCount=2151 isAutoApply=false paused=false pendingVerify=true isPending=false queued=false
2026-08-14T13:24:38.631Z   t0 change 2151->2151 | 2151->2152 | ins=" "
2026-08-14T13:24:38.799Z UPDATE docChanged chgCount=2152 isAutoApply=false paused=false pendingVerify=true isPending=false queued=false
2026-08-14T13:24:38.799Z   t0 change 2152->2152 | 2152->2153 | ins="i"
2026-08-14T13:24:38.895Z UPDATE docChanged chgCount=2153 isAutoApply=false paused=false pendingVerify=true isPending=false queued=false
2026-08-14T13:24:38.895Z   t0 change 2153->2153 | 2153->2154 | ins="t"
2026-08-14T13:24:38.990Z UPDATE docChanged chgCount=2154 isAutoApply=false paused=false pendingVerify=true isPending=false queued=false
2026-08-14T13:24:38.990Z   t0 change 2154->2154 | 2154->2155 | ins=" "
2026-08-14T13:24:39.114Z UPDATE docChanged chgCount=2155 isAutoApply=false paused=false pendingVerify=true isPending=false queued=false
2026-08-14T13:24:39.114Z   t0 change 2155->2155 | 2155->2156 | ins="a"
2026-08-14T13:24:39.211Z UPDATE docChanged chgCount=2156 isAutoApply=false paused=false pendingVerify=true isPending=false queued=false
2026-08-14T13:24:39.211Z   t0 change 2156->2156 | 2156->2157 | ins="c"
2026-08-14T13:24:39.431Z UPDATE docChanged chgCount=2157 isAutoApply=false paused=false pendingVerify=true isPending=false queued=false
2026-08-14T13:24:39.431Z   t0 change 2157->2157 | 2157->2158 | ins="t"
2026-08-14T13:24:39.515Z UPDATE docChanged chgCount=2158 isAutoApply=false paused=false pendingVerify=true isPending=false queued=false
2026-08-14T13:24:39.515Z   t0 change 2158->2158 | 2158->2159 | ins="u"
2026-08-14T13:24:39.674Z UPDATE docChanged chgCount=2159 isAutoApply=false paused=false pendingVerify=true isPending=false queued=false
2026-08-14T13:24:39.674Z   t0 change 2159->2159 | 2159->2160 | ins="a"
2026-08-14T13:24:39.736Z UPDATE docChanged chgCount=2160 isAutoApply=false paused=false pendingVerify=true isPending=false queued=false
2026-08-14T13:24:39.736Z   t0 change 2160->2160 | 2160->2161 | ins="l"
2026-08-14T13:24:39.858Z UPDATE docChanged chgCount=2161 isAutoApply=false paused=false pendingVerify=true isPending=false queued=false
2026-08-14T13:24:39.858Z   t0 change 2161->2161 | 2161->2162 | ins="l"
2026-08-14T13:24:40.020Z UPDATE docChanged chgCount=2162 isAutoApply=false paused=false pendingVerify=true isPending=false queued=false
2026-08-14T13:24:40.020Z   t0 change 2162->2162 | 2162->2163 | ins=" "
2026-08-14T13:24:41.359Z UPDATE docChanged chgCount=2163 isAutoApply=false paused=false pendingVerify=true isPending=false queued=false
2026-08-14T13:24:41.359Z   t0 change 2163->2163 | 2163->2164 | ins="y"
2026-08-14T13:24:41.534Z UPDATE docChanged chgCount=2164 isAutoApply=false paused=false pendingVerify=true isPending=false queued=false
2026-08-14T13:24:41.534Z   t0 change 2164->2164 | 2164->2165 | ins=" "
2026-08-14T13:24:41.796Z UPDATE docChanged chgCount=2165 isAutoApply=false paused=false pendingVerify=true isPending=false queued=false
2026-08-14T13:24:41.796Z   t0 change 2165->2165 | 2165->2166 | ins="d"
2026-08-14T13:24:41.874Z UPDATE docChanged chgCount=2166 isAutoApply=false paused=false pendingVerify=true isPending=false queued=false
2026-08-14T13:24:41.874Z   t0 change 2166->2166 | 2166->2167 | ins="o"
2026-08-14T13:24:41.979Z UPDATE docChanged chgCount=2167 isAutoApply=false paused=false pendingVerify=true isPending=false queued=false
2026-08-14T13:24:41.979Z   t0 change 2167->2167 | 2167->2168 | ins="e"
2026-08-14T13:24:42.051Z UPDATE docChanged chgCount=2168 isAutoApply=false paused=false pendingVerify=true isPending=false queued=false
2026-08-14T13:24:42.051Z   t0 change 2168->2168 | 2168->2169 | ins="s"
2026-08-14T13:24:42.111Z UPDATE docChanged chgCount=2169 isAutoApply=false paused=false pendingVerify=true isPending=false queued=false
2026-08-14T13:24:42.111Z   t0 change 2169->2169 | 2169->2170 | ins=" "
2026-08-14T13:24:42.287Z UPDATE docChanged chgCount=2170 isAutoApply=false paused=false pendingVerify=true isPending=false queued=false
2026-08-14T13:24:42.288Z   t0 change 2170->2170 | 2170->2171 | ins="w"
2026-08-14T13:24:42.482Z UPDATE docChanged chgCount=2171 isAutoApply=false paused=false pendingVerify=true isPending=false queued=false
2026-08-14T13:24:42.482Z   t0 change 2171->2171 | 2171->2172 | ins="o"
2026-08-14T13:24:42.655Z UPDATE docChanged chgCount=2172 isAutoApply=false paused=false pendingVerify=true isPending=false queued=false
2026-08-14T13:24:42.655Z   t0 change 2172->2172 | 2172->2173 | ins="r"
2026-08-14T13:24:42.807Z UPDATE docChanged chgCount=2173 isAutoApply=false paused=false pendingVerify=true isPending=false queued=false
2026-08-14T13:24:42.807Z   t0 change 2173->2173 | 2173->2174 | ins="s"
2026-08-14T13:24:42.890Z UPDATE docChanged chgCount=2174 isAutoApply=false paused=false pendingVerify=true isPending=false queued=false
2026-08-14T13:24:42.890Z   t0 change 2174->2174 | 2174->2175 | ins="e"
2026-08-14T13:24:42.975Z UPDATE docChanged chgCount=2175 isAutoApply=false paused=false pendingVerify=true isPending=false queued=false
2026-08-14T13:24:42.975Z   t0 change 2175->2175 | 2175->2176 | ins=" "
2026-08-14T13:24:43.098Z UPDATE docChanged chgCount=2176 isAutoApply=false paused=false pendingVerify=true isPending=false queued=false
2026-08-14T13:24:43.098Z   t0 change 2176->2176 | 2176->2177 | ins="t"
2026-08-14T13:24:43.142Z UPDATE docChanged chgCount=2177 isAutoApply=false paused=false pendingVerify=true isPending=false queued=false
2026-08-14T13:24:43.143Z   t0 change 2177->2177 | 2177->2178 | ins="h"
2026-08-14T13:24:43.246Z UPDATE docChanged chgCount=2178 isAutoApply=false paused=false pendingVerify=true isPending=false queued=false
2026-08-14T13:24:43.247Z   t0 change 2178->2178 | 2178->2179 | ins="a"
2026-08-14T13:24:43.298Z UPDATE docChanged chgCount=2179 isAutoApply=false paused=false pendingVerify=true isPending=false queued=false
2026-08-14T13:24:43.299Z   t0 change 2179->2179 | 2179->2180 | ins="n"
2026-08-14T13:24:43.482Z UPDATE docChanged chgCount=2180 isAutoApply=false paused=false pendingVerify=true isPending=false queued=false
2026-08-14T13:24:43.482Z   t0 change 2180->2180 | 2180->2181 | ins=" "
2026-08-14T13:24:43.791Z UPDATE docChanged chgCount=2181 isAutoApply=false paused=false pendingVerify=true isPending=false queued=false
2026-08-14T13:24:43.791Z   t0 change 2181->2181 | 2181->2182 | ins="t"
2026-08-14T13:24:43.842Z UPDATE docChanged chgCount=2182 isAutoApply=false paused=false pendingVerify=true isPending=false queued=false
2026-08-14T13:24:43.843Z   t0 change 2182->2182 | 2182->2183 | ins="h"
2026-08-14T13:24:43.966Z UPDATE docChanged chgCount=2183 isAutoApply=false paused=false pendingVerify=true isPending=false queued=false
2026-08-14T13:24:43.967Z   t0 change 2183->2183 | 2183->2184 | ins="e"
2026-08-14T13:24:44.023Z UPDATE docChanged chgCount=2184 isAutoApply=false paused=false pendingVerify=true isPending=false queued=false
2026-08-14T13:24:44.023Z   t0 change 2184->2184 | 2184->2185 | ins=" "
2026-08-14T13:24:48.252Z UPDATE docChanged chgCount=2185 isAutoApply=false paused=false pendingVerify=true isPending=false queued=false
2026-08-14T13:24:48.252Z   t0 change 2185->2185 | 2185->2186 | ins="t"
2026-08-14T13:24:48.319Z UPDATE docChanged chgCount=2186 isAutoApply=false paused=false pendingVerify=true isPending=false queued=false
2026-08-14T13:24:48.319Z   t0 change 2186->2186 | 2186->2187 | ins="o"
2026-08-14T13:24:48.434Z UPDATE docChanged chgCount=2187 isAutoApply=false paused=false pendingVerify=true isPending=false queued=false
2026-08-14T13:24:48.435Z   t0 change 2187->2187 | 2187->2188 | ins="h"
2026-08-14T13:24:48.526Z UPDATE docChanged chgCount=2188 isAutoApply=false paused=false pendingVerify=true isPending=false queued=false
2026-08-14T13:24:48.526Z   t0 change 2188->2188 | 2188->2189 | ins="e"
2026-08-14T13:24:48.590Z UPDATE docChanged chgCount=2189 isAutoApply=false paused=false pendingVerify=true isPending=false queued=false
2026-08-14T13:24:48.590Z   t0 change 2189->2189 | 2189->2190 | ins="r"
2026-08-14T13:24:48.771Z UPDATE docChanged chgCount=2190 isAutoApply=false paused=false pendingVerify=true isPending=false queued=false
2026-08-14T13:24:48.771Z   t0 change 2190->2190 | 2190->2191 | ins=" "
2026-08-14T13:24:49.103Z UPDATE docChanged chgCount=2191 isAutoApply=false paused=false pendingVerify=true isPending=false queued=false
2026-08-14T13:24:49.103Z   t0 change 2191->2191 | 2191->2192 | ins="o"
2026-08-14T13:24:49.167Z UPDATE docChanged chgCount=2192 isAutoApply=false paused=false pendingVerify=true isPending=false queued=false
2026-08-14T13:24:49.167Z   t0 change 2192->2192 | 2192->2193 | ins="n"
2026-08-14T13:24:49.250Z UPDATE docChanged chgCount=2193 isAutoApply=false paused=false pendingVerify=true isPending=false queued=false
2026-08-14T13:24:49.250Z   t0 change 2193->2193 | 2193->2194 | ins="e"
2026-08-14T13:24:49.363Z UPDATE docChanged chgCount=2194 isAutoApply=false paused=false pendingVerify=true isPending=false queued=false
2026-08-14T13:24:49.363Z   t0 change 2194->2194 | 2194->2195 | ins=" "
2026-08-14T13:24:49.514Z UPDATE docChanged chgCount=2195 isAutoApply=false paused=false pendingVerify=true isPending=false queued=false
2026-08-14T13:24:49.515Z   t0 change 2195->2195 | 2195->2196 | ins="b"
2026-08-14T13:24:49.611Z UPDATE docChanged chgCount=2196 isAutoApply=false paused=false pendingVerify=true isPending=false queued=false
2026-08-14T13:24:49.611Z   t0 change 2196->2196 | 2196->2197 | ins="e"
2026-08-14T13:24:49.803Z UPDATE docChanged chgCount=2197 isAutoApply=false paused=false pendingVerify=true isPending=false queued=false
2026-08-14T13:24:49.804Z   t0 change 2197->2197 | 2197->2198 | ins="c"
2026-08-14T13:24:49.927Z UPDATE docChanged chgCount=2198 isAutoApply=false paused=false pendingVerify=true isPending=false queued=false
2026-08-14T13:24:49.927Z   t0 change 2198->2198 | 2198->2199 | ins="a"
2026-08-14T13:24:50.054Z UPDATE docChanged chgCount=2199 isAutoApply=false paused=false pendingVerify=true isPending=false queued=false
2026-08-14T13:24:50.054Z   t0 change 2199->2199 | 2199->2200 | ins="u"
2026-08-14T13:24:50.158Z UPDATE docChanged chgCount=2200 isAutoApply=false paused=false pendingVerify=true isPending=false queued=false
2026-08-14T13:24:50.158Z   t0 change 2200->2200 | 2200->2201 | ins="s"
2026-08-14T13:24:50.227Z UPDATE docChanged chgCount=2201 isAutoApply=false paused=false pendingVerify=true isPending=false queued=false
2026-08-14T13:24:50.228Z   t0 change 2201->2201 | 2201->2202 | ins="e"
2026-08-14T13:24:50.295Z UPDATE docChanged chgCount=2202 isAutoApply=false paused=false pendingVerify=true isPending=false queued=false
2026-08-14T13:24:50.295Z   t0 change 2202->2202 | 2202->2203 | ins=" "
2026-08-14T13:24:50.480Z UPDATE docChanged chgCount=2203 isAutoApply=false paused=false pendingVerify=true isPending=false queued=false
2026-08-14T13:24:50.480Z   t0 change 2203->2203 | 2203->2204 | ins="i"
2026-08-14T13:24:50.607Z UPDATE docChanged chgCount=2204 isAutoApply=false paused=false pendingVerify=true isPending=false queued=false
2026-08-14T13:24:50.607Z   t0 change 2204->2204 | 2204->2205 | ins="t"
2026-08-14T13:24:50.935Z UPDATE docChanged chgCount=2205 isAutoApply=false paused=false pendingVerify=true isPending=false queued=false
2026-08-14T13:24:50.935Z   t0 change 2205->2205 | 2205->2206 | ins=" "
2026-08-14T13:24:51.163Z UPDATE docChanged chgCount=2206 isAutoApply=false paused=false pendingVerify=true isPending=false queued=false
2026-08-14T13:24:51.163Z   t0 change 2206->2206 | 2206->2207 | ins="n"
2026-08-14T13:24:51.282Z UPDATE docChanged chgCount=2207 isAutoApply=false paused=false pendingVerify=true isPending=false queued=false
2026-08-14T13:24:51.282Z   t0 change 2207->2207 | 2207->2208 | ins="e"
2026-08-14T13:24:51.435Z UPDATE docChanged chgCount=2208 isAutoApply=false paused=false pendingVerify=true isPending=false queued=false
2026-08-14T13:24:51.435Z   t0 change 2208->2208 | 2208->2209 | ins="e"
2026-08-14T13:24:51.530Z UPDATE docChanged chgCount=2209 isAutoApply=false paused=false pendingVerify=true isPending=false queued=false
2026-08-14T13:24:51.531Z   t0 change 2209->2209 | 2209->2210 | ins="d"
2026-08-14T13:24:51.666Z UPDATE docChanged chgCount=2210 isAutoApply=false paused=false pendingVerify=true isPending=false queued=false
2026-08-14T13:24:51.666Z   t0 change 2210->2210 | 2210->2211 | ins="s"
2026-08-14T13:24:51.682Z UPDATE docChanged chgCount=2211 isAutoApply=false paused=false pendingVerify=true isPending=false queued=false
2026-08-14T13:24:51.682Z   t0 change 2211->2211 | 2211->2212 | ins=" "
2026-08-14T13:24:51.914Z UPDATE docChanged chgCount=2212 isAutoApply=false paused=false pendingVerify=true isPending=false queued=false
2026-08-14T13:24:51.914Z   t0 change 2212->2212 | 2212->2213 | ins="t"
2026-08-14T13:24:51.946Z UPDATE docChanged chgCount=2213 isAutoApply=false paused=false pendingVerify=true isPending=false queued=false
2026-08-14T13:24:51.946Z   t0 change 2213->2213 | 2213->2214 | ins="o"
2026-08-14T13:24:52.087Z UPDATE docChanged chgCount=2214 isAutoApply=false paused=false pendingVerify=true isPending=false queued=false
2026-08-14T13:24:52.087Z   t0 change 2214->2214 | 2214->2215 | ins=" "
2026-08-14T13:24:52.182Z UPDATE docChanged chgCount=2215 isAutoApply=false paused=false pendingVerify=true isPending=false queued=false
2026-08-14T13:24:52.182Z   t0 change 2215->2215 | 2215->2216 | ins="t"
2026-08-14T13:24:52.311Z UPDATE docChanged chgCount=2216 isAutoApply=false paused=false pendingVerify=true isPending=false queued=false
2026-08-14T13:24:52.311Z   t0 change 2216->2216 | 2216->2217 | ins="h"
2026-08-14T13:24:52.330Z UPDATE docChanged chgCount=2217 isAutoApply=false paused=false pendingVerify=true isPending=false queued=false
2026-08-14T13:24:52.330Z   t0 change 2217->2217 | 2217->2218 | ins="i"
2026-08-14T13:24:52.574Z UPDATE docChanged chgCount=2218 isAutoApply=false paused=false pendingVerify=true isPending=false queued=false
2026-08-14T13:24:52.574Z   t0 change 2218->2218 | 2218->2219 | ins="n"
2026-08-14T13:24:52.687Z UPDATE docChanged chgCount=2219 isAutoApply=false paused=false pendingVerify=true isPending=false queued=false
2026-08-14T13:24:52.687Z   t0 change 2219->2219 | 2219->2220 | ins="k"
2026-08-14T13:24:53.143Z UPDATE docChanged chgCount=2220 isAutoApply=false paused=false pendingVerify=true isPending=false queued=false
2026-08-14T13:24:53.143Z   t0 change 2220->2220 | 2220->2221 | ins=","
2026-08-14T13:24:53.330Z UPDATE docChanged chgCount=2221 isAutoApply=false paused=false pendingVerify=true isPending=false queued=false
2026-08-14T13:24:53.330Z   t0 change 2221->2221 | 2221->2222 | ins=" "
2026-08-14T13:24:53.514Z UPDATE docChanged chgCount=2222 isAutoApply=false paused=false pendingVerify=true isPending=false queued=false
2026-08-14T13:24:53.514Z   t0 change 2222->2222 | 2222->2223 | ins="b"
2026-08-14T13:24:53.631Z UPDATE docChanged chgCount=2223 isAutoApply=false paused=false pendingVerify=true isPending=false queued=false
2026-08-14T13:24:53.631Z   t0 change 2223->2223 | 2223->2224 | ins="u"
2026-08-14T13:24:53.695Z UPDATE docChanged chgCount=2224 isAutoApply=false paused=false pendingVerify=true isPending=false queued=false
2026-08-14T13:24:53.695Z   t0 change 2224->2224 | 2224->2225 | ins="t"
2026-08-14T13:24:53.803Z UPDATE docChanged chgCount=2225 isAutoApply=false paused=false pendingVerify=true isPending=false queued=false
2026-08-14T13:24:53.803Z   t0 change 2225->2225 | 2225->2226 | ins=" "
2026-08-14T13:24:53.895Z UPDATE docChanged chgCount=2226 isAutoApply=false paused=false pendingVerify=true isPending=false queued=false
2026-08-14T13:24:53.895Z   t0 change 2226->2226 | 2226->2227 | ins="t"
2026-08-14T13:24:53.955Z UPDATE docChanged chgCount=2227 isAutoApply=false paused=false pendingVerify=true isPending=false queued=false
2026-08-14T13:24:53.955Z   t0 change 2227->2227 | 2227->2228 | ins="h"
2026-08-14T13:24:54.090Z UPDATE docChanged chgCount=2228 isAutoApply=false paused=false pendingVerify=true isPending=false queued=false
2026-08-14T13:24:54.090Z   t0 change 2228->2228 | 2228->2229 | ins="e"
2026-08-14T13:24:54.163Z UPDATE docChanged chgCount=2229 isAutoApply=false paused=false pendingVerify=true isPending=false queued=false
2026-08-14T13:24:54.163Z   t0 change 2229->2229 | 2229->2230 | ins="n"
2026-08-14T13:24:54.320Z UPDATE docChanged chgCount=2230 isAutoApply=false paused=false pendingVerify=true isPending=false queued=false
2026-08-14T13:24:54.320Z   t0 change 2230->2230 | 2230->2231 | ins=" "
2026-08-14T13:24:54.474Z UPDATE docChanged chgCount=2231 isAutoApply=false paused=false pendingVerify=true isPending=false queued=false
2026-08-14T13:24:54.475Z   t0 change 2231->2231 | 2231->2232 | ins="i"
2026-08-14T13:24:54.574Z UPDATE docChanged chgCount=2232 isAutoApply=false paused=false pendingVerify=true isPending=false queued=false
2026-08-14T13:24:54.574Z   t0 change 2232->2232 | 2232->2233 | ins="t"
2026-08-14T13:24:54.647Z UPDATE docChanged chgCount=2233 isAutoApply=false paused=false pendingVerify=true isPending=false queued=false
2026-08-14T13:24:54.647Z   t0 change 2233->2233 | 2233->2234 | ins=" "
2026-08-14T13:24:54.839Z UPDATE docChanged chgCount=2234 isAutoApply=false paused=false pendingVerify=true isPending=false queued=false
2026-08-14T13:24:54.839Z   t0 change 2234->2234 | 2234->2235 | ins="m"
2026-08-14T13:24:54.936Z UPDATE docChanged chgCount=2235 isAutoApply=false paused=false pendingVerify=true isPending=false queued=false
2026-08-14T13:24:54.936Z   t0 change 2235->2235 | 2235->2236 | ins="i"
2026-08-14T13:24:55.014Z UPDATE docChanged chgCount=2236 isAutoApply=false paused=false pendingVerify=true isPending=false queued=false
2026-08-14T13:24:55.015Z   t0 change 2236->2236 | 2236->2237 | ins="s"
2026-08-14T13:24:55.163Z UPDATE docChanged chgCount=2237 isAutoApply=false paused=false pendingVerify=true isPending=false queued=false
2026-08-14T13:24:55.163Z   t0 change 2237->2237 | 2237->2238 | ins="s"
2026-08-14T13:24:55.251Z UPDATE docChanged chgCount=2238 isAutoApply=false paused=false pendingVerify=true isPending=false queued=false
2026-08-14T13:24:55.251Z   t0 change 2238->2238 | 2238->2239 | ins="e"
2026-08-14T13:24:55.398Z UPDATE docChanged chgCount=2239 isAutoApply=false paused=false pendingVerify=true isPending=false queued=false
2026-08-14T13:24:55.398Z   t0 change 2239->2239 | 2239->2240 | ins="s"
2026-08-14T13:24:55.515Z UPDATE docChanged chgCount=2240 isAutoApply=false paused=false pendingVerify=true isPending=false queued=false
2026-08-14T13:24:55.515Z   t0 change 2240->2240 | 2240->2241 | ins=" "
2026-08-14T13:24:55.662Z UPDATE docChanged chgCount=2241 isAutoApply=false paused=false pendingVerify=true isPending=false queued=false
2026-08-14T13:24:55.662Z   t0 change 2241->2241 | 2241->2242 | ins="s"
2026-08-14T13:24:55.771Z UPDATE docChanged chgCount=2242 isAutoApply=false paused=false pendingVerify=true isPending=false queued=false
2026-08-14T13:24:55.771Z   t0 change 2242->2242 | 2242->2243 | ins="i"
2026-08-14T13:24:55.831Z UPDATE docChanged chgCount=2243 isAutoApply=false paused=false pendingVerify=true isPending=false queued=false
2026-08-14T13:24:55.831Z   t0 change 2243->2243 | 2243->2244 | ins="m"
2026-08-14T13:24:56.055Z UPDATE docChanged chgCount=2244 isAutoApply=false paused=false pendingVerify=true isPending=false queued=false
2026-08-14T13:24:56.055Z   t0 change 2244->2244 | 2244->2245 | ins="p"
2026-08-14T13:24:56.172Z UPDATE docChanged chgCount=2245 isAutoApply=false paused=false pendingVerify=true isPending=false queued=false
2026-08-14T13:24:56.172Z   t0 change 2245->2245 | 2245->2246 | ins="l"
2026-08-14T13:24:56.215Z UPDATE docChanged chgCount=2246 isAutoApply=false paused=false pendingVerify=true isPending=false queued=false
2026-08-14T13:24:56.215Z   t0 change 2246->2246 | 2246->2247 | ins="e"
2026-08-14T13:24:56.370Z UPDATE docChanged chgCount=2247 isAutoApply=false paused=false pendingVerify=true isPending=false queued=false
2026-08-14T13:24:56.370Z   t0 change 2247->2247 | 2247->2248 | ins=" "
2026-08-14T13:24:56.695Z UPDATE docChanged chgCount=2248 isAutoApply=false paused=false pendingVerify=true isPending=false queued=false
2026-08-14T13:24:56.695Z   t0 change 2248->2248 | 2248->2249 | ins="l"
2026-08-14T13:24:57.354Z UPDATE docChanged chgCount=2249 isAutoApply=false paused=false pendingVerify=true isPending=false queued=false
2026-08-14T13:24:57.354Z   t0 change 2248->2249 | 2248->2248 | ins=""
2026-08-14T13:24:57.530Z UPDATE docChanged chgCount=2248 isAutoApply=false paused=false pendingVerify=true isPending=false queued=false
2026-08-14T13:24:57.530Z   t0 change 2241->2248 | 2241->2241 | ins=""
2026-08-14T13:24:58.135Z UPDATE docChanged chgCount=2241 isAutoApply=false paused=false pendingVerify=true isPending=false queued=false
2026-08-14T13:24:58.135Z   t0 change 2241->2241 | 2241->2242 | ins="l"
2026-08-14T13:24:58.320Z UPDATE docChanged chgCount=2242 isAutoApply=false paused=false pendingVerify=true isPending=false queued=false
2026-08-14T13:24:58.320Z   t0 change 2242->2242 | 2242->2243 | ins="o"
2026-08-14T13:24:58.411Z UPDATE docChanged chgCount=2243 isAutoApply=false paused=false pendingVerify=true isPending=false queued=false
2026-08-14T13:24:58.411Z   t0 change 2243->2243 | 2243->2244 | ins="n"
2026-08-14T13:24:58.490Z UPDATE docChanged chgCount=2244 isAutoApply=false paused=false pendingVerify=true isPending=false queued=false
2026-08-14T13:24:58.491Z   t0 change 2244->2244 | 2244->2245 | ins="g"
2026-08-14T13:24:58.619Z UPDATE docChanged chgCount=2245 isAutoApply=false paused=false pendingVerify=true isPending=false queued=false
2026-08-14T13:24:58.619Z   t0 change 2245->2245 | 2245->2246 | ins=" "
2026-08-14T13:24:59.194Z UPDATE docChanged chgCount=2246 isAutoApply=false paused=false pendingVerify=true isPending=false queued=false
2026-08-14T13:24:59.194Z   t0 change 2245->2246 | 2245->2245 | ins=""
2026-08-14T13:24:59.517Z UPDATE docChanged chgCount=2245 isAutoApply=false paused=false pendingVerify=true isPending=false queued=false
2026-08-14T13:24:59.517Z   t0 change 2241->2245 | 2241->2241 | ins=""
2026-08-14T13:25:02.699Z UPDATE docChanged chgCount=2241 isAutoApply=false paused=false pendingVerify=true isPending=false queued=false
2026-08-14T13:25:02.699Z   t0 change 2241->2241 | 2241->2242 | ins="s"
2026-08-14T13:25:02.819Z UPDATE docChanged chgCount=2242 isAutoApply=false paused=false pendingVerify=true isPending=false queued=false
2026-08-14T13:25:02.819Z   t0 change 2242->2242 | 2242->2243 | ins="e"
2026-08-14T13:25:03.099Z UPDATE docChanged chgCount=2243 isAutoApply=false paused=false pendingVerify=true isPending=false queued=false
2026-08-14T13:25:03.099Z   t0 change 2243->2243 | 2243->2244 | ins="n"
2026-08-14T13:25:03.251Z UPDATE docChanged chgCount=2244 isAutoApply=false paused=false pendingVerify=true isPending=false queued=false
2026-08-14T13:25:03.251Z   t0 change 2244->2244 | 2244->2245 | ins="t"
2026-08-14T13:25:03.435Z UPDATE docChanged chgCount=2245 isAutoApply=false paused=false pendingVerify=true isPending=false queued=false
2026-08-14T13:25:03.435Z   t0 change 2245->2245 | 2245->2246 | ins="e"
2026-08-14T13:25:03.595Z UPDATE docChanged chgCount=2246 isAutoApply=false paused=false pendingVerify=true isPending=false queued=false
2026-08-14T13:25:03.595Z   t0 change 2246->2246 | 2246->2247 | ins="n"
2026-08-14T13:25:03.828Z UPDATE docChanged chgCount=2247 isAutoApply=false paused=false pendingVerify=true isPending=false queued=false
2026-08-14T13:25:03.828Z   t0 change 2247->2247 | 2247->2248 | ins="c"
2026-08-14T13:25:03.927Z UPDATE docChanged chgCount=2248 isAutoApply=false paused=false pendingVerify=true isPending=false queued=false
2026-08-14T13:25:03.928Z   t0 change 2248->2248 | 2248->2249 | ins="e"
2026-08-14T13:25:04.082Z UPDATE docChanged chgCount=2249 isAutoApply=false paused=false pendingVerify=true isPending=false queued=false
2026-08-14T13:25:04.083Z   t0 change 2249->2249 | 2249->2250 | ins="s"
2026-08-14T13:25:04.212Z UPDATE docChanged chgCount=2250 isAutoApply=false paused=false pendingVerify=true isPending=false queued=false
2026-08-14T13:25:04.212Z   t0 change 2250->2250 | 2250->2251 | ins=" "
2026-08-14T13:25:04.366Z UPDATE docChanged chgCount=2251 isAutoApply=false paused=false pendingVerify=true isPending=false queued=false
2026-08-14T13:25:04.367Z   t0 change 2251->2251 | 2251->2252 | ins="w"
2026-08-14T13:25:04.464Z UPDATE docChanged chgCount=2252 isAutoApply=false paused=false pendingVerify=true isPending=false queued=false
2026-08-14T13:25:04.464Z   t0 change 2252->2252 | 2252->2253 | ins="h"
2026-08-14T13:25:04.567Z UPDATE docChanged chgCount=2253 isAutoApply=false paused=false pendingVerify=true isPending=false queued=false
2026-08-14T13:25:04.567Z   t0 change 2253->2253 | 2253->2254 | ins="e"
2026-08-14T13:25:04.639Z UPDATE docChanged chgCount=2254 isAutoApply=false paused=false pendingVerify=true isPending=false queued=false
2026-08-14T13:25:04.639Z   t0 change 2254->2254 | 2254->2255 | ins="r"
2026-08-14T13:25:04.730Z UPDATE docChanged chgCount=2255 isAutoApply=false paused=false pendingVerify=true isPending=false queued=false
2026-08-14T13:25:04.730Z   t0 change 2255->2255 | 2255->2256 | ins="e"
2026-08-14T13:25:04.791Z UPDATE docChanged chgCount=2256 isAutoApply=false paused=false pendingVerify=true isPending=false queued=false
2026-08-14T13:25:04.791Z   t0 change 2256->2256 | 2256->2257 | ins=" "
2026-08-14T13:25:04.998Z UPDATE docChanged chgCount=2257 isAutoApply=false paused=false pendingVerify=true isPending=false queued=false
2026-08-14T13:25:04.998Z   t0 change 2257->2257 | 2257->2258 | ins="t"
2026-08-14T13:25:05.066Z UPDATE docChanged chgCount=2258 isAutoApply=false paused=false pendingVerify=true isPending=false queued=false
2026-08-14T13:25:05.066Z   t0 change 2258->2258 | 2258->2259 | ins="h"
2026-08-14T13:25:05.190Z UPDATE docChanged chgCount=2259 isAutoApply=false paused=false pendingVerify=true isPending=false queued=false
2026-08-14T13:25:05.190Z   t0 change 2259->2259 | 2259->2260 | ins="e"
2026-08-14T13:25:05.323Z UPDATE docChanged chgCount=2260 isAutoApply=false paused=false pendingVerify=true isPending=false queued=false
2026-08-14T13:25:05.323Z   t0 change 2260->2260 | 2260->2261 | ins="r"
2026-08-14T13:25:05.406Z UPDATE docChanged chgCount=2261 isAutoApply=false paused=false pendingVerify=true isPending=false queued=false
2026-08-14T13:25:05.406Z   t0 change 2261->2261 | 2261->2262 | ins="e"
2026-08-14T13:25:05.464Z UPDATE docChanged chgCount=2262 isAutoApply=false paused=false pendingVerify=true isPending=false queued=false
2026-08-14T13:25:05.464Z   t0 change 2262->2262 | 2262->2263 | ins=" "
2026-08-14T13:25:05.739Z UPDATE docChanged chgCount=2263 isAutoApply=false paused=false pendingVerify=true isPending=false queued=false
2026-08-14T13:25:05.739Z   t0 change 2263->2263 | 2263->2264 | ins="i"
2026-08-14T13:25:05.880Z UPDATE docChanged chgCount=2264 isAutoApply=false paused=false pendingVerify=true isPending=false queued=false
2026-08-14T13:25:05.880Z   t0 change 2264->2264 | 2264->2265 | ins="s"
2026-08-14T13:25:05.974Z UPDATE docChanged chgCount=2265 isAutoApply=false paused=false pendingVerify=true isPending=false queued=false
2026-08-14T13:25:05.974Z   t0 change 2265->2265 | 2265->2266 | ins=" "
2026-08-14T13:25:06.098Z UPDATE docChanged chgCount=2266 isAutoApply=false paused=false pendingVerify=true isPending=false queued=false
2026-08-14T13:25:06.098Z   t0 change 2266->2266 | 2266->2267 | ins="a"
2026-08-14T13:25:06.167Z UPDATE docChanged chgCount=2267 isAutoApply=false paused=false pendingVerify=true isPending=false queued=false
2026-08-14T13:25:06.167Z   t0 change 2267->2267 | 2267->2268 | ins=" "
2026-08-14T13:25:06.346Z UPDATE docChanged chgCount=2268 isAutoApply=false paused=false pendingVerify=true isPending=false queued=false
2026-08-14T13:25:06.346Z   t0 change 2268->2268 | 2268->2269 | ins="m"
2026-08-14T13:25:06.451Z UPDATE docChanged chgCount=2269 isAutoApply=false paused=false pendingVerify=true isPending=false queued=false
2026-08-14T13:25:06.451Z   t0 change 2269->2269 | 2269->2270 | ins="i"
2026-08-14T13:25:06.511Z UPDATE docChanged chgCount=2270 isAutoApply=false paused=false pendingVerify=true isPending=false queued=false
2026-08-14T13:25:06.511Z   t0 change 2270->2270 | 2270->2271 | ins="x"
2026-08-14T13:25:06.635Z UPDATE docChanged chgCount=2271 isAutoApply=false paused=false pendingVerify=true isPending=false queued=false
2026-08-14T13:25:06.635Z   t0 change 2271->2271 | 2271->2272 | ins=" "
2026-08-14T13:25:06.787Z UPDATE docChanged chgCount=2272 isAutoApply=false paused=false pendingVerify=true isPending=false queued=false
2026-08-14T13:25:06.787Z   t0 change 2272->2272 | 2272->2273 | ins="o"
2026-08-14T13:25:06.879Z UPDATE docChanged chgCount=2273 isAutoApply=false paused=false pendingVerify=true isPending=false queued=false
2026-08-14T13:25:06.879Z   t0 change 2273->2273 | 2273->2274 | ins="f"
2026-08-14T13:25:06.967Z UPDATE docChanged chgCount=2274 isAutoApply=false paused=false pendingVerify=true isPending=false queued=false
2026-08-14T13:25:06.967Z   t0 change 2274->2274 | 2274->2275 | ins=" "
2026-08-14T13:25:07.291Z UPDATE docChanged chgCount=2275 isAutoApply=false paused=false pendingVerify=true isPending=false queued=false
2026-08-14T13:25:07.291Z   t0 change 2275->2275 | 2275->2276 | ins="m"
2026-08-14T13:25:07.412Z UPDATE docChanged chgCount=2276 isAutoApply=false paused=false pendingVerify=true isPending=false queued=false
2026-08-14T13:25:07.412Z   t0 change 2276->2276 | 2276->2277 | ins="i"
2026-08-14T13:25:07.530Z UPDATE docChanged chgCount=2277 isAutoApply=false paused=false pendingVerify=true isPending=false queued=false
2026-08-14T13:25:07.530Z   t0 change 2277->2277 | 2277->2278 | ins="s"
2026-08-14T13:25:07.695Z UPDATE docChanged chgCount=2278 isAutoApply=false paused=false pendingVerify=true isPending=false queued=false
2026-08-14T13:25:07.695Z   t0 change 2278->2278 | 2278->2279 | ins="t"
2026-08-14T13:25:07.814Z UPDATE docChanged chgCount=2279 isAutoApply=false paused=false pendingVerify=true isPending=false queued=false
2026-08-14T13:25:07.814Z   t0 change 2279->2279 | 2279->2280 | ins="a"
2026-08-14T13:25:07.928Z UPDATE docChanged chgCount=2280 isAutoApply=false paused=false pendingVerify=true isPending=false queued=false
2026-08-14T13:25:07.928Z   t0 change 2280->2280 | 2280->2281 | ins="k"
2026-08-14T13:25:08.022Z UPDATE docChanged chgCount=2281 isAutoApply=false paused=false pendingVerify=true isPending=false queued=false
2026-08-14T13:25:08.022Z   t0 change 2281->2281 | 2281->2282 | ins="e"
2026-08-14T13:25:08.095Z UPDATE docChanged chgCount=2282 isAutoApply=false paused=false pendingVerify=true isPending=false queued=false
2026-08-14T13:25:08.095Z   t0 change 2282->2282 | 2282->2283 | ins=" "
2026-08-14T13:25:08.212Z UPDATE docChanged chgCount=2283 isAutoApply=false paused=false pendingVerify=true isPending=false queued=false
2026-08-14T13:25:08.212Z   t0 change 2283->2283 | 2283->2284 | ins="t"
2026-08-14T13:25:08.427Z UPDATE docChanged chgCount=2284 isAutoApply=false paused=false pendingVerify=true isPending=false queued=false
2026-08-14T13:25:08.427Z   t0 change 2284->2284 | 2284->2285 | ins="y"
2026-08-14T13:25:08.506Z UPDATE docChanged chgCount=2285 isAutoApply=false paused=false pendingVerify=true isPending=false queued=false
2026-08-14T13:25:08.507Z   t0 change 2285->2285 | 2285->2286 | ins="p"
2026-08-14T13:25:08.631Z UPDATE docChanged chgCount=2286 isAutoApply=false paused=false pendingVerify=true isPending=false queued=false
2026-08-14T13:25:08.631Z   t0 change 2286->2286 | 2286->2287 | ins="e"
2026-08-14T13:25:08.703Z UPDATE docChanged chgCount=2287 isAutoApply=false paused=false pendingVerify=true isPending=false queued=false
2026-08-14T13:25:08.703Z   t0 change 2287->2287 | 2287->2288 | ins="s"
2026-08-14T13:25:08.746Z UPDATE docChanged chgCount=2288 isAutoApply=false paused=false pendingVerify=true isPending=false queued=false
2026-08-14T13:25:08.746Z   t0 change 2288->2288 | 2288->2289 | ins=" "
2026-08-14T13:25:08.947Z UPDATE docChanged chgCount=2289 isAutoApply=false paused=false pendingVerify=true isPending=false queued=false
2026-08-14T13:25:08.947Z   t0 change 2289->2289 | 2289->2290 | ins="b"
2026-08-14T13:25:09.075Z UPDATE docChanged chgCount=2290 isAutoApply=false paused=false pendingVerify=true isPending=false queued=false
2026-08-14T13:25:09.075Z   t0 change 2290->2290 | 2290->2291 | ins="u"
2026-08-14T13:25:09.215Z UPDATE docChanged chgCount=2291 isAutoApply=false paused=false pendingVerify=true isPending=false queued=false
2026-08-14T13:25:09.215Z   t0 change 2291->2291 | 2291->2292 | ins="e"
2026-08-14T13:25:09.450Z UPDATE docChanged chgCount=2292 isAutoApply=false paused=false pendingVerify=true isPending=false queued=false
2026-08-14T13:25:09.450Z   t0 change 2291->2292 | 2291->2291 | ins=""
2026-08-14T13:25:09.610Z UPDATE docChanged chgCount=2291 isAutoApply=false paused=false pendingVerify=true isPending=false queued=false
2026-08-14T13:25:09.610Z   t0 change 2290->2291 | 2290->2290 | ins=""
2026-08-14T13:25:09.678Z UPDATE docChanged chgCount=2290 isAutoApply=false paused=false pendingVerify=true isPending=false queued=false
2026-08-14T13:25:09.679Z   t0 change 2290->2290 | 2290->2291 | ins="e"
2026-08-14T13:25:09.791Z UPDATE docChanged chgCount=2291 isAutoApply=false paused=false pendingVerify=true isPending=false queued=false
2026-08-14T13:25:09.791Z   t0 change 2291->2291 | 2291->2292 | ins="c"
2026-08-14T13:25:09.946Z UPDATE docChanged chgCount=2292 isAutoApply=false paused=false pendingVerify=true isPending=false queued=false
2026-08-14T13:25:09.946Z   t0 change 2292->2292 | 2292->2293 | ins="a"
2026-08-14T13:25:10.083Z UPDATE docChanged chgCount=2293 isAutoApply=false paused=false pendingVerify=true isPending=false queued=false
2026-08-14T13:25:10.083Z   t0 change 2293->2293 | 2293->2294 | ins="u"
2026-08-14T13:25:10.204Z UPDATE docChanged chgCount=2294 isAutoApply=false paused=false pendingVerify=true isPending=false queued=false
2026-08-14T13:25:10.204Z   t0 change 2294->2294 | 2294->2295 | ins="s"
2026-08-14T13:25:10.243Z UPDATE docChanged chgCount=2295 isAutoApply=false paused=false pendingVerify=true isPending=false queued=false
2026-08-14T13:25:10.244Z   t0 change 2295->2295 | 2295->2296 | ins="e"
2026-08-14T13:25:10.343Z UPDATE docChanged chgCount=2296 isAutoApply=false paused=false pendingVerify=true isPending=false queued=false
2026-08-14T13:25:10.343Z   t0 change 2296->2296 | 2296->2297 | ins=" "
2026-08-14T13:25:13.339Z UPDATE docChanged chgCount=2297 isAutoApply=false paused=false pendingVerify=true isPending=false queued=false
2026-08-14T13:25:13.339Z   t0 change 2297->2297 | 2297->2298 | ins="i"
2026-08-14T13:25:13.427Z UPDATE docChanged chgCount=2298 isAutoApply=false paused=false pendingVerify=true isPending=false queued=false
2026-08-14T13:25:13.427Z   t0 change 2298->2298 | 2298->2299 | ins="t"
2026-08-14T13:25:13.562Z UPDATE docChanged chgCount=2299 isAutoApply=false paused=false pendingVerify=true isPending=false queued=false
2026-08-14T13:25:13.562Z   t0 change 2299->2299 | 2299->2300 | ins=" "
2026-08-14T13:25:13.782Z UPDATE docChanged chgCount=2300 isAutoApply=false paused=false pendingVerify=true isPending=false queued=false
2026-08-14T13:25:13.782Z   t0 change 2300->2300 | 2300->2301 | ins="j"
2026-08-14T13:25:13.987Z UPDATE docChanged chgCount=2301 isAutoApply=false paused=false pendingVerify=true isPending=false queued=false
2026-08-14T13:25:13.987Z   t0 change 2301->2301 | 2301->2302 | ins="u"
2026-08-14T13:25:14.066Z UPDATE docChanged chgCount=2302 isAutoApply=false paused=false pendingVerify=true isPending=false queued=false
2026-08-14T13:25:14.067Z   t0 change 2302->2302 | 2302->2303 | ins="s"
2026-08-14T13:25:14.146Z UPDATE docChanged chgCount=2303 isAutoApply=false paused=false pendingVerify=true isPending=false queued=false
2026-08-14T13:25:14.147Z   t0 change 2303->2303 | 2303->2304 | ins="t"
2026-08-14T13:25:14.243Z UPDATE docChanged chgCount=2304 isAutoApply=false paused=false pendingVerify=true isPending=false queued=false
2026-08-14T13:25:14.243Z   t0 change 2304->2304 | 2304->2305 | ins=" "
2026-08-14T13:25:14.511Z UPDATE docChanged chgCount=2305 isAutoApply=false paused=false pendingVerify=true isPending=false queued=false
2026-08-14T13:25:14.511Z   t0 change 2305->2305 | 2305->2306 | ins="t"
2026-08-14T13:25:14.635Z UPDATE docChanged chgCount=2306 isAutoApply=false paused=false pendingVerify=true isPending=false queued=false
2026-08-14T13:25:14.635Z   t0 change 2306->2306 | 2306->2307 | ins="h"
2026-08-14T13:25:14.751Z UPDATE docChanged chgCount=2307 isAutoApply=false paused=false pendingVerify=true isPending=false queued=false
2026-08-14T13:25:14.751Z   t0 change 2307->2307 | 2307->2308 | ins="i"
2026-08-14T13:25:14.859Z UPDATE docChanged chgCount=2308 isAutoApply=false paused=false pendingVerify=true isPending=false queued=false
2026-08-14T13:25:14.859Z   t0 change 2308->2308 | 2308->2309 | ins="n"
2026-08-14T13:25:15.007Z UPDATE docChanged chgCount=2309 isAutoApply=false paused=false pendingVerify=true isPending=false queued=false
2026-08-14T13:25:15.007Z   t0 change 2309->2309 | 2309->2310 | ins="k"
2026-08-14T13:25:15.182Z UPDATE docChanged chgCount=2310 isAutoApply=false paused=false pendingVerify=true isPending=false queued=false
2026-08-14T13:25:15.182Z   t0 change 2310->2310 | 2310->2311 | ins="s"
2026-08-14T13:25:15.239Z UPDATE docChanged chgCount=2311 isAutoApply=false paused=false pendingVerify=true isPending=false queued=false
2026-08-14T13:25:15.239Z   t0 change 2311->2311 | 2311->2312 | ins=" "
2026-08-14T13:25:15.458Z UPDATE docChanged chgCount=2312 isAutoApply=false paused=false pendingVerify=true isPending=false queued=false
2026-08-14T13:25:15.459Z   t0 change 2312->2312 | 2312->2313 | ins="i"
2026-08-14T13:25:15.579Z UPDATE docChanged chgCount=2313 isAutoApply=false paused=false pendingVerify=true isPending=false queued=false
2026-08-14T13:25:15.579Z   t0 change 2313->2313 | 2313->2314 | ins="t"
2026-08-14T13:25:15.820Z UPDATE docChanged chgCount=2314 isAutoApply=false paused=false pendingVerify=true isPending=false queued=false
2026-08-14T13:25:15.820Z   t0 change 2314->2314 | 2314->2315 | ins="s"
2026-08-14T13:25:15.946Z UPDATE docChanged chgCount=2315 isAutoApply=false paused=false pendingVerify=true isPending=false queued=false
2026-08-14T13:25:15.946Z   t0 change 2315->2315 | 2315->2316 | ins=" "
2026-08-14T13:25:16.163Z UPDATE docChanged chgCount=2316 isAutoApply=false paused=false pendingVerify=true isPending=false queued=false
2026-08-14T13:25:16.163Z   t0 change 2316->2316 | 2316->2317 | ins="s"
2026-08-14T13:25:16.295Z UPDATE docChanged chgCount=2317 isAutoApply=false paused=false pendingVerify=true isPending=false queued=false
2026-08-14T13:25:16.295Z   t0 change 2317->2317 | 2317->2318 | ins="o"
2026-08-14T13:25:16.491Z UPDATE docChanged chgCount=2318 isAutoApply=false paused=false pendingVerify=true isPending=false queued=false
2026-08-14T13:25:16.491Z   t0 change 2318->2318 | 2318->2319 | ins="l"
2026-08-14T13:25:16.595Z UPDATE docChanged chgCount=2319 isAutoApply=false paused=false pendingVerify=true isPending=false queued=false
2026-08-14T13:25:16.595Z   t0 change 2319->2319 | 2319->2320 | ins="v"
2026-08-14T13:25:16.695Z UPDATE docChanged chgCount=2320 isAutoApply=false paused=false pendingVerify=true isPending=false queued=false
2026-08-14T13:25:16.695Z   t0 change 2320->2320 | 2320->2321 | ins="e"
2026-08-14T13:25:16.847Z UPDATE docChanged chgCount=2321 isAutoApply=false paused=false pendingVerify=true isPending=false queued=false
2026-08-14T13:25:16.847Z   t0 change 2321->2321 | 2321->2322 | ins="d"
2026-08-14T13:25:16.963Z UPDATE docChanged chgCount=2322 isAutoApply=false paused=false pendingVerify=true isPending=false queued=false
2026-08-14T13:25:16.963Z   t0 change 2322->2322 | 2322->2323 | ins=" "
2026-08-14T13:25:17.115Z UPDATE docChanged chgCount=2323 isAutoApply=false paused=false pendingVerify=true isPending=false queued=false
2026-08-14T13:25:17.115Z   t0 change 2323->2323 | 2323->2324 | ins="i"
2026-08-14T13:25:17.195Z UPDATE docChanged chgCount=2324 isAutoApply=false paused=false pendingVerify=true isPending=false queued=false
2026-08-14T13:25:17.195Z   t0 change 2324->2324 | 2324->2325 | ins="t"
2026-08-14T13:25:17.287Z UPDATE docChanged chgCount=2325 isAutoApply=false paused=false pendingVerify=true isPending=false queued=false
2026-08-14T13:25:17.287Z   t0 change 2325->2325 | 2325->2326 | ins=" "
2026-08-14T13:25:17.399Z UPDATE docChanged chgCount=2326 isAutoApply=false paused=false pendingVerify=true isPending=false queued=false
2026-08-14T13:25:17.399Z   t0 change 2326->2326 | 2326->2327 | ins="a"
2026-08-14T13:25:17.539Z UPDATE docChanged chgCount=2327 isAutoApply=false paused=false pendingVerify=true isPending=false queued=false
2026-08-14T13:25:17.539Z   t0 change 2327->2327 | 2327->2328 | ins="f"
2026-08-14T13:25:17.851Z UPDATE docChanged chgCount=2328 isAutoApply=false paused=false pendingVerify=true isPending=false queued=false
2026-08-14T13:25:17.851Z   t0 change 2328->2328 | 2328->2329 | ins="t"
2026-08-14T13:25:17.984Z UPDATE docChanged chgCount=2329 isAutoApply=false paused=false pendingVerify=true isPending=false queued=false
2026-08-14T13:25:17.984Z   t0 change 2329->2329 | 2329->2330 | ins="e"
2026-08-14T13:25:18.074Z UPDATE docChanged chgCount=2330 isAutoApply=false paused=false pendingVerify=true isPending=false queued=false
2026-08-14T13:25:18.074Z   t0 change 2330->2330 | 2330->2331 | ins="r"
2026-08-14T13:25:18.141Z UPDATE docChanged chgCount=2331 isAutoApply=false paused=false pendingVerify=true isPending=false queued=false
2026-08-14T13:25:18.141Z   t0 change 2331->2331 | 2331->2332 | ins=" "
2026-08-14T13:25:18.275Z UPDATE docChanged chgCount=2332 isAutoApply=false paused=false pendingVerify=true isPending=false queued=false
2026-08-14T13:25:18.275Z   t0 change 2332->2332 | 2332->2333 | ins="a"
2026-08-14T13:25:18.473Z UPDATE docChanged chgCount=2333 isAutoApply=false paused=false pendingVerify=true isPending=false queued=false
2026-08-14T13:25:18.473Z   t0 change 2333->2333 | 2333->2334 | ins="d"
2026-08-14T13:25:18.564Z UPDATE docChanged chgCount=2334 isAutoApply=false paused=false pendingVerify=true isPending=false queued=false
2026-08-14T13:25:18.564Z   t0 change 2334->2334 | 2334->2335 | ins="d"
2026-08-14T13:25:18.680Z UPDATE docChanged chgCount=2335 isAutoApply=false paused=false pendingVerify=true isPending=false queued=false
2026-08-14T13:25:18.680Z   t0 change 2335->2335 | 2335->2336 | ins="i"
2026-08-14T13:25:18.769Z UPDATE docChanged chgCount=2336 isAutoApply=false paused=false pendingVerify=true isPending=false queued=false
2026-08-14T13:25:18.769Z   t0 change 2336->2336 | 2336->2337 | ins="n"
2026-08-14T13:25:18.816Z UPDATE docChanged chgCount=2337 isAutoApply=false paused=false pendingVerify=true isPending=false queued=false
2026-08-14T13:25:18.816Z   t0 change 2337->2337 | 2337->2338 | ins="g"
2026-08-14T13:25:18.933Z UPDATE docChanged chgCount=2338 isAutoApply=false paused=false pendingVerify=true isPending=false queued=false
2026-08-14T13:25:18.933Z   t0 change 2338->2338 | 2338->2339 | ins=" "
2026-08-14T13:25:18.973Z UPDATE docChanged chgCount=2339 isAutoApply=false paused=false pendingVerify=true isPending=false queued=false
2026-08-14T13:25:18.973Z   t0 change 2339->2339 | 2339->2340 | ins="a"
2026-08-14T13:25:19.092Z UPDATE docChanged chgCount=2340 isAutoApply=false paused=false pendingVerify=true isPending=false queued=false
2026-08-14T13:25:19.092Z   t0 change 2340->2340 | 2340->2341 | ins=" "
2026-08-14T13:25:19.192Z UPDATE docChanged chgCount=2341 isAutoApply=false paused=false pendingVerify=true isPending=false queued=false
2026-08-14T13:25:19.192Z   t0 change 2341->2341 | 2341->2342 | ins="s"
2026-08-14T13:25:19.265Z UPDATE docChanged chgCount=2342 isAutoApply=false paused=false pendingVerify=true isPending=false queued=false
2026-08-14T13:25:19.265Z   t0 change 2342->2342 | 2342->2343 | ins="i"
2026-08-14T13:25:19.311Z UPDATE docChanged chgCount=2343 isAutoApply=false paused=false pendingVerify=true isPending=false queued=false
2026-08-14T13:25:19.311Z   t0 change 2343->2343 | 2343->2344 | ins="n"
2026-08-14T13:25:19.411Z UPDATE docChanged chgCount=2344 isAutoApply=false paused=false pendingVerify=true isPending=false queued=false
2026-08-14T13:25:19.411Z   t0 change 2344->2344 | 2344->2345 | ins="g"
2026-08-14T13:25:19.490Z UPDATE docChanged chgCount=2345 isAutoApply=false paused=false pendingVerify=true isPending=false queued=false
2026-08-14T13:25:19.490Z   t0 change 2345->2345 | 2345->2346 | ins="l"
2026-08-14T13:25:19.580Z UPDATE docChanged chgCount=2346 isAutoApply=false paused=false pendingVerify=true isPending=false queued=false
2026-08-14T13:25:19.581Z   t0 change 2346->2346 | 2346->2347 | ins="e"
2026-08-14T13:25:19.656Z UPDATE docChanged chgCount=2347 isAutoApply=false paused=false pendingVerify=true isPending=false queued=false
2026-08-14T13:25:19.656Z   t0 change 2347->2347 | 2347->2348 | ins=" "
2026-08-14T13:25:19.808Z UPDATE docChanged chgCount=2348 isAutoApply=false paused=false pendingVerify=true isPending=false queued=false
2026-08-14T13:25:19.808Z   t0 change 2348->2348 | 2348->2349 | ins="e"
2026-08-14T13:25:20.303Z UPDATE docChanged chgCount=2349 isAutoApply=false paused=false pendingVerify=true isPending=false queued=false
2026-08-14T13:25:20.303Z   t0 change 2348->2349 | 2348->2348 | ins=""
2026-08-14T13:25:20.464Z UPDATE docChanged chgCount=2348 isAutoApply=false paused=false pendingVerify=true isPending=false queued=false
2026-08-14T13:25:20.464Z   t0 change 2348->2348 | 2348->2349 | ins="a"
2026-08-14T13:25:20.572Z UPDATE docChanged chgCount=2349 isAutoApply=false paused=false pendingVerify=true isPending=false queued=false
2026-08-14T13:25:20.572Z   t0 change 2349->2349 | 2349->2350 | ins="p"
2026-08-14T13:25:20.741Z UPDATE docChanged chgCount=2350 isAutoApply=false paused=false pendingVerify=true isPending=false queued=false
2026-08-14T13:25:20.741Z   t0 change 2350->2350 | 2350->2351 | ins="o"
2026-08-14T13:25:20.787Z UPDATE docChanged chgCount=2351 isAutoApply=false paused=false pendingVerify=true isPending=false queued=false
2026-08-14T13:25:20.787Z   t0 change 2351->2351 | 2351->2352 | ins="s"
2026-08-14T13:25:20.961Z UPDATE docChanged chgCount=2352 isAutoApply=false paused=false pendingVerify=true isPending=false queued=false
2026-08-14T13:25:20.961Z   t0 change 2352->2352 | 2352->2353 | ins="t"
2026-08-14T13:25:21.121Z UPDATE docChanged chgCount=2353 isAutoApply=false paused=false pendingVerify=true isPending=false queued=false
2026-08-14T13:25:21.121Z   t0 change 2353->2353 | 2353->2354 | ins="r"
2026-08-14T13:25:21.316Z UPDATE docChanged chgCount=2354 isAutoApply=false paused=false pendingVerify=true isPending=false queued=false
2026-08-14T13:25:21.316Z   t0 change 2354->2354 | 2354->2355 | ins="p"
2026-08-14T13:25:21.517Z UPDATE docChanged chgCount=2355 isAutoApply=false paused=false pendingVerify=true isPending=false queued=false
2026-08-14T13:25:21.517Z   t0 change 2355->2355 | 2355->2356 | ins="e"
2026-08-14T13:25:21.681Z UPDATE docChanged chgCount=2356 isAutoApply=false paused=false pendingVerify=true isPending=false queued=false
2026-08-14T13:25:21.681Z   t0 change 2356->2356 | 2356->2357 | ins="h"
2026-08-14T13:25:21.832Z UPDATE docChanged chgCount=2357 isAutoApply=false paused=false pendingVerify=true isPending=false queued=false
2026-08-14T13:25:21.832Z   t0 change 2357->2357 | 2357->2358 | ins="e"
2026-08-14T13:25:22.197Z UPDATE docChanged chgCount=2358 isAutoApply=false paused=false pendingVerify=true isPending=false queued=false
2026-08-14T13:25:22.197Z   t0 change 2358->2358 | 2358->2359 | ins="."
2026-08-14T13:25:22.298Z   confirm FIRE ch=. pos=2358 span=[2088,2359) unit="see thats the issue - every time i type a correct sentence now it actuall y does worse than the toher one because it needs to think, but then it misses sentences where there is a mix of mistake types because it just thinks its solved it after adding a single apostrpehe."
2026-08-14T13:25:22.384Z UPDATE docChanged chgCount=2359 isAutoApply=false paused=false pendingVerify=true isPending=true queued=false
2026-08-14T13:25:22.384Z   t0 change 2359->2359 | 2359->2360 | ins=" "
2026-08-14T13:25:25.341Z UPDATE docChanged chgCount=2360 isAutoApply=true paused=false pendingVerify=true isPending=true queued=false
2026-08-14T13:25:52.439Z UPDATE docChanged chgCount=2360 isAutoApply=false paused=false pendingVerify=true isPending=false queued=false
2026-08-14T13:25:52.439Z   t0 change 2360->2360 | 2360->2361 | ins="\n"
2026-08-14T13:25:52.540Z   confirm FIRE ch=
 pos=2360 span=[1965,2360) unit="so a simple error like this should be fixable. And it was - but no capitalisation there? But i got it there, hmm. So, what. See thats the issue - every time i type a correct sentence now it actuall y does worse than the other one because it needs to think, but then it misses sentences where there is a mix of mistake types because it just thinks its solved it after adding a single apostrophe."
2026-08-14T13:25:52.734Z UPDATE docChanged chgCount=2361 isAutoApply=false paused=false pendingVerify=true isPending=true queued=false
2026-08-14T13:25:52.734Z   t0 change 2361->2361 | 2361->2362 | ins="o"
2026-08-14T13:25:52.828Z UPDATE docChanged chgCount=2362 isAutoApply=false paused=false pendingVerify=true isPending=true queued=false
2026-08-14T13:25:52.828Z   t0 change 2362->2362 | 2362->2363 | ins="k"
2026-08-14T13:25:52.932Z UPDATE docChanged chgCount=2363 isAutoApply=false paused=false pendingVerify=true isPending=true queued=false
2026-08-14T13:25:52.933Z   t0 change 2363->2363 | 2363->2364 | ins="a"
2026-08-14T13:25:53.062Z UPDATE docChanged chgCount=2364 isAutoApply=false paused=false pendingVerify=true isPending=true queued=false
2026-08-14T13:25:53.062Z   t0 change 2364->2364 | 2364->2365 | ins="y"
2026-08-14T13:25:53.190Z UPDATE docChanged chgCount=2365 isAutoApply=false paused=false pendingVerify=true isPending=true queued=false
2026-08-14T13:25:53.190Z   t0 change 2365->2365 | 2365->2366 | ins=" "
2026-08-14T13:25:53.480Z UPDATE docChanged chgCount=2366 isAutoApply=false paused=false pendingVerify=true isPending=true queued=false
2026-08-14T13:25:53.480Z   t0 change 2366->2366 | 2366->2367 | ins="n"
2026-08-14T13:25:53.609Z UPDATE docChanged chgCount=2367 isAutoApply=false paused=false pendingVerify=true isPending=true queued=false
2026-08-14T13:25:53.609Z   t0 change 2367->2367 | 2367->2368 | ins="o"
2026-08-14T13:25:53.692Z UPDATE docChanged chgCount=2368 isAutoApply=false paused=false pendingVerify=true isPending=true queued=false
2026-08-14T13:25:53.692Z   t0 change 2368->2368 | 2368->2369 | ins="w"
2026-08-14T13:25:53.797Z UPDATE docChanged chgCount=2369 isAutoApply=false paused=false pendingVerify=true isPending=true queued=false
2026-08-14T13:25:53.797Z   t0 change 2369->2369 | 2369->2370 | ins=" "
2026-08-14T13:25:53.912Z UPDATE docChanged chgCount=2370 isAutoApply=false paused=false pendingVerify=true isPending=true queued=false
2026-08-14T13:25:53.912Z   t0 change 2370->2370 | 2370->2371 | ins="w"
2026-08-14T13:25:54.084Z UPDATE docChanged chgCount=2371 isAutoApply=false paused=false pendingVerify=true isPending=true queued=false
2026-08-14T13:25:54.084Z   t0 change 2371->2371 | 2371->2372 | ins="e"
2026-08-14T13:25:54.250Z UPDATE docChanged chgCount=2372 isAutoApply=false paused=false pendingVerify=true isPending=true queued=false
2026-08-14T13:25:54.250Z   t0 change 2372->2372 | 2372->2373 | ins="'"
2026-08-14T13:25:54.412Z UPDATE docChanged chgCount=2373 isAutoApply=false paused=false pendingVerify=true isPending=true queued=false
2026-08-14T13:25:54.412Z   t0 change 2373->2373 | 2373->2374 | ins="r"
2026-08-14T13:25:54.474Z UPDATE docChanged chgCount=2374 isAutoApply=false paused=false pendingVerify=true isPending=true queued=false
2026-08-14T13:25:54.474Z   t0 change 2374->2374 | 2374->2375 | ins="e"
2026-08-14T13:25:54.590Z UPDATE docChanged chgCount=2375 isAutoApply=false paused=false pendingVerify=true isPending=true queued=false
2026-08-14T13:25:54.590Z   t0 change 2375->2375 | 2375->2376 | ins=" "
2026-08-14T13:25:54.737Z UPDATE docChanged chgCount=2376 isAutoApply=false paused=false pendingVerify=true isPending=true queued=false
2026-08-14T13:25:54.737Z   t0 change 2376->2376 | 2376->2377 | ins="t"
2026-08-14T13:25:54.821Z UPDATE docChanged chgCount=2377 isAutoApply=false paused=false pendingVerify=true isPending=true queued=false
2026-08-14T13:25:54.822Z   t0 change 2377->2377 | 2377->2378 | ins="r"
2026-08-14T13:25:54.984Z UPDATE docChanged chgCount=2378 isAutoApply=false paused=false pendingVerify=true isPending=true queued=false
2026-08-14T13:25:54.984Z   t0 change 2378->2378 | 2378->2379 | ins="y"
2026-08-14T13:25:55.078Z UPDATE docChanged chgCount=2379 isAutoApply=false paused=false pendingVerify=true isPending=true queued=false
2026-08-14T13:25:55.078Z   t0 change 2379->2379 | 2379->2380 | ins="i"
2026-08-14T13:25:55.145Z UPDATE docChanged chgCount=2380 isAutoApply=false paused=false pendingVerify=true isPending=true queued=false
2026-08-14T13:25:55.145Z   t0 change 2380->2380 | 2380->2381 | ins="n"
2026-08-14T13:25:55.260Z UPDATE docChanged chgCount=2381 isAutoApply=false paused=false pendingVerify=true isPending=true queued=false
2026-08-14T13:25:55.260Z   t0 change 2381->2381 | 2381->2382 | ins="g"
2026-08-14T13:25:55.362Z UPDATE docChanged chgCount=2382 isAutoApply=false paused=false pendingVerify=true isPending=true queued=false
2026-08-14T13:25:55.362Z   t0 change 2382->2382 | 2382->2383 | ins=" "
2026-08-14T13:25:55.545Z UPDATE docChanged chgCount=2383 isAutoApply=false paused=false pendingVerify=true isPending=true queued=false
2026-08-14T13:25:55.545Z   t0 change 2383->2383 | 2383->2384 | ins="m"
2026-08-14T13:25:55.585Z UPDATE docChanged chgCount=2384 isAutoApply=false paused=false pendingVerify=true isPending=true queued=false
2026-08-14T13:25:55.585Z   t0 change 2384->2384 | 2384->2385 | ins="a"
2026-08-14T13:25:55.665Z UPDATE docChanged chgCount=2385 isAutoApply=false paused=false pendingVerify=true isPending=true queued=false
2026-08-14T13:25:55.665Z   t0 change 2385->2385 | 2385->2386 | ins="x"
2026-08-14T13:25:55.849Z UPDATE docChanged chgCount=2386 isAutoApply=false paused=false pendingVerify=true isPending=true queued=false
2026-08-14T13:25:55.849Z   t0 change 2386->2386 | 2386->2387 | ins=" "
2026-08-14T13:25:56.008Z UPDATE docChanged chgCount=2387 isAutoApply=false paused=false pendingVerify=true isPending=true queued=false
2026-08-14T13:25:56.008Z   t0 change 2387->2387 | 2387->2388 | ins="t"
2026-08-14T13:25:56.083Z UPDATE docChanged chgCount=2388 isAutoApply=false paused=false pendingVerify=true isPending=true queued=false
2026-08-14T13:25:56.084Z   t0 change 2388->2388 | 2388->2389 | ins="h"
2026-08-14T13:25:56.185Z UPDATE docChanged chgCount=2389 isAutoApply=false paused=false pendingVerify=true isPending=true queued=false
2026-08-14T13:25:56.185Z   t0 change 2389->2389 | 2389->2390 | ins="i"
2026-08-14T13:25:56.332Z UPDATE docChanged chgCount=2390 isAutoApply=false paused=false pendingVerify=true isPending=true queued=false
2026-08-14T13:25:56.332Z   t0 change 2390->2390 | 2390->2391 | ins="n"
2026-08-14T13:25:56.416Z UPDATE docChanged chgCount=2391 isAutoApply=false paused=false pendingVerify=true isPending=true queued=false
2026-08-14T13:25:56.416Z   t0 change 2391->2391 | 2391->2392 | ins="k"
2026-08-14T13:25:56.673Z UPDATE docChanged chgCount=2392 isAutoApply=false paused=false pendingVerify=true isPending=true queued=false
2026-08-14T13:25:56.673Z   t0 change 2392->2392 | 2392->2393 | ins="i"
2026-08-14T13:25:56.741Z UPDATE docChanged chgCount=2393 isAutoApply=false paused=false pendingVerify=true isPending=true queued=false
2026-08-14T13:25:56.741Z   t0 change 2393->2393 | 2393->2394 | ins="n"
2026-08-14T13:25:56.849Z UPDATE docChanged chgCount=2394 isAutoApply=false paused=false pendingVerify=true isPending=true queued=false
2026-08-14T13:25:56.849Z   t0 change 2394->2394 | 2394->2395 | ins="g"
2026-08-14T13:25:56.945Z UPDATE docChanged chgCount=2395 isAutoApply=false paused=false pendingVerify=true isPending=true queued=false
2026-08-14T13:25:56.945Z   t0 change 2395->2395 | 2395->2396 | ins=" "
2026-08-14T13:25:57.113Z UPDATE docChanged chgCount=2396 isAutoApply=false paused=false pendingVerify=true isPending=true queued=false
2026-08-14T13:25:57.113Z   t0 change 2396->2396 | 2396->2397 | ins="m"
2026-08-14T13:25:57.212Z UPDATE docChanged chgCount=2397 isAutoApply=false paused=false pendingVerify=true isPending=true queued=false
2026-08-14T13:25:57.212Z   t0 change 2397->2397 | 2397->2398 | ins="o"
2026-08-14T13:25:57.260Z UPDATE docChanged chgCount=2398 isAutoApply=false paused=false pendingVerify=true isPending=true queued=false
2026-08-14T13:25:57.260Z   t0 change 2398->2398 | 2398->2399 | ins="d"
2026-08-14T13:25:57.317Z UPDATE docChanged chgCount=2399 isAutoApply=false paused=false pendingVerify=true isPending=true queued=false
2026-08-14T13:25:57.317Z   t0 change 2399->2399 | 2399->2400 | ins="e"
2026-08-14T13:25:57.577Z UPDATE docChanged chgCount=2400 isAutoApply=false paused=false pendingVerify=true isPending=true queued=false
2026-08-14T13:25:57.577Z   t0 change 2400->2400 | 2400->2401 | ins=" "
2026-08-14T13:25:57.637Z UPDATE docChanged chgCount=2401 isAutoApply=false paused=false pendingVerify=true isPending=true queued=false
2026-08-14T13:25:57.637Z   t0 change 2401->2401 | 2401->2402 | ins="-"
2026-08-14T13:25:57.736Z UPDATE docChanged chgCount=2402 isAutoApply=false paused=false pendingVerify=true isPending=true queued=false
2026-08-14T13:25:57.737Z   t0 change 2402->2402 | 2402->2403 | ins=" "
2026-08-14T13:25:58.269Z UPDATE docChanged chgCount=2403 isAutoApply=false paused=false pendingVerify=true isPending=true queued=false
2026-08-14T13:25:58.269Z   t0 change 2403->2403 | 2403->2404 | ins="i"
2026-08-14T13:25:58.369Z UPDATE docChanged chgCount=2404 isAutoApply=false paused=false pendingVerify=true isPending=true queued=false
2026-08-14T13:25:58.369Z   t0 change 2404->2404 | 2404->2405 | ins="t"
2026-08-14T13:25:58.525Z UPDATE docChanged chgCount=2405 isAutoApply=false paused=false pendingVerify=true isPending=true queued=false
2026-08-14T13:25:58.525Z   t0 change 2405->2405 | 2405->2406 | ins=" "
2026-08-14T13:25:59.868Z UPDATE docChanged chgCount=2406 isAutoApply=false paused=false pendingVerify=true isPending=true queued=false
2026-08-14T13:25:59.869Z   t0 change 2406->2406 | 2406->2407 | ins="s"
2026-08-14T13:25:59.977Z UPDATE docChanged chgCount=2407 isAutoApply=false paused=false pendingVerify=true isPending=true queued=false
2026-08-14T13:25:59.977Z   t0 change 2407->2407 | 2407->2408 | ins="h"
2026-08-14T13:26:00.125Z UPDATE docChanged chgCount=2408 isAutoApply=false paused=false pendingVerify=true isPending=true queued=false
2026-08-14T13:26:00.125Z   t0 change 2408->2408 | 2408->2409 | ins="o"
2026-08-14T13:26:00.237Z UPDATE docChanged chgCount=2409 isAutoApply=false paused=false pendingVerify=true isPending=true queued=false
2026-08-14T13:26:00.237Z   t0 change 2409->2409 | 2409->2410 | ins="u"
2026-08-14T13:26:00.405Z UPDATE docChanged chgCount=2410 isAutoApply=false paused=false pendingVerify=true isPending=true queued=false
2026-08-14T13:26:00.405Z   t0 change 2410->2410 | 2410->2411 | ins="l"
2026-08-14T13:26:00.457Z UPDATE docChanged chgCount=2411 isAutoApply=false paused=false pendingVerify=true isPending=true queued=false
2026-08-14T13:26:00.457Z   t0 change 2411->2411 | 2411->2412 | ins="d"
2026-08-14T13:26:00.585Z UPDATE docChanged chgCount=2412 isAutoApply=false paused=false pendingVerify=true isPending=true queued=false
2026-08-14T13:26:00.585Z   t0 change 2412->2412 | 2412->2413 | ins=" "
2026-08-14T13:26:00.993Z UPDATE docChanged chgCount=2413 isAutoApply=false paused=false pendingVerify=true isPending=true queued=false
2026-08-14T13:26:00.993Z   t0 change 2413->2413 | 2413->2414 | ins="t"
2026-08-14T13:26:01.068Z UPDATE docChanged chgCount=2414 isAutoApply=false paused=false pendingVerify=true isPending=true queued=false
2026-08-14T13:26:01.069Z   t0 change 2414->2414 | 2414->2415 | ins="h"
2026-08-14T13:26:01.216Z UPDATE docChanged chgCount=2415 isAutoApply=false paused=false pendingVerify=true isPending=true queued=false
2026-08-14T13:26:01.216Z   t0 change 2415->2415 | 2415->2416 | ins="i"
2026-08-14T13:26:01.324Z UPDATE docChanged chgCount=2416 isAutoApply=false paused=false pendingVerify=true isPending=true queued=false
2026-08-14T13:26:01.324Z   t0 change 2416->2416 | 2416->2417 | ins="m"
2026-08-14T13:26:01.719Z UPDATE docChanged chgCount=2417 isAutoApply=false paused=false pendingVerify=true isPending=true queued=false
2026-08-14T13:26:01.719Z   t0 change 2416->2417 | 2416->2416 | ins=""
2026-08-14T13:26:01.926Z UPDATE docChanged chgCount=2416 isAutoApply=false paused=false pendingVerify=true isPending=true queued=false
2026-08-14T13:26:01.926Z   t0 change 2416->2416 | 2416->2417 | ins="n"
2026-08-14T13:26:02.045Z UPDATE docChanged chgCount=2417 isAutoApply=false paused=false pendingVerify=true isPending=true queued=false
2026-08-14T13:26:02.045Z   t0 change 2417->2417 | 2417->2418 | ins="k"
2026-08-14T13:26:02.205Z UPDATE docChanged chgCount=2418 isAutoApply=false paused=false pendingVerify=true isPending=true queued=false
2026-08-14T13:26:02.205Z   t0 change 2418->2418 | 2418->2419 | ins=" "
2026-08-14T13:26:02.352Z UPDATE docChanged chgCount=2419 isAutoApply=false paused=false pendingVerify=true isPending=true queued=false
2026-08-14T13:26:02.352Z   t0 change 2419->2419 | 2419->2420 | ins="o"
2026-08-14T13:26:02.470Z UPDATE docChanged chgCount=2420 isAutoApply=false paused=false pendingVerify=true isPending=true queued=false
2026-08-14T13:26:02.470Z   t0 change 2420->2420 | 2420->2421 | ins="v"
2026-08-14T13:26:02.597Z UPDATE docChanged chgCount=2421 isAutoApply=false paused=false pendingVerify=true isPending=true queued=false
2026-08-14T13:26:02.597Z   t0 change 2421->2421 | 2421->2422 | ins="e"
2026-08-14T13:26:02.672Z UPDATE docChanged chgCount=2422 isAutoApply=false paused=false pendingVerify=true isPending=true queued=false
2026-08-14T13:26:02.672Z   t0 change 2422->2422 | 2422->2423 | ins="r"
2026-08-14T13:26:02.776Z UPDATE docChanged chgCount=2423 isAutoApply=false paused=false pendingVerify=true isPending=true queued=false
2026-08-14T13:26:02.776Z   t0 change 2423->2423 | 2423->2424 | ins=" "
2026-08-14T13:26:03.354Z UPDATE docChanged chgCount=2424 isAutoApply=false paused=false pendingVerify=true isPending=true queued=false
2026-08-14T13:26:03.354Z   t0 change 2424->2424 | 2424->2425 | ins="e"
2026-08-14T13:26:03.443Z UPDATE docChanged chgCount=2425 isAutoApply=false paused=false pendingVerify=true isPending=true queued=false
2026-08-14T13:26:03.443Z   t0 change 2425->2425 | 2425->2426 | ins="v"
2026-08-14T13:26:03.559Z UPDATE docChanged chgCount=2426 isAutoApply=false paused=false pendingVerify=true isPending=true queued=false
2026-08-14T13:26:03.559Z   t0 change 2426->2426 | 2426->2427 | ins="e"
2026-08-14T13:26:03.630Z UPDATE docChanged chgCount=2427 isAutoApply=false paused=false pendingVerify=true isPending=true queued=false
2026-08-14T13:26:03.630Z   t0 change 2427->2427 | 2427->2428 | ins="r"
2026-08-14T13:26:03.706Z UPDATE docChanged chgCount=2428 isAutoApply=false paused=false pendingVerify=true isPending=true queued=false
2026-08-14T13:26:03.707Z   t0 change 2428->2428 | 2428->2429 | ins="y"
2026-08-14T13:26:03.798Z UPDATE docChanged chgCount=2429 isAutoApply=false paused=false pendingVerify=true isPending=true queued=false
2026-08-14T13:26:03.799Z   t0 change 2429->2429 | 2429->2430 | ins=" "
2026-08-14T13:26:03.954Z UPDATE docChanged chgCount=2430 isAutoApply=false paused=false pendingVerify=true isPending=true queued=false
2026-08-14T13:26:03.954Z   t0 change 2430->2430 | 2430->2431 | ins="s"
2026-08-14T13:26:04.030Z UPDATE docChanged chgCount=2431 isAutoApply=false paused=false pendingVerify=true isPending=true queued=false
2026-08-14T13:26:04.030Z   t0 change 2431->2431 | 2431->2432 | ins="e"
2026-08-14T13:26:04.138Z UPDATE docChanged chgCount=2432 isAutoApply=false paused=false pendingVerify=true isPending=true queued=false
2026-08-14T13:26:04.139Z   t0 change 2432->2432 | 2432->2433 | ins="n"
2026-08-14T13:26:04.283Z UPDATE docChanged chgCount=2433 isAutoApply=false paused=false pendingVerify=true isPending=true queued=false
2026-08-14T13:26:04.283Z   t0 change 2433->2433 | 2433->2434 | ins="t"
2026-08-14T13:26:04.395Z UPDATE docChanged chgCount=2434 isAutoApply=false paused=false pendingVerify=true isPending=true queued=false
2026-08-14T13:26:04.395Z   t0 change 2434->2434 | 2434->2435 | ins="e"
2026-08-14T13:26:04.515Z UPDATE docChanged chgCount=2435 isAutoApply=false paused=false pendingVerify=true isPending=true queued=false
2026-08-14T13:26:04.515Z   t0 change 2435->2435 | 2435->2436 | ins="n"
2026-08-14T13:26:04.633Z UPDATE docChanged chgCount=2436 isAutoApply=false paused=false pendingVerify=true isPending=true queued=false
2026-08-14T13:26:04.633Z   t0 change 2436->2436 | 2436->2437 | ins="c"
2026-08-14T13:26:04.729Z UPDATE docChanged chgCount=2437 isAutoApply=false paused=false pendingVerify=true isPending=true queued=false
2026-08-14T13:26:04.729Z   t0 change 2437->2437 | 2437->2438 | ins="e"
2026-08-14T13:26:04.774Z UPDATE docChanged chgCount=2438 isAutoApply=false paused=false pendingVerify=true isPending=true queued=false
2026-08-14T13:26:04.774Z   t0 change 2438->2438 | 2438->2439 | ins=" "
2026-08-14T13:26:04.920Z UPDATE docChanged chgCount=2439 isAutoApply=false paused=false pendingVerify=true isPending=true queued=false
2026-08-14T13:26:04.920Z   t0 change 2439->2439 | 2439->2440 | ins="i"
2026-08-14T13:26:05.085Z UPDATE docChanged chgCount=2440 isAutoApply=false paused=false pendingVerify=true isPending=true queued=false
2026-08-14T13:26:05.085Z   t0 change 2440->2440 | 2440->2441 | ins=" "
2026-08-14T13:26:05.303Z UPDATE docChanged chgCount=2441 isAutoApply=false paused=false pendingVerify=true isPending=true queued=false
2026-08-14T13:26:05.303Z   t0 change 2441->2441 | 2441->2442 | ins="y"
2026-08-14T13:26:05.711Z UPDATE docChanged chgCount=2442 isAutoApply=false paused=false pendingVerify=true isPending=true queued=false
2026-08-14T13:26:05.711Z   t0 change 2441->2442 | 2441->2441 | ins=""
2026-08-14T13:26:05.792Z UPDATE docChanged chgCount=2441 isAutoApply=false paused=false pendingVerify=true isPending=true queued=false
2026-08-14T13:26:05.792Z   t0 change 2441->2441 | 2441->2442 | ins="t"
2026-08-14T13:26:05.984Z UPDATE docChanged chgCount=2442 isAutoApply=false paused=false pendingVerify=true isPending=true queued=false
2026-08-14T13:26:05.984Z   t0 change 2442->2442 | 2442->2443 | ins="y"
2026-08-14T13:26:06.044Z UPDATE docChanged chgCount=2443 isAutoApply=false paused=false pendingVerify=true isPending=true queued=false
2026-08-14T13:26:06.045Z   t0 change 2443->2443 | 2443->2444 | ins="p"
2026-08-14T13:26:06.144Z UPDATE docChanged chgCount=2444 isAutoApply=false paused=false pendingVerify=true isPending=true queued=false
2026-08-14T13:26:06.144Z   t0 change 2444->2444 | 2444->2445 | ins="e"
2026-08-14T13:26:06.221Z UPDATE docChanged chgCount=2445 isAutoApply=false paused=false pendingVerify=true isPending=true queued=false
2026-08-14T13:26:06.221Z   t0 change 2445->2445 | 2445->2446 | ins=" "
2026-08-14T13:26:06.364Z UPDATE docChanged chgCount=2446 isAutoApply=false paused=false pendingVerify=true isPending=true queued=false
2026-08-14T13:26:06.364Z   t0 change 2446->2446 | 2446->2447 | ins="w"
2026-08-14T13:26:06.469Z UPDATE docChanged chgCount=2447 isAutoApply=false paused=false pendingVerify=true isPending=true queued=false
2026-08-14T13:26:06.469Z   t0 change 2447->2447 | 2447->2448 | ins="h"
2026-08-14T13:26:06.536Z UPDATE docChanged chgCount=2448 isAutoApply=false paused=false pendingVerify=true isPending=true queued=false
2026-08-14T13:26:06.536Z   t0 change 2448->2448 | 2448->2449 | ins="i"
2026-08-14T13:26:06.609Z UPDATE docChanged chgCount=2449 isAutoApply=false paused=false pendingVerify=true isPending=true queued=false
2026-08-14T13:26:06.609Z   t0 change 2449->2449 | 2449->2450 | ins="c"
2026-08-14T13:26:06.688Z UPDATE docChanged chgCount=2450 isAutoApply=false paused=false pendingVerify=true isPending=true queued=false
2026-08-14T13:26:06.688Z   t0 change 2450->2450 | 2450->2451 | ins="h"
2026-08-14T13:26:06.736Z UPDATE docChanged chgCount=2451 isAutoApply=false paused=false pendingVerify=true isPending=true queued=false
2026-08-14T13:26:06.737Z   t0 change 2451->2451 | 2451->2452 | ins=" "
2026-08-14T13:26:06.881Z UPDATE docChanged chgCount=2452 isAutoApply=false paused=false pendingVerify=true isPending=true queued=false
2026-08-14T13:26:06.881Z   t0 change 2452->2452 | 2452->2453 | ins="w"
2026-08-14T13:26:06.989Z UPDATE docChanged chgCount=2453 isAutoApply=false paused=false pendingVerify=true isPending=true queued=false
2026-08-14T13:26:06.989Z   t0 change 2453->2453 | 2453->2454 | ins="i"
2026-08-14T13:26:07.188Z UPDATE docChanged chgCount=2454 isAutoApply=false paused=false pendingVerify=true isPending=true queued=false
2026-08-14T13:26:07.188Z   t0 change 2454->2454 | 2454->2455 | ins="l"
2026-08-14T13:26:07.305Z UPDATE docChanged chgCount=2455 isAutoApply=false paused=false pendingVerify=true isPending=true queued=false
2026-08-14T13:26:07.305Z   t0 change 2455->2455 | 2455->2456 | ins="l"
2026-08-14T13:26:07.409Z UPDATE docChanged chgCount=2456 isAutoApply=false paused=false pendingVerify=true isPending=true queued=false
2026-08-14T13:26:07.409Z   t0 change 2456->2456 | 2456->2457 | ins=" "
2026-08-14T13:26:07.488Z UPDATE docChanged chgCount=2457 isAutoApply=false paused=false pendingVerify=true isPending=true queued=false
2026-08-14T13:26:07.488Z   t0 change 2457->2457 | 2457->2458 | ins="s"
2026-08-14T13:26:07.593Z UPDATE docChanged chgCount=2458 isAutoApply=false paused=false pendingVerify=true isPending=true queued=false
2026-08-14T13:26:07.593Z   t0 change 2458->2458 | 2458->2459 | ins="l"
2026-08-14T13:26:07.749Z UPDATE docChanged chgCount=2459 isAutoApply=false paused=false pendingVerify=true isPending=true queued=false
2026-08-14T13:26:07.749Z   t0 change 2459->2459 | 2459->2460 | ins="o"
2026-08-14T13:26:07.755Z UPDATE docChanged chgCount=2460 isAutoApply=false paused=false pendingVerify=true isPending=true queued=false
2026-08-14T13:26:07.755Z   t0 change 2460->2460 | 2460->2461 | ins="w"
2026-08-14T13:26:07.880Z UPDATE docChanged chgCount=2461 isAutoApply=false paused=false pendingVerify=true isPending=true queued=false
2026-08-14T13:26:07.881Z   t0 change 2461->2461 | 2461->2462 | ins=" "
2026-08-14T13:26:07.985Z UPDATE docChanged chgCount=2462 isAutoApply=false paused=false pendingVerify=true isPending=true queued=false
2026-08-14T13:26:07.985Z   t0 change 2462->2462 | 2462->2463 | ins="i"
2026-08-14T13:26:08.077Z UPDATE docChanged chgCount=2463 isAutoApply=false paused=false pendingVerify=true isPending=true queued=false
2026-08-14T13:26:08.077Z   t0 change 2463->2463 | 2463->2464 | ins="t"
2026-08-14T13:26:08.141Z UPDATE docChanged chgCount=2464 isAutoApply=false paused=false pendingVerify=true isPending=true queued=false
2026-08-14T13:26:08.141Z   t0 change 2464->2464 | 2464->2465 | ins=" "
2026-08-14T13:26:08.309Z UPDATE docChanged chgCount=2465 isAutoApply=false paused=false pendingVerify=true isPending=true queued=false
2026-08-14T13:26:08.309Z   t0 change 2465->2465 | 2465->2466 | ins="d"
2026-08-14T13:26:08.364Z UPDATE docChanged chgCount=2466 isAutoApply=false paused=false pendingVerify=true isPending=true queued=false
2026-08-14T13:26:08.364Z   t0 change 2466->2466 | 2466->2467 | ins="o"
2026-08-14T13:26:08.481Z UPDATE docChanged chgCount=2467 isAutoApply=false paused=false pendingVerify=true isPending=true queued=false
2026-08-14T13:26:08.481Z   t0 change 2467->2467 | 2467->2468 | ins="w"
2026-08-14T13:26:08.537Z UPDATE docChanged chgCount=2468 isAutoApply=false paused=false pendingVerify=true isPending=true queued=false
2026-08-14T13:26:08.537Z   t0 change 2468->2468 | 2468->2469 | ins="n"
2026-08-14T13:26:08.645Z UPDATE docChanged chgCount=2469 isAutoApply=false paused=false pendingVerify=true isPending=true queued=false
2026-08-14T13:26:08.645Z   t0 change 2469->2469 | 2469->2470 | ins=" "
2026-08-14T13:26:08.821Z UPDATE docChanged chgCount=2470 isAutoApply=false paused=false pendingVerify=true isPending=true queued=false
2026-08-14T13:26:08.821Z   t0 change 2470->2470 | 2470->2471 | ins="b"
2026-08-14T13:26:08.934Z UPDATE docChanged chgCount=2471 isAutoApply=false paused=false pendingVerify=true isPending=true queued=false
2026-08-14T13:26:08.934Z   t0 change 2471->2471 | 2471->2472 | ins="u"
2026-08-14T13:26:08.988Z UPDATE docChanged chgCount=2472 isAutoApply=false paused=false pendingVerify=true isPending=true queued=false
2026-08-14T13:26:08.989Z   t0 change 2472->2472 | 2472->2473 | ins=" "
2026-08-14T13:26:09.041Z UPDATE docChanged chgCount=2473 isAutoApply=false paused=false pendingVerify=true isPending=true queued=false
2026-08-14T13:26:09.041Z   t0 change 2473->2473 | 2473->2474 | ins="t"
2026-08-14T13:26:09.265Z UPDATE docChanged chgCount=2474 isAutoApply=false paused=false pendingVerify=true isPending=true queued=false
2026-08-14T13:26:09.265Z   t0 change 2474->2474 | 2474->2475 | ins="h"
2026-08-14T13:26:10.636Z UPDATE docChanged chgCount=2475 isAutoApply=false paused=false pendingVerify=true isPending=true queued=false
2026-08-14T13:26:10.637Z   t0 change 2475->2475 | 2475->2476 | ins="o"
2026-08-14T13:26:10.720Z UPDATE docChanged chgCount=2476 isAutoApply=false paused=false pendingVerify=true isPending=true queued=false
2026-08-14T13:26:10.720Z   t0 change 2476->2476 | 2476->2477 | ins="p"
2026-08-14T13:26:10.961Z UPDATE docChanged chgCount=2477 isAutoApply=false paused=false pendingVerify=true isPending=true queued=false
2026-08-14T13:26:10.961Z   t0 change 2477->2477 | 2477->2478 | ins="e"
2026-08-14T13:26:11.101Z UPDATE docChanged chgCount=2478 isAutoApply=true paused=false pendingVerify=true isPending=true queued=false
2026-08-14T13:26:11.197Z UPDATE docChanged chgCount=2478 isAutoApply=false paused=false pendingVerify=true isPending=false queued=false
2026-08-14T13:26:11.197Z   t0 change 2478->2478 | 2478->2479 | ins="f"
2026-08-14T13:26:11.288Z UPDATE docChanged chgCount=2479 isAutoApply=false paused=false pendingVerify=true isPending=false queued=false
2026-08-14T13:26:11.288Z   t0 change 2479->2479 | 2479->2480 | ins="u"
2026-08-14T13:26:11.452Z UPDATE docChanged chgCount=2480 isAutoApply=false paused=false pendingVerify=true isPending=false queued=false
2026-08-14T13:26:11.452Z   t0 change 2480->2480 | 2480->2481 | ins="u"
2026-08-14T13:26:11.641Z UPDATE docChanged chgCount=2481 isAutoApply=false paused=false pendingVerify=true isPending=false queued=false
2026-08-14T13:26:11.641Z   t0 change 2481->2481 | 2481->2482 | ins="l"
2026-08-14T13:26:11.793Z UPDATE docChanged chgCount=2482 isAutoApply=false paused=false pendingVerify=true isPending=false queued=false
2026-08-14T13:26:11.793Z   t0 change 2482->2482 | 2482->2483 | ins="y"
2026-08-14T13:26:12.273Z UPDATE docChanged chgCount=2483 isAutoApply=false paused=false pendingVerify=true isPending=false queued=false
2026-08-14T13:26:12.273Z   t0 change 2483->2483 | 2483->2484 | ins=" "
2026-08-14T13:26:12.756Z UPDATE docChanged chgCount=2484 isAutoApply=false paused=false pendingVerify=true isPending=false queued=false
2026-08-14T13:26:12.756Z   t0 change 2484->2484 | 2484->2485 | ins="c"
2026-08-14T13:26:12.909Z UPDATE docChanged chgCount=2485 isAutoApply=false paused=false pendingVerify=true isPending=false queued=false
2026-08-14T13:26:12.909Z   t0 change 2485->2485 | 2485->2486 | ins="a"
2026-08-14T13:26:13.020Z UPDATE docChanged chgCount=2486 isAutoApply=false paused=false pendingVerify=true isPending=false queued=false
2026-08-14T13:26:13.020Z   t0 change 2486->2486 | 2486->2487 | ins="t"
2026-08-14T13:26:13.308Z UPDATE docChanged chgCount=2487 isAutoApply=false paused=false pendingVerify=true isPending=false queued=false
2026-08-14T13:26:13.308Z   t0 change 2487->2487 | 2487->2488 | ins="h"
2026-08-14T13:26:13.412Z UPDATE docChanged chgCount=2488 isAutoApply=false paused=false pendingVerify=true isPending=false queued=false
2026-08-14T13:26:13.412Z   t0 change 2488->2488 | 2488->2489 | ins=" "
2026-08-14T13:26:14.023Z UPDATE docChanged chgCount=2489 isAutoApply=false paused=false pendingVerify=true isPending=false queued=false
2026-08-14T13:26:14.023Z   t0 change 2488->2489 | 2488->2488 | ins=""
2026-08-14T13:26:14.136Z UPDATE docChanged chgCount=2488 isAutoApply=false paused=false pendingVerify=true isPending=false queued=false
2026-08-14T13:26:14.136Z   t0 change 2488->2488 | 2488->2489 | ins="c"
2026-08-14T13:26:14.580Z UPDATE docChanged chgCount=2489 isAutoApply=false paused=false pendingVerify=true isPending=false queued=false
2026-08-14T13:26:14.580Z   t0 change 2489->2489 | 2489->2490 | ins=" "
2026-08-14T13:26:14.921Z UPDATE docChanged chgCount=2490 isAutoApply=false paused=false pendingVerify=true isPending=false queued=false
2026-08-14T13:26:14.921Z   t0 change 2490->2490 | 2490->2491 | ins="e"
2026-08-14T13:26:15.084Z UPDATE docChanged chgCount=2491 isAutoApply=false paused=false pendingVerify=true isPending=false queued=false
2026-08-14T13:26:15.084Z   t0 change 2491->2491 | 2491->2492 | ins="v"
2026-08-14T13:26:15.160Z UPDATE docChanged chgCount=2492 isAutoApply=false paused=false pendingVerify=true isPending=false queued=false
2026-08-14T13:26:15.160Z   t0 change 2492->2492 | 2492->2493 | ins="e"
2026-08-14T13:26:15.232Z UPDATE docChanged chgCount=2493 isAutoApply=false paused=false pendingVerify=true isPending=false queued=false
2026-08-14T13:26:15.232Z   t0 change 2493->2493 | 2493->2494 | ins="r"
2026-08-14T13:26:15.289Z UPDATE docChanged chgCount=2494 isAutoApply=false paused=false pendingVerify=true isPending=false queued=false
2026-08-14T13:26:15.289Z   t0 change 2494->2494 | 2494->2495 | ins="y"
2026-08-14T13:26:15.452Z UPDATE docChanged chgCount=2495 isAutoApply=false paused=false pendingVerify=true isPending=false queued=false
2026-08-14T13:26:15.452Z   t0 change 2495->2495 | 2495->2496 | ins="t"
2026-08-14T13:26:15.537Z UPDATE docChanged chgCount=2496 isAutoApply=false paused=false pendingVerify=true isPending=false queued=false
2026-08-14T13:26:15.537Z   t0 change 2496->2496 | 2496->2497 | ins="h"
2026-08-14T13:26:15.641Z UPDATE docChanged chgCount=2497 isAutoApply=false paused=false pendingVerify=true isPending=false queued=false
2026-08-14T13:26:15.641Z   t0 change 2497->2497 | 2497->2498 | ins="i"
2026-08-14T13:26:15.749Z UPDATE docChanged chgCount=2498 isAutoApply=false paused=false pendingVerify=true isPending=false queued=false
2026-08-14T13:26:15.749Z   t0 change 2498->2498 | 2498->2499 | ins="n"
2026-08-14T13:26:15.817Z UPDATE docChanged chgCount=2499 isAutoApply=false paused=false pendingVerify=true isPending=false queued=false
2026-08-14T13:26:15.817Z   t0 change 2499->2499 | 2499->2500 | ins="g"
2026-08-14T13:26:16.121Z UPDATE docChanged chgCount=2500 isAutoApply=false paused=false pendingVerify=true isPending=false queued=false
2026-08-14T13:26:16.121Z   t0 change 2500->2500 | 2500->2501 | ins="."
2026-08-14T13:26:16.221Z   confirm FIRE ch=. pos=2500 span=[2359,2501) unit="okay now we're trying max thinking mode - it should think over every sentence i type which will slow it down bu thopefuuly cathc everything."
2026-08-14T13:26:16.299Z UPDATE docChanged chgCount=2501 isAutoApply=false paused=false pendingVerify=true isPending=true queued=false
2026-08-14T13:26:16.299Z   t0 change 2501->2501 | 2501->2502 | ins=" "
2026-08-14T13:26:16.740Z UPDATE docChanged chgCount=2502 isAutoApply=false paused=false pendingVerify=true isPending=true queued=false
2026-08-14T13:26:16.740Z   t0 change 2502->2502 | 2502->2503 | ins="W"
2026-08-14T13:26:16.943Z UPDATE docChanged chgCount=2503 isAutoApply=false paused=false pendingVerify=true isPending=true queued=false
2026-08-14T13:26:16.944Z   t0 change 2503->2503 | 2503->2504 | ins="h"
2026-08-14T13:26:17.063Z UPDATE docChanged chgCount=2504 isAutoApply=false paused=false pendingVerify=true isPending=true queued=false
2026-08-14T13:26:17.063Z   t0 change 2504->2504 | 2504->2505 | ins="i"
2026-08-14T13:26:17.091Z UPDATE docChanged chgCount=2505 isAutoApply=false paused=false pendingVerify=true isPending=true queued=false
2026-08-14T13:26:17.091Z   t0 change 2505->2505 | 2505->2506 | ins="c"
2026-08-14T13:26:17.215Z UPDATE docChanged chgCount=2506 isAutoApply=false paused=false pendingVerify=true isPending=true queued=false
2026-08-14T13:26:17.215Z   t0 change 2506->2506 | 2506->2507 | ins="h"
2026-08-14T13:26:17.269Z UPDATE docChanged chgCount=2507 isAutoApply=false paused=false pendingVerify=true isPending=true queued=false
2026-08-14T13:26:17.269Z   t0 change 2507->2507 | 2507->2508 | ins=" "
2026-08-14T13:26:17.525Z UPDATE docChanged chgCount=2508 isAutoApply=false paused=false pendingVerify=true isPending=true queued=false
2026-08-14T13:26:17.525Z   t0 change 2508->2508 | 2508->2509 | ins="p"
2026-08-14T13:26:17.609Z UPDATE docChanged chgCount=2509 isAutoApply=false paused=false pendingVerify=true isPending=true queued=false
2026-08-14T13:26:17.609Z   t0 change 2509->2509 | 2509->2510 | ins="e"
2026-08-14T13:26:17.690Z UPDATE docChanged chgCount=2510 isAutoApply=false paused=false pendingVerify=true isPending=true queued=false
2026-08-14T13:26:17.690Z   t0 change 2510->2510 | 2510->2511 | ins="r"
2026-08-14T13:26:17.796Z UPDATE docChanged chgCount=2511 isAutoApply=false paused=false pendingVerify=true isPending=true queued=false
2026-08-14T13:26:17.797Z   t0 change 2511->2511 | 2511->2512 | ins="h"
2026-08-14T13:26:17.941Z UPDATE docChanged chgCount=2512 isAutoApply=false paused=false pendingVerify=true isPending=true queued=false
2026-08-14T13:26:17.941Z   t0 change 2512->2512 | 2512->2513 | ins="a"
2026-08-14T13:26:18.033Z UPDATE docChanged chgCount=2513 isAutoApply=false paused=false pendingVerify=true isPending=true queued=false
2026-08-14T13:26:18.033Z   t0 change 2513->2513 | 2513->2514 | ins="p"
2026-08-14T13:26:18.141Z UPDATE docChanged chgCount=2514 isAutoApply=false paused=false pendingVerify=true isPending=true queued=false
2026-08-14T13:26:18.141Z   t0 change 2514->2514 | 2514->2515 | ins="s"
2026-08-14T13:26:18.190Z UPDATE docChanged chgCount=2515 isAutoApply=false paused=false pendingVerify=true isPending=true queued=false
2026-08-14T13:26:18.190Z   t0 change 2515->2515 | 2515->2516 | ins=" "
2026-08-14T13:26:18.375Z UPDATE docChanged chgCount=2516 isAutoApply=false paused=false pendingVerify=true isPending=true queued=false
2026-08-14T13:26:18.375Z   t0 change 2516->2516 | 2516->2517 | ins="w"
2026-08-14T13:26:18.448Z UPDATE docChanged chgCount=2517 isAutoApply=false paused=false pendingVerify=true isPending=true queued=false
2026-08-14T13:26:18.448Z   t0 change 2517->2517 | 2517->2518 | ins="o"
2026-08-14T13:26:18.567Z UPDATE docChanged chgCount=2518 isAutoApply=false paused=false pendingVerify=true isPending=true queued=false
2026-08-14T13:26:18.567Z   t0 change 2518->2518 | 2518->2519 | ins="u"
2026-08-14T13:26:18.751Z UPDATE docChanged chgCount=2519 isAutoApply=false paused=false pendingVerify=true isPending=true queued=false
2026-08-14T13:26:18.751Z   t0 change 2519->2519 | 2519->2520 | ins="l"
2026-08-14T13:26:18.827Z UPDATE docChanged chgCount=2520 isAutoApply=false paused=false pendingVerify=true isPending=true queued=false
2026-08-14T13:26:18.827Z   t0 change 2520->2520 | 2520->2521 | ins="d"
2026-08-14T13:26:18.916Z UPDATE docChanged chgCount=2521 isAutoApply=false paused=false pendingVerify=true isPending=true queued=false
2026-08-14T13:26:18.916Z   t0 change 2521->2521 | 2521->2522 | ins=" "
2026-08-14T13:26:19.148Z UPDATE docChanged chgCount=2522 isAutoApply=false paused=false pendingVerify=true isPending=true queued=false
2026-08-14T13:26:19.148Z   t0 change 2522->2522 | 2522->2523 | ins="n"
2026-08-14T13:26:19.465Z UPDATE docChanged chgCount=2523 isAutoApply=false paused=false pendingVerify=true isPending=true queued=false
2026-08-14T13:26:19.465Z   t0 change 2523->2523 | 2523->2524 | ins="m"
2026-08-14T13:26:19.621Z UPDATE docChanged chgCount=2524 isAutoApply=false paused=false pendingVerify=true isPending=true queued=false
2026-08-14T13:26:19.621Z   t0 change 2524->2524 | 2524->2525 | ins="a"
2026-08-14T13:26:19.765Z UPDATE docChanged chgCount=2525 isAutoApply=false paused=false pendingVerify=true isPending=true queued=false
2026-08-14T13:26:19.765Z   t0 change 2525->2525 | 2525->2526 | ins="e"
2026-08-14T13:26:19.893Z UPDATE docChanged chgCount=2526 isAutoApply=false paused=false pendingVerify=true isPending=true queued=false
2026-08-14T13:26:19.893Z   t0 change 2526->2526 | 2526->2527 | ins="k"
2026-08-14T13:26:20.053Z UPDATE docChanged chgCount=2527 isAutoApply=false paused=false pendingVerify=true isPending=true queued=false
2026-08-14T13:26:20.053Z   t0 change 2527->2527 | 2527->2528 | ins=" "
2026-08-14T13:26:20.361Z UPDATE docChanged chgCount=2528 isAutoApply=false paused=false pendingVerify=true isPending=true queued=false
2026-08-14T13:26:20.361Z   t0 change 2528->2528 | 2528->2529 | ins="h"
2026-08-14T13:26:20.388Z UPDATE docChanged chgCount=2529 isAutoApply=false paused=false pendingVerify=true isPending=true queued=false
2026-08-14T13:26:20.388Z   t0 change 2529->2529 | 2529->2530 | ins="t"
2026-08-14T13:26:20.505Z UPDATE docChanged chgCount=2530 isAutoApply=false paused=false pendingVerify=true isPending=true queued=false
2026-08-14T13:26:20.505Z   t0 change 2530->2530 | 2530->2531 | ins="e"
2026-08-14T13:26:20.609Z UPDATE docChanged chgCount=2531 isAutoApply=false paused=false pendingVerify=true isPending=true queued=false
2026-08-14T13:26:20.609Z   t0 change 2531->2531 | 2531->2532 | ins=" "
2026-08-14T13:26:20.913Z UPDATE docChanged chgCount=2532 isAutoApply=false paused=false pendingVerify=true isPending=true queued=false
2026-08-14T13:26:20.913Z   t0 change 2532->2532 | 2532->2533 | ins="c"
2026-08-14T13:26:20.985Z UPDATE docChanged chgCount=2533 isAutoApply=false paused=false pendingVerify=true isPending=true queued=false
2026-08-14T13:26:20.985Z   t0 change 2533->2533 | 2533->2534 | ins="o"
2026-08-14T13:26:21.077Z UPDATE docChanged chgCount=2534 isAutoApply=false paused=false pendingVerify=true isPending=true queued=false
2026-08-14T13:26:21.077Z   t0 change 2534->2534 | 2534->2535 | ins="s"
2026-08-14T13:26:21.214Z UPDATE docChanged chgCount=2535 isAutoApply=false paused=false pendingVerify=true isPending=true queued=false
2026-08-14T13:26:21.214Z   t0 change 2535->2535 | 2535->2536 | ins="t"
2026-08-14T13:26:21.285Z UPDATE docChanged chgCount=2536 isAutoApply=false paused=false pendingVerify=true isPending=true queued=false
2026-08-14T13:26:21.285Z   t0 change 2536->2536 | 2536->2537 | ins=" "
2026-08-14T13:26:22.312Z UPDATE docChanged chgCount=2537 isAutoApply=false paused=false pendingVerify=true isPending=true queued=false
2026-08-14T13:26:22.313Z   t0 change 2537->2537 | 2537->2538 | ins="w"
2026-08-14T13:26:22.397Z UPDATE docChanged chgCount=2538 isAutoApply=false paused=false pendingVerify=true isPending=true queued=false
2026-08-14T13:26:22.397Z   t0 change 2538->2538 | 2538->2539 | ins="o"
2026-08-14T13:26:22.493Z UPDATE docChanged chgCount=2539 isAutoApply=false paused=false pendingVerify=true isPending=true queued=false
2026-08-14T13:26:22.493Z   t0 change 2539->2539 | 2539->2540 | ins="r"
2026-08-14T13:26:22.714Z UPDATE docChanged chgCount=2540 isAutoApply=false paused=false pendingVerify=true isPending=true queued=false
2026-08-14T13:26:22.714Z   t0 change 2540->2540 | 2540->2541 | ins="t"
2026-08-14T13:26:22.821Z UPDATE docChanged chgCount=2541 isAutoApply=false paused=false pendingVerify=true isPending=true queued=false
2026-08-14T13:26:22.821Z   t0 change 2541->2541 | 2541->2542 | ins="h"
2026-08-14T13:26:22.940Z UPDATE docChanged chgCount=2542 isAutoApply=false paused=false pendingVerify=true isPending=true queued=false
2026-08-14T13:26:22.940Z   t0 change 2542->2542 | 2542->2543 | ins=" "
2026-08-14T13:26:23.105Z UPDATE docChanged chgCount=2543 isAutoApply=false paused=false pendingVerify=true isPending=true queued=false
2026-08-14T13:26:23.105Z   t0 change 2543->2543 | 2543->2544 | ins="i"
2026-08-14T13:26:23.145Z UPDATE docChanged chgCount=2544 isAutoApply=false paused=false pendingVerify=true isPending=true queued=false
2026-08-14T13:26:23.145Z   t0 change 2544->2544 | 2544->2545 | ins="t"
2026-08-14T13:26:23.541Z UPDATE docChanged chgCount=2545 isAutoApply=false paused=false pendingVerify=true isPending=true queued=false
2026-08-14T13:26:23.541Z   t0 change 2545->2545 | 2545->2546 | ins="."
2026-08-14T13:26:23.641Z   confirm FIRE ch=. pos=2545 span=[2501,2546) unit="Which perhaps would nmaek hte cost worth it."
2026-08-14T13:26:23.758Z UPDATE docChanged chgCount=2546 isAutoApply=false paused=false pendingVerify=true isPending=true queued=true
2026-08-14T13:26:23.758Z   t0 change 2546->2546 | 2546->2547 | ins=" "
2026-08-14T13:26:24.505Z UPDATE docChanged chgCount=2547 isAutoApply=false paused=false pendingVerify=true isPending=true queued=true
2026-08-14T13:26:24.506Z   t0 change 2547->2547 | 2547->2548 | ins="L"
2026-08-14T13:26:24.718Z UPDATE docChanged chgCount=2548 isAutoApply=false paused=false pendingVerify=true isPending=true queued=true
2026-08-14T13:26:24.718Z   t0 change 2548->2548 | 2548->2549 | ins="i"
2026-08-14T13:26:24.865Z UPDATE docChanged chgCount=2549 isAutoApply=false paused=false pendingVerify=true isPending=true queued=true
2026-08-14T13:26:24.865Z   t0 change 2549->2549 | 2549->2550 | ins="k"
2026-08-14T13:26:24.962Z UPDATE docChanged chgCount=2550 isAutoApply=false paused=false pendingVerify=true isPending=true queued=true
2026-08-14T13:26:24.962Z   t0 change 2550->2550 | 2550->2551 | ins="e"
2026-08-14T13:26:25.049Z UPDATE docChanged chgCount=2551 isAutoApply=false paused=false pendingVerify=true isPending=true queued=true
2026-08-14T13:26:25.049Z   t0 change 2551->2551 | 2551->2552 | ins=" "
2026-08-14T13:26:25.148Z UPDATE docChanged chgCount=2552 isAutoApply=false paused=false pendingVerify=true isPending=true queued=true
2026-08-14T13:26:25.148Z   t0 change 2552->2552 | 2552->2553 | ins="t"
2026-08-14T13:26:25.209Z UPDATE docChanged chgCount=2553 isAutoApply=false paused=false pendingVerify=true isPending=true queued=true
2026-08-14T13:26:25.209Z   t0 change 2553->2553 | 2553->2554 | ins="h"
2026-08-14T13:26:25.269Z UPDATE docChanged chgCount=2554 isAutoApply=false paused=false pendingVerify=true isPending=true queued=true
2026-08-14T13:26:25.270Z   t0 change 2554->2554 | 2554->2555 | ins="e"
2026-08-14T13:26:25.349Z UPDATE docChanged chgCount=2555 isAutoApply=false paused=false pendingVerify=true isPending=true queued=true
2026-08-14T13:26:25.349Z   t0 change 2555->2555 | 2555->2556 | ins=" "
2026-08-14T13:26:25.538Z UPDATE docChanged chgCount=2556 isAutoApply=false paused=false pendingVerify=true isPending=true queued=true
2026-08-14T13:26:25.538Z   t0 change 2556->2556 | 2556->2557 | ins="l"
2026-08-14T13:26:25.552Z UPDATE docChanged chgCount=2557 isAutoApply=false paused=false pendingVerify=true isPending=true queued=true
2026-08-14T13:26:25.552Z   t0 change 2557->2557 | 2557->2558 | ins="a"
2026-08-14T13:26:25.681Z UPDATE docChanged chgCount=2558 isAutoApply=false paused=false pendingVerify=true isPending=true queued=true
2026-08-14T13:26:25.681Z   t0 change 2558->2558 | 2558->2559 | ins="g"
2026-08-14T13:26:25.741Z UPDATE docChanged chgCount=2559 isAutoApply=false paused=false pendingVerify=true isPending=true queued=true
2026-08-14T13:26:25.741Z   t0 change 2559->2559 | 2559->2560 | ins=" "
2026-08-14T13:26:25.825Z UPDATE docChanged chgCount=2560 isAutoApply=false paused=false pendingVerify=true isPending=true queued=true
2026-08-14T13:26:25.825Z   t0 change 2560->2560 | 2560->2561 | ins="i"
2026-08-14T13:26:25.921Z UPDATE docChanged chgCount=2561 isAutoApply=false paused=false pendingVerify=true isPending=true queued=true
2026-08-14T13:26:25.921Z   t0 change 2561->2561 | 2561->2562 | ins="s"
2026-08-14T13:26:25.985Z UPDATE docChanged chgCount=2562 isAutoApply=false paused=false pendingVerify=true isPending=true queued=true
2026-08-14T13:26:25.985Z   t0 change 2562->2562 | 2562->2563 | ins=" "
2026-08-14T13:26:26.397Z UPDATE docChanged chgCount=2563 isAutoApply=false paused=false pendingVerify=true isPending=true queued=true
2026-08-14T13:26:26.397Z   t0 change 2563->2563 | 2563->2564 | ins="p"
2026-08-14T13:26:26.529Z UPDATE docChanged chgCount=2564 isAutoApply=false paused=false pendingVerify=true isPending=true queued=true
2026-08-14T13:26:26.529Z   t0 change 2564->2564 | 2564->2565 | ins="r"
2026-08-14T13:26:26.584Z UPDATE docChanged chgCount=2565 isAutoApply=false paused=false pendingVerify=true isPending=true queued=true
2026-08-14T13:26:26.584Z   t0 change 2565->2565 | 2565->2566 | ins="e"
2026-08-14T13:26:26.785Z UPDATE docChanged chgCount=2566 isAutoApply=false paused=false pendingVerify=true isPending=true queued=true
2026-08-14T13:26:26.785Z   t0 change 2566->2566 | 2566->2567 | ins="t"
2026-08-14T13:26:26.921Z UPDATE docChanged chgCount=2567 isAutoApply=false paused=false pendingVerify=true isPending=true queued=true
2026-08-14T13:26:26.921Z   t0 change 2567->2567 | 2567->2568 | ins="t"
2026-08-14T13:26:27.093Z UPDATE docChanged chgCount=2568 isAutoApply=false paused=false pendingVerify=true isPending=true queued=true
2026-08-14T13:26:27.093Z   t0 change 2568->2568 | 2568->2569 | ins="y"
2026-08-14T13:26:27.125Z UPDATE docChanged chgCount=2569 isAutoApply=false paused=false pendingVerify=true isPending=true queued=true
2026-08-14T13:26:27.125Z   t0 change 2569->2569 | 2569->2570 | ins=" "
2026-08-14T13:26:27.305Z UPDATE docChanged chgCount=2570 isAutoApply=false paused=false pendingVerify=true isPending=true queued=true
2026-08-14T13:26:27.305Z   t0 change 2570->2570 | 2570->2571 | ins="b"
2026-08-14T13:26:27.373Z UPDATE docChanged chgCount=2571 isAutoApply=false paused=false pendingVerify=true isPending=true queued=true
2026-08-14T13:26:27.374Z   t0 change 2571->2571 | 2571->2572 | ins="a"
2026-08-14T13:26:27.457Z UPDATE docChanged chgCount=2572 isAutoApply=false paused=false pendingVerify=true isPending=true queued=true
2026-08-14T13:26:27.457Z   t0 change 2572->2572 | 2572->2573 | ins="d"
2026-08-14T13:26:27.509Z UPDATE docChanged chgCount=2573 isAutoApply=false paused=false pendingVerify=true isPending=true queued=true
2026-08-14T13:26:27.509Z   t0 change 2573->2573 | 2573->2574 | ins=" "
2026-08-14T13:26:27.732Z UPDATE docChanged chgCount=2574 isAutoApply=false paused=false pendingVerify=true isPending=true queued=true
2026-08-14T13:26:27.732Z   t0 change 2574->2574 | 2574->2575 | ins="b"
2026-08-14T13:26:27.844Z UPDATE docChanged chgCount=2575 isAutoApply=false paused=false pendingVerify=true isPending=true queued=true
2026-08-14T13:26:27.844Z   t0 change 2575->2575 | 2575->2576 | ins="u"
2026-08-14T13:26:27.941Z UPDATE docChanged chgCount=2576 isAutoApply=false paused=false pendingVerify=true isPending=true queued=true
2026-08-14T13:26:27.941Z   t0 change 2576->2576 | 2576->2577 | ins="t"
2026-08-14T13:26:27.992Z UPDATE docChanged chgCount=2577 isAutoApply=false paused=false pendingVerify=true isPending=true queued=true
2026-08-14T13:26:27.992Z   t0 change 2577->2577 | 2577->2578 | ins=" "
2026-08-14T13:26:28.164Z UPDATE docChanged chgCount=2578 isAutoApply=false paused=false pendingVerify=true isPending=true queued=true
2026-08-14T13:26:28.165Z   t0 change 2578->2578 | 2578->2579 | ins="a"
2026-08-14T13:26:28.285Z UPDATE docChanged chgCount=2579 isAutoApply=false paused=false pendingVerify=true isPending=true queued=true
2026-08-14T13:26:28.285Z   t0 change 2579->2579 | 2579->2580 | ins="s"
2026-08-14T13:26:28.421Z UPDATE docChanged chgCount=2580 isAutoApply=false paused=false pendingVerify=true isPending=true queued=true
2026-08-14T13:26:28.421Z   t0 change 2580->2580 | 2580->2581 | ins=" "
2026-08-14T13:26:28.621Z UPDATE docChanged chgCount=2581 isAutoApply=false paused=false pendingVerify=true isPending=true queued=true
2026-08-14T13:26:28.621Z   t0 change 2581->2581 | 2581->2582 | ins="l"
2026-08-14T13:26:28.821Z UPDATE docChanged chgCount=2582 isAutoApply=false paused=false pendingVerify=true isPending=true queued=true
2026-08-14T13:26:28.821Z   t0 change 2582->2582 | 2582->2583 | ins="o"
2026-08-14T13:26:28.917Z UPDATE docChanged chgCount=2583 isAutoApply=false paused=false pendingVerify=true isPending=true queued=true
2026-08-14T13:26:28.917Z   t0 change 2583->2583 | 2583->2584 | ins="n"
2026-08-14T13:26:28.981Z UPDATE docChanged chgCount=2584 isAutoApply=false paused=false pendingVerify=true isPending=true queued=true
2026-08-14T13:26:28.981Z   t0 change 2584->2584 | 2584->2585 | ins="g"
2026-08-14T13:26:29.109Z UPDATE docChanged chgCount=2585 isAutoApply=false paused=false pendingVerify=true isPending=true queued=true
2026-08-14T13:26:29.109Z   t0 change 2585->2585 | 2585->2586 | ins=" "
2026-08-14T13:26:29.240Z UPDATE docChanged chgCount=2586 isAutoApply=false paused=false pendingVerify=true isPending=true queued=true
2026-08-14T13:26:29.241Z   t0 change 2586->2586 | 2586->2587 | ins="a"
2026-08-14T13:26:29.356Z UPDATE docChanged chgCount=2587 isAutoApply=false paused=false pendingVerify=true isPending=true queued=true
2026-08-14T13:26:29.357Z   t0 change 2587->2587 | 2587->2588 | ins="s"
2026-08-14T13:26:29.481Z UPDATE docChanged chgCount=2588 isAutoApply=false paused=false pendingVerify=true isPending=true queued=true
2026-08-14T13:26:29.481Z   t0 change 2588->2588 | 2588->2589 | ins=" "
2026-08-14T13:26:29.613Z UPDATE docChanged chgCount=2589 isAutoApply=false paused=false pendingVerify=true isPending=true queued=true
2026-08-14T13:26:29.613Z   t0 change 2589->2589 | 2589->2590 | ins="i"
2026-08-14T13:26:29.677Z UPDATE docChanged chgCount=2590 isAutoApply=false paused=false pendingVerify=true isPending=true queued=true
2026-08-14T13:26:29.677Z   t0 change 2590->2590 | 2590->2591 | ins="t"
2026-08-14T13:26:29.768Z UPDATE docChanged chgCount=2591 isAutoApply=false paused=false pendingVerify=true isPending=true queued=true
2026-08-14T13:26:29.768Z   t0 change 2591->2591 | 2591->2592 | ins=" "
2026-08-14T13:26:30.025Z UPDATE docChanged chgCount=2592 isAutoApply=false paused=false pendingVerify=true isPending=true queued=true
2026-08-14T13:26:30.025Z   t0 change 2592->2592 | 2592->2593 | ins="i"
2026-08-14T13:26:30.165Z UPDATE docChanged chgCount=2593 isAutoApply=false paused=false pendingVerify=true isPending=true queued=true
2026-08-14T13:26:30.165Z   t0 change 2593->2593 | 2593->2594 | ins="s"
2026-08-14T13:26:30.305Z UPDATE docChanged chgCount=2594 isAutoApply=false paused=false pendingVerify=true isPending=true queued=true
2026-08-14T13:26:30.305Z   t0 change 2594->2594 | 2594->2595 | ins=" "
2026-08-14T13:26:30.413Z UPDATE docChanged chgCount=2595 isAutoApply=false paused=false pendingVerify=true isPending=true queued=true
2026-08-14T13:26:30.413Z   t0 change 2595->2595 | 2595->2596 | ins="a"
2026-08-14T13:26:30.498Z UPDATE docChanged chgCount=2596 isAutoApply=true paused=false pendingVerify=true isPending=true queued=true
2026-08-14T13:26:30.522Z UPDATE docChanged chgCount=2596 isAutoApply=false paused=false pendingVerify=true isPending=true queued=false
2026-08-14T13:26:30.522Z   t0 change 2596->2596 | 2596->2597 | ins="l"
2026-08-14T13:26:30.627Z UPDATE docChanged chgCount=2597 isAutoApply=false paused=false pendingVerify=true isPending=true queued=false
2026-08-14T13:26:30.627Z   t0 change 2597->2597 | 2597->2598 | ins="l"
2026-08-14T13:26:30.811Z UPDATE docChanged chgCount=2598 isAutoApply=false paused=false pendingVerify=true isPending=true queued=false
2026-08-14T13:26:30.811Z   t0 change 2598->2598 | 2598->2599 | ins=" "
2026-08-14T13:26:31.059Z UPDATE docChanged chgCount=2599 isAutoApply=false paused=false pendingVerify=true isPending=true queued=false
2026-08-14T13:26:31.059Z   t0 change 2599->2599 | 2599->2600 | ins="d"
2026-08-14T13:26:31.199Z UPDATE docChanged chgCount=2600 isAutoApply=false paused=false pendingVerify=true isPending=true queued=false
2026-08-14T13:26:31.199Z   t0 change 2600->2600 | 2600->2601 | ins="o"
2026-08-14T13:26:31.295Z UPDATE docChanged chgCount=2601 isAutoApply=false paused=false pendingVerify=true isPending=true queued=false
2026-08-14T13:26:31.295Z   t0 change 2601->2601 | 2601->2602 | ins="n"
2026-08-14T13:26:31.343Z UPDATE docChanged chgCount=2602 isAutoApply=false paused=false pendingVerify=true isPending=true queued=false
2026-08-14T13:26:31.343Z   t0 change 2602->2602 | 2602->2603 | ins="e"
2026-08-14T13:26:31.435Z UPDATE docChanged chgCount=2603 isAutoApply=false paused=false pendingVerify=true isPending=true queued=false
2026-08-14T13:26:31.435Z   t0 change 2603->2603 | 2603->2604 | ins=" "
2026-08-14T13:26:31.535Z UPDATE docChanged chgCount=2604 isAutoApply=false paused=false pendingVerify=true isPending=true queued=false
2026-08-14T13:26:31.535Z   t0 change 2604->2604 | 2604->2605 | ins="i"
2026-08-14T13:26:31.704Z UPDATE docChanged chgCount=2605 isAutoApply=false paused=false pendingVerify=true isPending=true queued=false
2026-08-14T13:26:31.704Z   t0 change 2605->2605 | 2605->2606 | ins=" "
2026-08-14T13:26:31.771Z UPDATE docChanged chgCount=2606 isAutoApply=false paused=false pendingVerify=true isPending=true queued=false
2026-08-14T13:26:31.771Z   t0 change 2606->2606 | 2606->2607 | ins="n"
2026-08-14T13:26:31.961Z UPDATE docChanged chgCount=2607 isAutoApply=false paused=false pendingVerify=true isPending=true queued=false
2026-08-14T13:26:31.961Z   t0 change 2607->2607 | 2607->2608 | ins=" "
2026-08-14T13:26:32.101Z UPDATE docChanged chgCount=2608 isAutoApply=false paused=false pendingVerify=true isPending=true queued=false
2026-08-14T13:26:32.101Z   t0 change 2608->2608 | 2608->2609 | ins="a"
2026-08-14T13:26:32.204Z UPDATE docChanged chgCount=2609 isAutoApply=false paused=false pendingVerify=true isPending=true queued=false
2026-08-14T13:26:32.204Z   t0 change 2609->2609 | 2609->2610 | ins=" "
2026-08-14T13:26:32.433Z UPDATE docChanged chgCount=2610 isAutoApply=false paused=false pendingVerify=true isPending=true queued=false
2026-08-14T13:26:32.433Z   t0 change 2610->2610 | 2610->2611 | ins="m"
2026-08-14T13:26:33.273Z UPDATE docChanged chgCount=2611 isAutoApply=false paused=false pendingVerify=true isPending=true queued=false
2026-08-14T13:26:33.274Z   t0 change 2611->2611 | 2611->2612 | ins="i"
2026-08-14T13:26:33.467Z UPDATE docChanged chgCount=2612 isAutoApply=false paused=false pendingVerify=true isPending=true queued=false
2026-08-14T13:26:33.467Z   t0 change 2612->2612 | 2612->2613 | ins="n"
2026-08-14T13:26:33.619Z UPDATE docChanged chgCount=2613 isAutoApply=false paused=false pendingVerify=true isPending=true queued=false
2026-08-14T13:26:33.619Z   t0 change 2613->2613 | 2613->2614 | ins="u"
2026-08-14T13:26:33.731Z UPDATE docChanged chgCount=2614 isAutoApply=false paused=false pendingVerify=true isPending=true queued=false
2026-08-14T13:26:33.731Z   t0 change 2614->2614 | 2614->2615 | ins="t"
2026-08-14T13:26:33.811Z UPDATE docChanged chgCount=2615 isAutoApply=false paused=false pendingVerify=true isPending=true queued=false
2026-08-14T13:26:33.811Z   t0 change 2615->2615 | 2615->2616 | ins="e"
2026-08-14T13:26:33.872Z UPDATE docChanged chgCount=2616 isAutoApply=false paused=false pendingVerify=true isPending=true queued=false
2026-08-14T13:26:33.872Z   t0 change 2616->2616 | 2616->2617 | ins=" "
2026-08-14T13:26:34.032Z UPDATE docChanged chgCount=2617 isAutoApply=false paused=false pendingVerify=true isPending=true queued=false
2026-08-14T13:26:34.032Z   t0 change 2617->2617 | 2617->2618 | ins="o"
2026-08-14T13:26:34.115Z UPDATE docChanged chgCount=2618 isAutoApply=false paused=false pendingVerify=true isPending=true queued=false
2026-08-14T13:26:34.115Z   t0 change 2618->2618 | 2618->2619 | ins="r"
2026-08-14T13:26:34.211Z UPDATE docChanged chgCount=2619 isAutoApply=false paused=false pendingVerify=true isPending=true queued=false
2026-08-14T13:26:34.212Z   t0 change 2619->2619 | 2619->2620 | ins=" "
2026-08-14T13:26:34.532Z UPDATE docChanged chgCount=2620 isAutoApply=false paused=false pendingVerify=true isPending=true queued=false
2026-08-14T13:26:34.532Z   t0 change 2620->2620 | 2620->2621 | ins="s"
2026-08-14T13:26:34.616Z UPDATE docChanged chgCount=2621 isAutoApply=false paused=false pendingVerify=true isPending=true queued=false
2026-08-14T13:26:34.616Z   t0 change 2621->2621 | 2621->2622 | ins="o"
2026-08-14T13:26:34.711Z UPDATE docChanged chgCount=2622 isAutoApply=false paused=false pendingVerify=true isPending=true queued=false
2026-08-14T13:26:34.711Z   t0 change 2622->2622 | 2622->2623 | ins=" "
2026-08-14T13:26:34.840Z UPDATE docChanged chgCount=2623 isAutoApply=false paused=false pendingVerify=true isPending=true queued=false
2026-08-14T13:26:34.840Z   t0 change 2623->2623 | 2623->2624 | ins="i"
2026-08-14T13:26:34.937Z UPDATE docChanged chgCount=2624 isAutoApply=false paused=false pendingVerify=true isPending=true queued=false
2026-08-14T13:26:34.937Z   t0 change 2624->2624 | 2624->2625 | ins="t"
2026-08-14T13:26:35.033Z UPDATE docChanged chgCount=2625 isAutoApply=false paused=false pendingVerify=true isPending=true queued=false
2026-08-14T13:26:35.033Z   t0 change 2625->2625 | 2625->2626 | ins="s"
2026-08-14T13:26:35.085Z UPDATE docChanged chgCount=2626 isAutoApply=false paused=false pendingVerify=true isPending=true queued=false
2026-08-14T13:26:35.085Z   t0 change 2626->2626 | 2626->2627 | ins=" "
2026-08-14T13:26:35.485Z UPDATE docChanged chgCount=2627 isAutoApply=false paused=false pendingVerify=true isPending=true queued=false
2026-08-14T13:26:35.485Z   t0 change 2627->2627 | 2627->2628 | ins="n"
2026-08-14T13:26:35.577Z UPDATE docChanged chgCount=2628 isAutoApply=false paused=false pendingVerify=true isPending=true queued=false
2026-08-14T13:26:35.577Z   t0 change 2628->2628 | 2628->2629 | ins="o"
2026-08-14T13:26:35.693Z UPDATE docChanged chgCount=2629 isAutoApply=false paused=false pendingVerify=true isPending=true queued=false
2026-08-14T13:26:35.693Z   t0 change 2629->2629 | 2629->2630 | ins="t"
2026-08-14T13:26:35.720Z UPDATE docChanged chgCount=2630 isAutoApply=false paused=false pendingVerify=true isPending=true queued=false
2026-08-14T13:26:35.720Z   t0 change 2630->2630 | 2630->2631 | ins=" "
2026-08-14T13:26:35.997Z UPDATE docChanged chgCount=2631 isAutoApply=false paused=false pendingVerify=true isPending=true queued=false
2026-08-14T13:26:35.997Z   t0 change 2631->2631 | 2631->2632 | ins="t"
2026-08-14T13:26:36.122Z UPDATE docChanged chgCount=2632 isAutoApply=false paused=false pendingVerify=true isPending=true queued=false
2026-08-14T13:26:36.122Z   t0 change 2632->2632 | 2632->2633 | ins="o"
2026-08-14T13:26:36.269Z UPDATE docChanged chgCount=2633 isAutoApply=false paused=false pendingVerify=true isPending=true queued=false
2026-08-14T13:26:36.269Z   t0 change 2633->2633 | 2633->2634 | ins="o"
2026-08-14T13:26:36.361Z UPDATE docChanged chgCount=2634 isAutoApply=false paused=false pendingVerify=true isPending=true queued=false
2026-08-14T13:26:36.361Z   t0 change 2634->2634 | 2634->2635 | ins=" "
2026-08-14T13:26:36.533Z UPDATE docChanged chgCount=2635 isAutoApply=false paused=false pendingVerify=true isPending=true queued=false
2026-08-14T13:26:36.533Z   t0 change 2635->2635 | 2635->2636 | ins="m"
2026-08-14T13:26:36.903Z UPDATE docChanged chgCount=2636 isAutoApply=false paused=false pendingVerify=true isPending=true queued=false
2026-08-14T13:26:36.903Z   t0 change 2635->2636 | 2635->2635 | ins=""
2026-08-14T13:26:37.105Z UPDATE docChanged chgCount=2635 isAutoApply=false paused=false pendingVerify=true isPending=true queued=false
2026-08-14T13:26:37.105Z   t0 change 2635->2635 | 2635->2636 | ins="b"
2026-08-14T13:26:37.164Z UPDATE docChanged chgCount=2636 isAutoApply=false paused=false pendingVerify=true isPending=true queued=false
2026-08-14T13:26:37.164Z   t0 change 2636->2636 | 2636->2637 | ins="a"
2026-08-14T13:26:37.285Z UPDATE docChanged chgCount=2637 isAutoApply=false paused=false pendingVerify=true isPending=true queued=false
2026-08-14T13:26:37.285Z   t0 change 2637->2637 | 2637->2638 | ins="d"
2026-08-14T13:26:37.348Z UPDATE docChanged chgCount=2638 isAutoApply=false paused=false pendingVerify=true isPending=true queued=false
2026-08-14T13:26:37.348Z   t0 change 2638->2638 | 2638->2639 | ins=" "
2026-08-14T13:26:37.552Z UPDATE docChanged chgCount=2639 isAutoApply=false paused=false pendingVerify=true isPending=true queued=false
2026-08-14T13:26:37.552Z   t0 change 2639->2639 | 2639->2640 | ins="b"
2026-08-14T13:26:37.624Z UPDATE docChanged chgCount=2640 isAutoApply=false paused=false pendingVerify=true isPending=true queued=false
2026-08-14T13:26:37.625Z   t0 change 2640->2640 | 2640->2641 | ins="e"
2026-08-14T13:26:37.745Z UPDATE docChanged chgCount=2641 isAutoApply=false paused=false pendingVerify=true isPending=true queued=false
2026-08-14T13:26:37.745Z   t0 change 2641->2641 | 2641->2642 | ins="c"
2026-08-14T13:26:37.813Z UPDATE docChanged chgCount=2642 isAutoApply=false paused=false pendingVerify=true isPending=true queued=false
2026-08-14T13:26:37.813Z   t0 change 2642->2642 | 2642->2643 | ins="a"
2026-08-14T13:26:37.916Z UPDATE docChanged chgCount=2643 isAutoApply=false paused=false pendingVerify=true isPending=true queued=false
2026-08-14T13:26:37.916Z   t0 change 2643->2643 | 2643->2644 | ins="u"
2026-08-14T13:26:38.101Z UPDATE docChanged chgCount=2644 isAutoApply=false paused=false pendingVerify=true isPending=true queued=false
2026-08-14T13:26:38.101Z   t0 change 2644->2644 | 2644->2645 | ins="s"
2026-08-14T13:26:38.196Z UPDATE docChanged chgCount=2645 isAutoApply=false paused=false pendingVerify=true isPending=true queued=false
2026-08-14T13:26:38.196Z   t0 change 2645->2645 | 2645->2646 | ins="e"
2026-08-14T13:26:38.345Z UPDATE docChanged chgCount=2646 isAutoApply=false paused=false pendingVerify=true isPending=true queued=false
2026-08-14T13:26:38.345Z   t0 change 2646->2646 | 2646->2647 | ins=" "
2026-08-14T13:26:38.497Z UPDATE docChanged chgCount=2647 isAutoApply=false paused=false pendingVerify=true isPending=true queued=false
2026-08-14T13:26:38.497Z   t0 change 2647->2647 | 2647->2648 | ins="i"
2026-08-14T13:26:38.649Z UPDATE docChanged chgCount=2648 isAutoApply=false paused=false pendingVerify=true isPending=true queued=false
2026-08-14T13:26:38.649Z   t0 change 2648->2648 | 2648->2649 | ins="d"
2026-08-14T13:26:38.721Z UPDATE docChanged chgCount=2649 isAutoApply=false paused=false pendingVerify=true isPending=true queued=false
2026-08-14T13:26:38.722Z   t0 change 2649->2649 | 2649->2650 | ins="e"
2026-08-14T13:26:38.817Z UPDATE docChanged chgCount=2650 isAutoApply=false paused=false pendingVerify=true isPending=true queued=false
2026-08-14T13:26:38.817Z   t0 change 2650->2650 | 2650->2651 | ins="a"
2026-08-14T13:26:38.921Z UPDATE docChanged chgCount=2651 isAutoApply=false paused=false pendingVerify=true isPending=true queued=false
2026-08-14T13:26:38.921Z   t0 change 2651->2651 | 2651->2652 | ins="l"
2026-08-14T13:26:39.041Z UPDATE docChanged chgCount=2652 isAutoApply=false paused=false pendingVerify=true isPending=true queued=false
2026-08-14T13:26:39.041Z   t0 change 2652->2652 | 2652->2653 | ins="l"
2026-08-14T13:26:39.144Z UPDATE docChanged chgCount=2653 isAutoApply=false paused=false pendingVerify=true isPending=true queued=false
2026-08-14T13:26:39.145Z   t0 change 2653->2653 | 2653->2654 | ins="y"
2026-08-14T13:26:39.209Z UPDATE docChanged chgCount=2654 isAutoApply=false paused=false pendingVerify=true isPending=true queued=false
2026-08-14T13:26:39.209Z   t0 change 2654->2654 | 2654->2655 | ins=" "
2026-08-14T13:26:39.365Z UPDATE docChanged chgCount=2655 isAutoApply=false paused=false pendingVerify=true isPending=true queued=false
2026-08-14T13:26:39.365Z   t0 change 2655->2655 | 2655->2656 | ins="i"
2026-08-14T13:26:39.608Z UPDATE docChanged chgCount=2656 isAutoApply=false paused=false pendingVerify=true isPending=true queued=false
2026-08-14T13:26:39.608Z   t0 change 2656->2656 | 2656->2657 | ins="l"
2026-08-14T13:26:39.737Z UPDATE docChanged chgCount=2657 isAutoApply=false paused=false pendingVerify=true isPending=true queued=false
2026-08-14T13:26:39.737Z   t0 change 2657->2657 | 2657->2658 | ins="l"
2026-08-14T13:26:39.828Z UPDATE docChanged chgCount=2658 isAutoApply=false paused=false pendingVerify=true isPending=true queued=false
2026-08-14T13:26:39.829Z   t0 change 2658->2658 | 2658->2659 | ins=" "
2026-08-14T13:26:39.993Z UPDATE docChanged chgCount=2659 isAutoApply=false paused=false pendingVerify=true isPending=true queued=false
2026-08-14T13:26:39.993Z   t0 change 2659->2659 | 2659->2660 | ins="j"
2026-08-14T13:26:40.178Z UPDATE docChanged chgCount=2660 isAutoApply=false paused=false pendingVerify=true isPending=true queued=false
2026-08-14T13:26:40.178Z   t0 change 2660->2660 | 2660->2661 | ins="u"
2026-08-14T13:26:40.264Z UPDATE docChanged chgCount=2661 isAutoApply=false paused=false pendingVerify=true isPending=true queued=false
2026-08-14T13:26:40.264Z   t0 change 2661->2661 | 2661->2662 | ins="s"
2026-08-14T13:26:40.353Z UPDATE docChanged chgCount=2662 isAutoApply=false paused=false pendingVerify=true isPending=true queued=false
2026-08-14T13:26:40.353Z   t0 change 2662->2662 | 2662->2663 | ins="t"
2026-08-14T13:26:40.404Z UPDATE docChanged chgCount=2663 isAutoApply=false paused=false pendingVerify=true isPending=true queued=false
2026-08-14T13:26:40.404Z   t0 change 2663->2663 | 2663->2664 | ins=" "
2026-08-14T13:26:40.537Z UPDATE docChanged chgCount=2664 isAutoApply=false paused=false pendingVerify=true isPending=true queued=false
2026-08-14T13:26:40.537Z   t0 change 2664->2664 | 2664->2665 | ins="b"
2026-08-14T13:26:40.625Z UPDATE docChanged chgCount=2665 isAutoApply=false paused=false pendingVerify=true isPending=true queued=false
2026-08-14T13:26:40.625Z   t0 change 2665->2665 | 2665->2666 | ins="e"
2026-08-14T13:26:40.749Z UPDATE docChanged chgCount=2666 isAutoApply=false paused=false pendingVerify=true isPending=true queued=false
2026-08-14T13:26:40.749Z   t0 change 2666->2666 | 2666->2667 | ins=" "
2026-08-14T13:26:40.962Z UPDATE docChanged chgCount=2667 isAutoApply=false paused=false pendingVerify=true isPending=true queued=false
2026-08-14T13:26:40.962Z   t0 change 2667->2667 | 2667->2668 | ins="c"
2026-08-14T13:26:41.053Z UPDATE docChanged chgCount=2668 isAutoApply=false paused=false pendingVerify=true isPending=true queued=false
2026-08-14T13:26:41.053Z   t0 change 2668->2668 | 2668->2669 | ins="l"
2026-08-14T13:26:41.283Z UPDATE docChanged chgCount=2669 isAutoApply=false paused=false pendingVerify=true isPending=true queued=false
2026-08-14T13:26:41.283Z   t0 change 2668->2669 | 2668->2668 | ins=""
2026-08-14T13:26:41.403Z UPDATE docChanged chgCount=2668 isAutoApply=false paused=false pendingVerify=true isPending=true queued=false
2026-08-14T13:26:41.403Z   t0 change 2667->2668 | 2667->2667 | ins=""
2026-08-14T13:26:41.574Z UPDATE docChanged chgCount=2667 isAutoApply=false paused=false pendingVerify=true isPending=true queued=false
2026-08-14T13:26:41.574Z   t0 change 2667->2667 | 2667->2668 | ins="l"
2026-08-14T13:26:41.758Z UPDATE docChanged chgCount=2668 isAutoApply=false paused=false pendingVerify=true isPending=true queued=false
2026-08-14T13:26:41.758Z   t0 change 2668->2668 | 2668->2669 | ins="o"
2026-08-14T13:26:41.881Z UPDATE docChanged chgCount=2669 isAutoApply=false paused=false pendingVerify=true isPending=true queued=false
2026-08-14T13:26:41.881Z   t0 change 2669->2669 | 2669->2670 | ins="o"
2026-08-14T13:26:41.965Z UPDATE docChanged chgCount=2670 isAutoApply=false paused=false pendingVerify=true isPending=true queued=false
2026-08-14T13:26:41.965Z   t0 change 2670->2670 | 2670->2671 | ins="k"
2026-08-14T13:26:42.133Z UPDATE docChanged chgCount=2671 isAutoApply=false paused=false pendingVerify=true isPending=true queued=false
2026-08-14T13:26:42.133Z   t0 change 2671->2671 | 2671->2672 | ins="i"
2026-08-14T13:26:42.229Z UPDATE docChanged chgCount=2672 isAutoApply=false paused=false pendingVerify=true isPending=true queued=false
2026-08-14T13:26:42.229Z   t0 change 2672->2672 | 2672->2673 | ins="n"
2026-08-14T13:26:42.252Z UPDATE docChanged chgCount=2673 isAutoApply=false paused=false pendingVerify=true isPending=true queued=false
2026-08-14T13:26:42.252Z   t0 change 2673->2673 | 2673->2674 | ins="g"
2026-08-14T13:26:42.373Z UPDATE docChanged chgCount=2674 isAutoApply=false paused=false pendingVerify=true isPending=true queued=false
2026-08-14T13:26:42.373Z   t0 change 2674->2674 | 2674->2675 | ins=" "
2026-08-14T13:26:42.529Z UPDATE docChanged chgCount=2675 isAutoApply=false paused=false pendingVerify=true isPending=true queued=false
2026-08-14T13:26:42.529Z   t0 change 2675->2675 | 2675->2676 | ins="u"
2026-08-14T13:26:42.625Z UPDATE docChanged chgCount=2676 isAutoApply=false paused=false pendingVerify=true isPending=true queued=false
2026-08-14T13:26:42.625Z   t0 change 2676->2676 | 2676->2677 | ins="p"
2026-08-14T13:26:42.689Z UPDATE docChanged chgCount=2677 isAutoApply=false paused=false pendingVerify=true isPending=true queued=false
2026-08-14T13:26:42.689Z   t0 change 2677->2677 | 2677->2678 | ins=" "
2026-08-14T13:26:42.711Z UPDATE docChanged chgCount=2678 isAutoApply=true paused=false pendingVerify=true isPending=true queued=false
2026-08-14T13:26:42.821Z UPDATE docChanged chgCount=2677 isAutoApply=false paused=false pendingVerify=true isPending=false queued=false
2026-08-14T13:26:42.821Z   t0 change 2677->2677 | 2677->2678 | ins="w"
2026-08-14T13:26:42.981Z UPDATE docChanged chgCount=2678 isAutoApply=false paused=false pendingVerify=true isPending=false queued=false
2026-08-14T13:26:42.981Z   t0 change 2678->2678 | 2678->2679 | ins="i"
2026-08-14T13:26:43.623Z UPDATE docChanged chgCount=2679 isAutoApply=false paused=false pendingVerify=true isPending=false queued=false
2026-08-14T13:26:43.623Z   t0 change 2677->2679 | 2677->2677 | ins=""
2026-08-14T13:26:44.009Z UPDATE docChanged chgCount=2677 isAutoApply=false paused=false pendingVerify=true isPending=false queued=false
2026-08-14T13:26:44.010Z   t0 change 2677->2677 | 2677->2678 | ins="a"
2026-08-14T13:26:44.101Z UPDATE docChanged chgCount=2678 isAutoApply=false paused=false pendingVerify=true isPending=false queued=false
2026-08-14T13:26:44.101Z   t0 change 2678->2678 | 2678->2679 | ins="t"
2026-08-14T13:26:44.256Z UPDATE docChanged chgCount=2679 isAutoApply=false paused=false pendingVerify=true isPending=false queued=false
2026-08-14T13:26:44.256Z   t0 change 2679->2679 | 2679->2680 | ins=" "
2026-08-14T13:26:44.340Z UPDATE docChanged chgCount=2680 isAutoApply=false paused=false pendingVerify=true isPending=false queued=false
2026-08-14T13:26:44.340Z   t0 change 2680->2680 | 2680->2681 | ins="t"
2026-08-14T13:26:44.453Z UPDATE docChanged chgCount=2681 isAutoApply=false paused=false pendingVerify=true isPending=false queued=false
2026-08-14T13:26:44.454Z   t0 change 2681->2681 | 2681->2682 | ins="h"
2026-08-14T13:26:44.513Z UPDATE docChanged chgCount=2682 isAutoApply=false paused=false pendingVerify=true isPending=false queued=false
2026-08-14T13:26:44.513Z   t0 change 2682->2682 | 2682->2683 | ins="e"
2026-08-14T13:26:44.664Z UPDATE docChanged chgCount=2683 isAutoApply=false paused=false pendingVerify=true isPending=false queued=false
2026-08-14T13:26:44.664Z   t0 change 2683->2683 | 2683->2684 | ins=" "
2026-08-14T13:26:44.784Z UPDATE docChanged chgCount=2684 isAutoApply=false paused=false pendingVerify=true isPending=false queued=false
2026-08-14T13:26:44.784Z   t0 change 2684->2684 | 2684->2685 | ins="l"
2026-08-14T13:26:44.861Z UPDATE docChanged chgCount=2685 isAutoApply=false paused=false pendingVerify=true isPending=false queued=false
2026-08-14T13:26:44.861Z   t0 change 2685->2685 | 2685->2686 | ins="e"
2026-08-14T13:26:45.016Z UPDATE docChanged chgCount=2686 isAutoApply=false paused=false pendingVerify=true isPending=false queued=false
2026-08-14T13:26:45.016Z   t0 change 2686->2686 | 2686->2687 | ins="c"
2026-08-14T13:26:45.261Z UPDATE docChanged chgCount=2687 isAutoApply=false paused=false pendingVerify=true isPending=false queued=false
2026-08-14T13:26:45.261Z   t0 change 2687->2687 | 2687->2688 | ins="t"
2026-08-14T13:26:45.349Z UPDATE docChanged chgCount=2688 isAutoApply=false paused=false pendingVerify=true isPending=false queued=false
2026-08-14T13:26:45.349Z   t0 change 2688->2688 | 2688->2689 | ins="u"
2026-08-14T13:26:45.469Z UPDATE docChanged chgCount=2689 isAutoApply=false paused=false pendingVerify=true isPending=false queued=false
2026-08-14T13:26:45.470Z   t0 change 2689->2689 | 2689->2690 | ins="r"
2026-08-14T13:26:45.532Z UPDATE docChanged chgCount=2690 isAutoApply=false paused=false pendingVerify=true isPending=false queued=false
2026-08-14T13:26:45.532Z   t0 change 2690->2690 | 2690->2691 | ins="e"
2026-08-14T13:26:45.605Z UPDATE docChanged chgCount=2691 isAutoApply=false paused=false pendingVerify=true isPending=false queued=false
2026-08-14T13:26:45.605Z   t0 change 2691->2691 | 2691->2692 | ins=" "
2026-08-14T13:26:45.772Z UPDATE docChanged chgCount=2692 isAutoApply=false paused=false pendingVerify=true isPending=false queued=false
2026-08-14T13:26:45.772Z   t0 change 2692->2692 | 2692->2693 | ins="w"
2026-08-14T13:26:45.844Z UPDATE docChanged chgCount=2693 isAutoApply=false paused=false pendingVerify=true isPending=false queued=false
2026-08-14T13:26:45.844Z   t0 change 2693->2693 | 2693->2694 | ins="h"
2026-08-14T13:26:45.928Z UPDATE docChanged chgCount=2694 isAutoApply=false paused=false pendingVerify=true isPending=false queued=false
2026-08-14T13:26:45.928Z   t0 change 2694->2694 | 2694->2695 | ins="i"
2026-08-14T13:26:46.001Z UPDATE docChanged chgCount=2695 isAutoApply=false paused=false pendingVerify=true isPending=false queued=false
2026-08-14T13:26:46.001Z   t0 change 2695->2695 | 2695->2696 | ins="l"
2026-08-14T13:26:46.080Z UPDATE docChanged chgCount=2696 isAutoApply=false paused=false pendingVerify=true isPending=false queued=false
2026-08-14T13:26:46.080Z   t0 change 2696->2696 | 2696->2697 | ins="e"
2026-08-14T13:26:46.181Z UPDATE docChanged chgCount=2697 isAutoApply=false paused=false pendingVerify=true isPending=false queued=false
2026-08-14T13:26:46.181Z   t0 change 2697->2697 | 2697->2698 | ins=" "
2026-08-14T13:26:46.308Z UPDATE docChanged chgCount=2698 isAutoApply=false paused=false pendingVerify=true isPending=false queued=false
2026-08-14T13:26:46.309Z   t0 change 2698->2698 | 2698->2699 | ins="t"
2026-08-14T13:26:46.472Z UPDATE docChanged chgCount=2699 isAutoApply=false paused=false pendingVerify=true isPending=false queued=false
2026-08-14T13:26:46.472Z   t0 change 2699->2699 | 2699->2700 | ins="y"
2026-08-14T13:26:46.666Z UPDATE docChanged chgCount=2700 isAutoApply=false paused=false pendingVerify=true isPending=false queued=false
2026-08-14T13:26:46.666Z   t0 change 2700->2700 | 2700->2701 | ins="p"
2026-08-14T13:26:46.845Z UPDATE docChanged chgCount=2701 isAutoApply=false paused=false pendingVerify=true isPending=false queued=false
2026-08-14T13:26:46.845Z   t0 change 2701->2701 | 2701->2702 | ins="i"
2026-08-14T13:26:47.009Z UPDATE docChanged chgCount=2702 isAutoApply=false paused=false pendingVerify=true isPending=false queued=false
2026-08-14T13:26:47.009Z   t0 change 2702->2702 | 2702->2703 | ins="g"
2026-08-14T13:26:47.025Z UPDATE docChanged chgCount=2703 isAutoApply=false paused=false pendingVerify=true isPending=false queued=false
2026-08-14T13:26:47.025Z   t0 change 2703->2703 | 2703->2704 | ins="n"
2026-08-14T13:26:47.160Z UPDATE docChanged chgCount=2704 isAutoApply=false paused=false pendingVerify=true isPending=false queued=false
2026-08-14T13:26:47.160Z   t0 change 2704->2704 | 2704->2705 | ins=" "
2026-08-14T13:26:47.384Z UPDATE docChanged chgCount=2705 isAutoApply=false paused=false pendingVerify=true isPending=false queued=false
2026-08-14T13:26:47.384Z   t0 change 2705->2705 | 2705->2706 | ins="s"
2026-08-14T13:26:47.425Z UPDATE docChanged chgCount=2706 isAutoApply=false paused=false pendingVerify=true isPending=false queued=false
2026-08-14T13:26:47.425Z   t0 change 2706->2706 | 2706->2707 | ins="o"
2026-08-14T13:26:47.541Z UPDATE docChanged chgCount=2707 isAutoApply=false paused=false pendingVerify=true isPending=false queued=false
2026-08-14T13:26:47.541Z   t0 change 2707->2707 | 2707->2708 | ins=" "
2026-08-14T13:26:48.407Z UPDATE docChanged chgCount=2708 isAutoApply=false paused=false pendingVerify=true isPending=false queued=false
2026-08-14T13:26:48.407Z   t0 change 2708->2708 | 2708->2709 | ins="i"
2026-08-14T13:26:48.563Z UPDATE docChanged chgCount=2709 isAutoApply=false paused=false pendingVerify=true isPending=false queued=false
2026-08-14T13:26:48.563Z   t0 change 2709->2709 | 2709->2710 | ins=" "
2026-08-14T13:26:48.715Z UPDATE docChanged chgCount=2710 isAutoApply=false paused=false pendingVerify=true isPending=false queued=false
2026-08-14T13:26:48.715Z   t0 change 2710->2710 | 2710->2711 | ins="w"
2026-08-14T13:26:48.779Z UPDATE docChanged chgCount=2711 isAutoApply=false paused=false pendingVerify=true isPending=false queued=false
2026-08-14T13:26:48.779Z   t0 change 2711->2711 | 2711->2712 | ins="o"
2026-08-14T13:26:48.832Z UPDATE docChanged chgCount=2712 isAutoApply=false paused=false pendingVerify=true isPending=false queued=false
2026-08-14T13:26:48.832Z   t0 change 2712->2712 | 2712->2713 | ins="u"
2026-08-14T13:26:49.011Z UPDATE docChanged chgCount=2713 isAutoApply=false paused=false pendingVerify=true isPending=false queued=false
2026-08-14T13:26:49.011Z   t0 change 2713->2713 | 2713->2714 | ins="l"
2026-08-14T13:26:49.071Z UPDATE docChanged chgCount=2714 isAutoApply=false paused=false pendingVerify=true isPending=false queued=false
2026-08-14T13:26:49.071Z   t0 change 2714->2714 | 2714->2715 | ins="d"
2026-08-14T13:26:49.303Z UPDATE docChanged chgCount=2715 isAutoApply=false paused=false pendingVerify=true isPending=false queued=false
2026-08-14T13:26:49.303Z   t0 change 2715->2715 | 2715->2716 | ins="n"
2026-08-14T13:26:49.379Z UPDATE docChanged chgCount=2716 isAutoApply=false paused=false pendingVerify=true isPending=false queued=false
2026-08-14T13:26:49.379Z   t0 change 2716->2716 | 2716->2717 | ins="t"
2026-08-14T13:26:49.595Z UPDATE docChanged chgCount=2717 isAutoApply=false paused=false pendingVerify=true isPending=false queued=false
2026-08-14T13:26:49.595Z   t0 change 2717->2717 | 2717->2718 | ins=" "
2026-08-14T13:26:49.928Z UPDATE docChanged chgCount=2718 isAutoApply=false paused=false pendingVerify=true isPending=false queued=false
2026-08-14T13:26:49.928Z   t0 change 2718->2718 | 2718->2719 | ins="b"
2026-08-14T13:26:49.968Z UPDATE docChanged chgCount=2719 isAutoApply=false paused=false pendingVerify=true isPending=false queued=false
2026-08-14T13:26:49.968Z   t0 change 2719->2719 | 2719->2720 | ins="e"
2026-08-14T13:26:50.152Z UPDATE docChanged chgCount=2720 isAutoApply=false paused=false pendingVerify=true isPending=false queued=false
2026-08-14T13:26:50.152Z   t0 change 2720->2720 | 2720->2721 | ins=" "
2026-08-14T13:26:50.335Z UPDATE docChanged chgCount=2721 isAutoApply=false paused=false pendingVerify=true isPending=false queued=false
2026-08-14T13:26:50.335Z   t0 change 2721->2721 | 2721->2722 | ins="n"
2026-08-14T13:26:50.452Z UPDATE docChanged chgCount=2722 isAutoApply=false paused=false pendingVerify=true isPending=false queued=false
2026-08-14T13:26:50.452Z   t0 change 2722->2722 | 2722->2723 | ins="o"
2026-08-14T13:26:50.519Z UPDATE docChanged chgCount=2723 isAutoApply=false paused=false pendingVerify=true isPending=false queued=false
2026-08-14T13:26:50.519Z   t0 change 2723->2723 | 2723->2724 | ins="t"
2026-08-14T13:26:50.591Z UPDATE docChanged chgCount=2724 isAutoApply=false paused=false pendingVerify=true isPending=false queued=false
2026-08-14T13:26:50.591Z   t0 change 2724->2724 | 2724->2725 | ins="i"
2026-08-14T13:26:50.769Z UPDATE docChanged chgCount=2725 isAutoApply=false paused=false pendingVerify=true isPending=false queued=false
2026-08-14T13:26:50.770Z   t0 change 2725->2725 | 2725->2726 | ins="c"
2026-08-14T13:26:50.832Z UPDATE docChanged chgCount=2726 isAutoApply=false paused=false pendingVerify=true isPending=false queued=false
2026-08-14T13:26:50.833Z   t0 change 2726->2726 | 2726->2727 | ins="i"
2026-08-14T13:26:50.924Z UPDATE docChanged chgCount=2727 isAutoApply=false paused=false pendingVerify=true isPending=false queued=false
2026-08-14T13:26:50.924Z   t0 change 2727->2727 | 2727->2728 | ins="n"
2026-08-14T13:26:51.001Z UPDATE docChanged chgCount=2728 isAutoApply=false paused=false pendingVerify=true isPending=false queued=false
2026-08-14T13:26:51.001Z   t0 change 2728->2728 | 2728->2729 | ins="g"
2026-08-14T13:26:51.153Z UPDATE docChanged chgCount=2729 isAutoApply=false paused=false pendingVerify=true isPending=false queued=false
2026-08-14T13:26:51.153Z   t0 change 2729->2729 | 2729->2730 | ins=" "
2026-08-14T13:26:51.325Z UPDATE docChanged chgCount=2730 isAutoApply=false paused=false pendingVerify=true isPending=false queued=false
2026-08-14T13:26:51.325Z   t0 change 2730->2730 | 2730->2731 | ins="i"
2026-08-14T13:26:51.440Z UPDATE docChanged chgCount=2731 isAutoApply=false paused=false pendingVerify=true isPending=false queued=false
2026-08-14T13:26:51.440Z   t0 change 2731->2731 | 2731->2732 | ins="t"
2026-08-14T13:26:51.540Z UPDATE docChanged chgCount=2732 isAutoApply=false paused=false pendingVerify=true isPending=false queued=false
2026-08-14T13:26:51.541Z   t0 change 2732->2732 | 2732->2733 | ins=" "
2026-08-14T13:26:51.861Z UPDATE docChanged chgCount=2733 isAutoApply=false paused=false pendingVerify=true isPending=false queued=false
2026-08-14T13:26:51.862Z   t0 change 2733->2733 | 2733->2734 | ins="t"
2026-08-14T13:26:52.001Z UPDATE docChanged chgCount=2734 isAutoApply=false paused=false pendingVerify=true isPending=false queued=false
2026-08-14T13:26:52.001Z   t0 change 2734->2734 | 2734->2735 | ins="p"
2026-08-14T13:26:52.193Z UPDATE docChanged chgCount=2735 isAutoApply=false paused=false pendingVerify=true isPending=false queued=false
2026-08-14T13:26:52.193Z   t0 change 2735->2735 | 2735->2736 | ins="o"
2026-08-14T13:26:52.412Z UPDATE docChanged chgCount=2736 isAutoApply=false paused=false pendingVerify=true isPending=false queued=false
2026-08-14T13:26:52.412Z   t0 change 2736->2736 | 2736->2737 | ins=" "
2026-08-14T13:26:52.801Z UPDATE docChanged chgCount=2737 isAutoApply=false paused=false pendingVerify=true isPending=false queued=false
2026-08-14T13:26:52.801Z   t0 change 2737->2737 | 2737->2738 | ins="m"
2026-08-14T13:26:53.005Z UPDATE docChanged chgCount=2738 isAutoApply=false paused=false pendingVerify=true isPending=false queued=false
2026-08-14T13:26:53.005Z   t0 change 2738->2738 | 2738->2739 | ins="u"
2026-08-14T13:26:53.080Z UPDATE docChanged chgCount=2739 isAutoApply=false paused=false pendingVerify=true isPending=false queued=false
2026-08-14T13:26:53.081Z   t0 change 2739->2739 | 2739->2740 | ins="c"
2026-08-14T13:26:53.145Z UPDATE docChanged chgCount=2740 isAutoApply=false paused=false pendingVerify=true isPending=false queued=false
2026-08-14T13:26:53.145Z   t0 change 2740->2740 | 2740->2741 | ins="h"
2026-08-14T13:26:53.437Z UPDATE docChanged chgCount=2741 isAutoApply=false paused=false pendingVerify=true isPending=false queued=false
2026-08-14T13:26:53.438Z   t0 change 2741->2741 | 2741->2742 | ins="."
2026-08-14T13:26:53.538Z   confirm FIRE ch=. pos=2741 span=[2545,2742) unit="Like the lag is pretty bad but as long as it is all done i n a minute or so its not too bad because ideally ill just be looking up at the lecture while typign so i wouldnt be noticing it tpo much."
2026-08-14T13:26:53.604Z UPDATE docChanged chgCount=2742 isAutoApply=false paused=false pendingVerify=true isPending=true queued=false
2026-08-14T13:26:53.604Z   t0 change 2742->2742 | 2742->2743 | ins=" "
2026-08-14T13:27:07.349Z UPDATE docChanged chgCount=2743 isAutoApply=false paused=false pendingVerify=true isPending=true queued=false
2026-08-14T13:27:07.349Z   t0 change 1802->1803 | 1802->1802 | ins=""
2026-08-14T13:27:08.223Z UPDATE docChanged chgCount=2742 isAutoApply=true paused=false pendingVerify=true isPending=true queued=false
2026-08-14T13:27:08.836Z UPDATE docChanged chgCount=2745 isAutoApply=false paused=false pendingVerify=true isPending=false queued=false
2026-08-14T13:27:08.836Z   t0 change 1802->1802 | 1802->1803 | ins="."
2026-08-14T13:27:08.936Z   confirm FIRE ch=. pos=1802 span=[1679,1803) unit="Okay so this must be on full thinking , which neans basiclally all errors hosuld be fixed - maybe nto that one but well see."
2026-08-14T13:27:09.000Z UPDATE docChanged chgCount=2746 isAutoApply=false paused=false pendingVerify=true isPending=true queued=false
2026-08-14T13:27:09.000Z   t0 change 1803->1803 | 1803->1804 | ins="\n"
2026-08-14T13:27:09.100Z   confirm FIRE ch=
 pos=1803 span=[1679,1803) unit="Okay so this must be on full thinking , which neans basiclally all errors hosuld be fixed - maybe nto that one but well see."
2026-08-14T13:27:51.611Z UPDATE docChanged chgCount=2747 isAutoApply=false paused=false pendingVerify=true isPending=false queued=false
2026-08-14T13:27:51.611Z   t0 change 1802->1803 | 1802->1802 | ins=""
2026-08-14T13:27:52.440Z UPDATE docChanged chgCount=2746 isAutoApply=false paused=false pendingVerify=true isPending=false queued=false
2026-08-14T13:27:52.440Z   t0 change 1802->1802 | 1802->1803 | ins="."
2026-08-14T13:27:52.540Z   confirm FIRE ch=. pos=1802 span=[1679,1803) unit="Okay so this must be on full thinking , which neans basiclally all errors hosuld be fixed - maybe nto that one but well see."
2026-08-14T13:27:52.580Z UPDATE docChanged chgCount=2747 isAutoApply=false paused=false pendingVerify=true isPending=true queued=false
2026-08-14T13:27:52.580Z   t0 change 1803->1803 | 1803->1804 | ins=" "
2026-08-14T13:27:54.968Z UPDATE docChanged chgCount=2748 isAutoApply=false paused=false pendingVerify=true isPending=true queued=false
2026-08-14T13:27:54.968Z   t0 change 1803->1804 | 1803->1803 | ins=""
2026-08-14T13:27:55.116Z UPDATE docChanged chgCount=2747 isAutoApply=false paused=false pendingVerify=true isPending=true queued=false
2026-08-14T13:27:55.116Z   t0 change 1802->1803 | 1802->1802 | ins=""
2026-08-14T13:27:55.299Z UPDATE docChanged chgCount=2746 isAutoApply=false paused=false pendingVerify=true isPending=true queued=false
2026-08-14T13:27:55.299Z   t0 change 1802->1802 | 1802->1803 | ins=" "
2026-08-14T13:27:55.594Z UPDATE docChanged chgCount=2747 isAutoApply=false paused=false pendingVerify=true isPending=true queued=false
2026-08-14T13:27:55.595Z   t0 change 1803->1803 | 1803->1804 | ins="i"
2026-08-14T13:27:55.742Z UPDATE docChanged chgCount=2748 isAutoApply=false paused=false pendingVerify=true isPending=true queued=false
2026-08-14T13:27:55.742Z   t0 change 1804->1804 | 1804->1805 | ins="t"
2026-08-14T13:27:55.821Z UPDATE docChanged chgCount=2749 isAutoApply=false paused=false pendingVerify=true isPending=true queued=false
2026-08-14T13:27:55.821Z   t0 change 1805->1805 | 1805->1806 | ins=" "
2026-08-14T13:27:55.970Z UPDATE docChanged chgCount=2750 isAutoApply=false paused=false pendingVerify=true isPending=true queued=false
2026-08-14T13:27:55.970Z   t0 change 1806->1806 | 1806->1807 | ins="r"
2026-08-14T13:27:56.039Z UPDATE docChanged chgCount=2751 isAutoApply=false paused=false pendingVerify=true isPending=true queued=false
2026-08-14T13:27:56.039Z   t0 change 1807->1807 | 1807->1808 | ins="e"
2026-08-14T13:27:56.107Z UPDATE docChanged chgCount=2752 isAutoApply=false paused=false pendingVerify=true isPending=true queued=false
2026-08-14T13:27:56.107Z   t0 change 1808->1808 | 1808->1809 | ins="a"
2026-08-14T13:27:56.170Z UPDATE docChanged chgCount=2753 isAutoApply=false paused=false pendingVerify=true isPending=true queued=false
2026-08-14T13:27:56.171Z   t0 change 1809->1809 | 1809->1810 | ins="l"
2026-08-14T13:27:56.318Z UPDATE docChanged chgCount=2754 isAutoApply=false paused=false pendingVerify=true isPending=true queued=false
2026-08-14T13:27:56.318Z   t0 change 1810->1810 | 1810->1811 | ins="l"
2026-08-14T13:27:56.379Z UPDATE docChanged chgCount=2755 isAutoApply=false paused=false pendingVerify=true isPending=true queued=false
2026-08-14T13:27:56.379Z   t0 change 1811->1811 | 1811->1812 | ins="y"
2026-08-14T13:27:56.442Z UPDATE docChanged chgCount=2756 isAutoApply=false paused=false pendingVerify=true isPending=true queued=false
2026-08-14T13:27:56.442Z   t0 change 1812->1812 | 1812->1813 | ins=" "
2026-08-14T13:27:56.642Z UPDATE docChanged chgCount=2757 isAutoApply=false paused=false pendingVerify=true isPending=true queued=false
2026-08-14T13:27:56.642Z   t0 change 1813->1813 | 1813->1814 | ins="s"
2026-08-14T13:27:56.854Z UPDATE docChanged chgCount=2758 isAutoApply=false paused=false pendingVerify=true isPending=true queued=false
2026-08-14T13:27:56.854Z   t0 change 1814->1814 | 1814->1815 | ins="t"
2026-08-14T13:27:56.926Z UPDATE docChanged chgCount=2759 isAutoApply=false paused=false pendingVerify=true isPending=true queued=false
2026-08-14T13:27:56.926Z   t0 change 1815->1815 | 1815->1816 | ins="r"
2026-08-14T13:27:57.014Z UPDATE docChanged chgCount=2760 isAutoApply=false paused=false pendingVerify=true isPending=true queued=false
2026-08-14T13:27:57.014Z   t0 change 1816->1816 | 1816->1817 | ins="u"
2026-08-14T13:27:57.141Z UPDATE docChanged chgCount=2761 isAutoApply=false paused=false pendingVerify=true isPending=true queued=false
2026-08-14T13:27:57.141Z   t0 change 1817->1817 | 1817->1818 | ins="g"
2026-08-14T13:27:57.290Z UPDATE docChanged chgCount=2762 isAutoApply=false paused=false pendingVerify=true isPending=true queued=false
2026-08-14T13:27:57.290Z   t0 change 1818->1818 | 1818->1819 | ins="g"
2026-08-14T13:27:57.453Z UPDATE docChanged chgCount=2763 isAutoApply=false paused=false pendingVerify=true isPending=true queued=false
2026-08-14T13:27:57.453Z   t0 change 1819->1819 | 1819->1820 | ins="l"
2026-08-14T13:27:57.594Z UPDATE docChanged chgCount=2764 isAutoApply=false paused=false pendingVerify=true isPending=true queued=false
2026-08-14T13:27:57.595Z   t0 change 1820->1820 | 1820->1821 | ins="e"
2026-08-14T13:27:57.673Z UPDATE docChanged chgCount=2765 isAutoApply=false paused=false pendingVerify=true isPending=true queued=false
2026-08-14T13:27:57.673Z   t0 change 1821->1821 | 1821->1822 | ins="s"
2026-08-14T13:27:57.782Z UPDATE docChanged chgCount=2766 isAutoApply=false paused=false pendingVerify=true isPending=true queued=false
2026-08-14T13:27:57.782Z   t0 change 1822->1822 | 1822->1823 | ins=" "
2026-08-14T13:27:57.942Z UPDATE docChanged chgCount=2767 isAutoApply=false paused=false pendingVerify=true isPending=true queued=false
2026-08-14T13:27:57.942Z   t0 change 1823->1823 | 1823->1824 | ins="w"
2026-08-14T13:27:58.070Z UPDATE docChanged chgCount=2768 isAutoApply=false paused=false pendingVerify=true isPending=true queued=false
2026-08-14T13:27:58.070Z   t0 change 1824->1824 | 1824->1825 | ins="i"
2026-08-14T13:27:58.168Z UPDATE docChanged chgCount=2769 isAutoApply=false paused=false pendingVerify=true isPending=true queued=false
2026-08-14T13:27:58.169Z   t0 change 1825->1825 | 1825->1826 | ins="t"
2026-08-14T13:27:58.258Z UPDATE docChanged chgCount=2770 isAutoApply=false paused=false pendingVerify=true isPending=true queued=false
2026-08-14T13:27:58.258Z   t0 change 1826->1826 | 1826->1827 | ins="h"
2026-08-14T13:27:58.323Z UPDATE docChanged chgCount=2771 isAutoApply=false paused=false pendingVerify=true isPending=true queued=false
2026-08-14T13:27:58.323Z   t0 change 1827->1827 | 1827->1828 | ins=" "
2026-08-14T13:27:58.472Z UPDATE docChanged chgCount=2772 isAutoApply=false paused=false pendingVerify=true isPending=true queued=false
2026-08-14T13:27:58.472Z   t0 change 1828->1828 | 1828->1829 | ins="t"
2026-08-14T13:27:58.574Z UPDATE docChanged chgCount=2773 isAutoApply=false paused=false pendingVerify=true isPending=true queued=false
2026-08-14T13:27:58.575Z   t0 change 1829->1829 | 1829->1830 | ins="h"
2026-08-14T13:27:58.754Z UPDATE docChanged chgCount=2774 isAutoApply=false paused=false pendingVerify=true isPending=true queued=false
2026-08-14T13:27:58.754Z   t0 change 1830->1830 | 1830->1831 | ins="i"
2026-08-14T13:27:58.863Z UPDATE docChanged chgCount=2775 isAutoApply=false paused=false pendingVerify=true isPending=true queued=false
2026-08-14T13:27:58.863Z   t0 change 1831->1831 | 1831->1832 | ins="s"
2026-08-14T13:27:58.955Z UPDATE docChanged chgCount=2776 isAutoApply=false paused=false pendingVerify=true isPending=true queued=false
2026-08-14T13:27:58.955Z   t0 change 1832->1832 | 1832->1833 | ins=" "
2026-08-14T13:27:59.122Z UPDATE docChanged chgCount=2777 isAutoApply=false paused=false pendingVerify=true isPending=true queued=false
2026-08-14T13:27:59.122Z   t0 change 1833->1833 | 1833->1834 | ins="s"
2026-08-14T13:27:59.231Z UPDATE docChanged chgCount=2778 isAutoApply=false paused=false pendingVerify=true isPending=true queued=false
2026-08-14T13:27:59.231Z   t0 change 1834->1834 | 1834->1835 | ins="e"
2026-08-14T13:27:59.329Z UPDATE docChanged chgCount=2779 isAutoApply=false paused=false pendingVerify=true isPending=true queued=false
2026-08-14T13:27:59.329Z   t0 change 1835->1835 | 1835->1836 | ins="n"
2026-08-14T13:27:59.447Z UPDATE docChanged chgCount=2780 isAutoApply=false paused=false pendingVerify=true isPending=true queued=false
2026-08-14T13:27:59.447Z   t0 change 1836->1836 | 1836->1837 | ins="t"
2026-08-14T13:27:59.542Z UPDATE docChanged chgCount=2781 isAutoApply=false paused=false pendingVerify=true isPending=true queued=false
2026-08-14T13:27:59.542Z   t0 change 1837->1837 | 1837->1838 | ins="e"
2026-08-14T13:27:59.839Z UPDATE docChanged chgCount=2782 isAutoApply=false paused=false pendingVerify=true isPending=true queued=false
2026-08-14T13:27:59.839Z   t0 change 1838->1838 | 1838->1839 | ins="."
2026-08-14T13:27:59.939Z   confirm FIRE ch=. pos=1838 span=[1679,1839) unit="Okay so this must be on full thinking , which neans basiclally all errors hosuld be fixed - maybe nto that one but well see it really struggles with this sente."
2026-08-14T13:28:00.037Z UPDATE docChanged chgCount=2783 isAutoApply=false paused=false pendingVerify=true isPending=true queued=true
2026-08-14T13:28:00.038Z   t0 change 1839->1839 | 1839->1840 | ins="c"
2026-08-14T13:28:00.042Z UPDATE docChanged chgCount=2784 isAutoApply=false paused=false pendingVerify=true isPending=true queued=true
2026-08-14T13:28:00.042Z   t0 change 1679->1840 | 1679->1841 | ins="Okay so this must be on full thinking , which neans basiclally all errors hosuld be fixed - maybe nto that one but well see it really struggles with this sente. c"
2026-08-14T13:28:00.101Z UPDATE docChanged chgCount=2785 isAutoApply=false paused=false pendingVerify=true isPending=true queued=true
2026-08-14T13:28:00.102Z   t0 change 1841->1841 | 1841->1842 | ins="e"
2026-08-14T13:28:00.772Z UPDATE docChanged chgCount=2786 isAutoApply=false paused=false pendingVerify=true isPending=true queued=true
2026-08-14T13:28:00.772Z   t0 change 1841->1842 | 1841->1841 | ins=""
2026-08-14T13:28:00.924Z UPDATE docChanged chgCount=2785 isAutoApply=false paused=false pendingVerify=true isPending=true queued=true
2026-08-14T13:28:00.924Z   t0 change 1840->1841 | 1840->1840 | ins=""
2026-08-14T13:28:01.072Z UPDATE docChanged chgCount=2784 isAutoApply=false paused=false pendingVerify=true isPending=true queued=true
2026-08-14T13:28:01.072Z   t0 change 1839->1840 | 1839->1839 | ins=""
2026-08-14T13:28:01.673Z UPDATE docChanged chgCount=2783 isAutoApply=false paused=false pendingVerify=true isPending=true queued=true
2026-08-14T13:28:01.673Z   t0 change 1839->1839 | 1839->1840 | ins=" "
2026-08-14T13:28:02.124Z UPDATE docChanged chgCount=2784 isAutoApply=false paused=false pendingVerify=true isPending=true queued=true
2026-08-14T13:28:02.124Z   t0 change 1839->1840 | 1839->1839 | ins=""
2026-08-14T13:28:02.263Z UPDATE docChanged chgCount=2783 isAutoApply=false paused=false pendingVerify=true isPending=true queued=true
2026-08-14T13:28:02.263Z   t0 change 1838->1839 | 1838->1838 | ins=""
2026-08-14T13:28:02.383Z UPDATE docChanged chgCount=2782 isAutoApply=false paused=false pendingVerify=true isPending=true queued=true
2026-08-14T13:28:02.383Z   t0 change 1837->1838 | 1837->1837 | ins=""
2026-08-14T13:28:02.409Z UPDATE docChanged chgCount=2781 isAutoApply=false paused=false pendingVerify=true isPending=true queued=true
2026-08-14T13:28:02.409Z   t0 change 1837->1837 | 1837->1838 | ins=" "
2026-08-14T13:28:03.091Z UPDATE docChanged chgCount=2782 isAutoApply=false paused=false pendingVerify=true isPending=true queued=true
2026-08-14T13:28:03.091Z   t0 change 1837->1838 | 1837->1837 | ins=""
2026-08-14T13:28:03.286Z UPDATE docChanged chgCount=2781 isAutoApply=false paused=false pendingVerify=true isPending=true queued=true
2026-08-14T13:28:03.286Z   t0 change 1837->1837 | 1837->1838 | ins="e"
2026-08-14T13:28:03.385Z UPDATE docChanged chgCount=2782 isAutoApply=false paused=false pendingVerify=true isPending=true queued=true
2026-08-14T13:28:03.385Z   t0 change 1838->1838 | 1838->1839 | ins="n"
2026-08-14T13:28:03.481Z UPDATE docChanged chgCount=2783 isAutoApply=false paused=false pendingVerify=true isPending=true queued=true
2026-08-14T13:28:03.481Z   t0 change 1839->1839 | 1839->1840 | ins="c"
2026-08-14T13:28:03.558Z UPDATE docChanged chgCount=2784 isAutoApply=false paused=false pendingVerify=true isPending=true queued=true
2026-08-14T13:28:03.558Z   t0 change 1840->1840 | 1840->1841 | ins="e"
2026-08-14T13:28:03.684Z UPDATE docChanged chgCount=2785 isAutoApply=false paused=false pendingVerify=true isPending=true queued=true
2026-08-14T13:28:03.684Z   t0 change 1841->1841 | 1841->1842 | ins="."
2026-08-14T13:28:03.785Z UPDATE docChanged chgCount=2786 isAutoApply=false paused=false pendingVerify=true isPending=true queued=true
2026-08-14T13:28:03.786Z   t0 change 1842->1842 | 1842->1843 | ins=" "
2026-08-14T13:28:03.794Z   confirm FIRE ch=. pos=1841 span=[1679,1842) unit="Okay so this must be on full thinking , which neans basiclally all errors hosuld be fixed - maybe nto that one but well see it really struggles with this sentence."
2026-08-14T13:29:57.570Z UPDATE docChanged chgCount=2787 isAutoApply=false paused=false pendingVerify=true isPending=false queued=false
2026-08-14T13:29:57.570Z   t0 change 1842->1843 | 1842->1842 | ins=""
2026-08-14T13:29:57.978Z UPDATE docChanged chgCount=2786 isAutoApply=false paused=false pendingVerify=true isPending=false queued=false
2026-08-14T13:29:57.978Z   t0 change 1841->1842 | 1841->1841 | ins=""
2026-08-14T13:29:58.408Z UPDATE docChanged chgCount=2785 isAutoApply=false paused=false pendingVerify=true isPending=false queued=false
2026-08-14T13:29:58.408Z   t0 change 1841->1841 | 1841->1842 | ins="."
2026-08-14T13:29:58.495Z UPDATE docChanged chgCount=2786 isAutoApply=false paused=false pendingVerify=true isPending=false queued=false
2026-08-14T13:29:58.495Z   t0 change 1842->1842 | 1842->1843 | ins=" "
2026-08-14T13:29:58.508Z   confirm FIRE ch=. pos=1841 span=[1679,1842) unit="Okay so this must be on full thinking , which neans basiclally all errors hosuld be fixed - maybe nto that one but well see it really struggles with this sentence."
2026-08-14T13:30:01.890Z UPDATE docChanged chgCount=2787 isAutoApply=false paused=false pendingVerify=true isPending=false queued=false
2026-08-14T13:30:01.890Z   t0 change 1842->1843 | 1842->1842 | ins=""
2026-08-14T13:30:02.082Z UPDATE docChanged chgCount=2786 isAutoApply=false paused=false pendingVerify=true isPending=false queued=false
2026-08-14T13:30:02.083Z   t0 change 1841->1842 | 1841->1841 | ins=""
2026-08-14T13:30:02.395Z UPDATE docChanged chgCount=2785 isAutoApply=false paused=false pendingVerify=true isPending=false queued=false
2026-08-14T13:30:02.395Z   t0 change 1841->1841 | 1841->1842 | ins="."
2026-08-14T13:30:02.496Z   confirm FIRE ch=. pos=1841 span=[1679,1842) unit="Okay so this must be on full thinking , which neans basiclally all errors hosuld be fixed - maybe nto that one but well see it really struggles with this sentence."
2026-08-14T13:30:02.501Z UPDATE docChanged chgCount=2786 isAutoApply=false paused=false pendingVerify=true isPending=true queued=false
2026-08-14T13:30:02.501Z   t0 change 1842->1842 | 1842->1843 | ins=" "
2026-08-14T13:30:06.262Z UPDATE docChanged chgCount=2787 isAutoApply=false paused=false pendingVerify=true isPending=false queued=false
2026-08-14T13:30:06.262Z   t0 change 1842->1843 | 1842->1842 | ins=""
2026-08-14T13:30:06.450Z UPDATE docChanged chgCount=2786 isAutoApply=false paused=false pendingVerify=true isPending=false queued=false
2026-08-14T13:30:06.450Z   t0 change 1841->1842 | 1841->1841 | ins=""
2026-08-14T13:30:07.543Z UPDATE docChanged chgCount=2785 isAutoApply=false paused=false pendingVerify=true isPending=false queued=false
2026-08-14T13:30:07.543Z   t0 change 1841->1841 | 1841->1842 | ins="."
2026-08-14T13:30:07.643Z   confirm FIRE ch=. pos=1841 span=[1679,1842) unit="Okay so this must be on full thinking , which neans basiclally all errors hosuld be fixed - maybe nto that one but well see it really struggles with this sentence."
2026-08-14T13:30:07.704Z UPDATE docChanged chgCount=2786 isAutoApply=false paused=false pendingVerify=true isPending=true queued=false
2026-08-14T13:30:07.705Z   t0 change 1842->1842 | 1842->1843 | ins=" "
2026-08-14T13:30:07.780Z UPDATE docChanged chgCount=2787 isAutoApply=false paused=false pendingVerify=true isPending=true queued=false
2026-08-14T13:30:07.780Z   t0 change 1842->1843 | 1842->1842 | ins=""
2026-08-14T13:30:08.828Z UPDATE docChanged chgCount=2786 isAutoApply=false paused=false pendingVerify=true isPending=true queued=false
2026-08-14T13:30:08.829Z   t0 change 1842->1842 | 1842->1843 | ins=" "
2026-08-14T13:30:10.545Z UPDATE docChanged chgCount=2787 isAutoApply=false paused=false pendingVerify=true isPending=false queued=false
2026-08-14T13:30:10.545Z   t0 change 1843->1843 | 1843->1844 | ins="t"
2026-08-14T13:30:10.664Z UPDATE docChanged chgCount=2788 isAutoApply=false paused=false pendingVerify=true isPending=false queued=false
2026-08-14T13:30:10.664Z   t0 change 1844->1844 | 1844->1845 | ins="h"
2026-08-14T13:30:10.792Z UPDATE docChanged chgCount=2789 isAutoApply=false paused=false pendingVerify=true isPending=false queued=false
2026-08-14T13:30:10.792Z   t0 change 1845->1845 | 1845->1846 | ins="i"
2026-08-14T13:30:10.909Z UPDATE docChanged chgCount=2790 isAutoApply=false paused=false pendingVerify=true isPending=false queued=false
2026-08-14T13:30:10.909Z   t0 change 1846->1846 | 1846->1847 | ins="s"
2026-08-14T13:30:11.057Z UPDATE docChanged chgCount=2791 isAutoApply=false paused=false pendingVerify=true isPending=false queued=false
2026-08-14T13:30:11.057Z   t0 change 1847->1847 | 1847->1848 | ins=" "
2026-08-14T13:30:11.252Z UPDATE docChanged chgCount=2792 isAutoApply=false paused=false pendingVerify=true isPending=false queued=false
2026-08-14T13:30:11.252Z   t0 change 1848->1848 | 1848->1849 | ins="i"
2026-08-14T13:30:11.264Z UPDATE docChanged chgCount=2793 isAutoApply=false paused=false pendingVerify=true isPending=false queued=false
2026-08-14T13:30:11.264Z   t0 change 1849->1849 | 1849->1850 | ins="s"
2026-08-14T13:30:11.408Z UPDATE docChanged chgCount=2794 isAutoApply=false paused=false pendingVerify=true isPending=false queued=false
2026-08-14T13:30:11.408Z   t0 change 1850->1850 | 1850->1851 | ins=" "
2026-08-14T13:30:11.688Z UPDATE docChanged chgCount=2795 isAutoApply=false paused=false pendingVerify=true isPending=false queued=false
2026-08-14T13:30:11.688Z   t0 change 1851->1851 | 1851->1852 | ins="n"
2026-08-14T13:30:11.964Z UPDATE docChanged chgCount=2796 isAutoApply=false paused=false pendingVerify=true isPending=false queued=false
2026-08-14T13:30:11.964Z   t0 change 1852->1852 | 1852->1853 | ins="t"
2026-08-14T13:30:12.096Z UPDATE docChanged chgCount=2797 isAutoApply=false paused=false pendingVerify=true isPending=false queued=false
2026-08-14T13:30:12.096Z   t0 change 1853->1853 | 1853->1854 | ins="o"
2026-08-14T13:30:12.255Z UPDATE docChanged chgCount=2798 isAutoApply=false paused=false pendingVerify=true isPending=false queued=false
2026-08-14T13:30:12.256Z   t0 change 1854->1854 | 1854->1855 | ins=" "
2026-08-14T13:30:12.564Z UPDATE docChanged chgCount=2799 isAutoApply=false paused=false pendingVerify=true isPending=false queued=false
2026-08-14T13:30:12.564Z   t0 change 1855->1855 | 1855->1856 | ins="v"
2026-08-14T13:30:12.688Z UPDATE docChanged chgCount=2800 isAutoApply=false paused=false pendingVerify=true isPending=false queued=false
2026-08-14T13:30:12.688Z   t0 change 1856->1856 | 1856->1857 | ins="e"
2026-08-14T13:30:12.764Z UPDATE docChanged chgCount=2801 isAutoApply=false paused=false pendingVerify=true isPending=false queued=false
2026-08-14T13:30:12.764Z   t0 change 1857->1857 | 1857->1858 | ins="r"
2026-08-14T13:30:12.863Z UPDATE docChanged chgCount=2802 isAutoApply=false paused=false pendingVerify=true isPending=false queued=false
2026-08-14T13:30:12.863Z   t0 change 1858->1858 | 1858->1859 | ins="y"
2026-08-14T13:30:12.948Z UPDATE docChanged chgCount=2803 isAutoApply=false paused=false pendingVerify=true isPending=false queued=false
2026-08-14T13:30:12.948Z   t0 change 1859->1859 | 1859->1860 | ins=" "
2026-08-14T13:30:13.111Z UPDATE docChanged chgCount=2804 isAutoApply=false paused=false pendingVerify=true isPending=false queued=false
2026-08-14T13:30:13.111Z   t0 change 1860->1860 | 1860->1861 | ins="g"
2026-08-14T13:30:13.237Z UPDATE docChanged chgCount=2805 isAutoApply=false paused=false pendingVerify=true isPending=false queued=false
2026-08-14T13:30:13.237Z   t0 change 1861->1861 | 1861->1862 | ins="o"
2026-08-14T13:30:13.395Z UPDATE docChanged chgCount=2806 isAutoApply=false paused=false pendingVerify=true isPending=false queued=false
2026-08-14T13:30:13.396Z   t0 change 1862->1862 | 1862->1863 | ins="o"
2026-08-14T13:30:13.439Z UPDATE docChanged chgCount=2807 isAutoApply=false paused=false pendingVerify=true isPending=false queued=false
2026-08-14T13:30:13.439Z   t0 change 1863->1863 | 1863->1864 | ins="d"
2026-08-14T13:30:13.539Z UPDATE docChanged chgCount=2808 isAutoApply=false paused=false pendingVerify=true isPending=false queued=false
2026-08-14T13:30:13.539Z   t0 change 1864->1864 | 1864->1865 | ins=" "
2026-08-14T13:30:13.836Z UPDATE docChanged chgCount=2809 isAutoApply=false paused=false pendingVerify=true isPending=false queued=false
2026-08-14T13:30:13.836Z   t0 change 1865->1865 | 1865->1866 | ins="."
2026-08-14T13:30:13.936Z   confirm FIRE ch=. pos=1865 span=[1842,1866) unit="this is nto very good ."
2026-08-14T13:30:14.003Z UPDATE docChanged chgCount=2810 isAutoApply=false paused=false pendingVerify=true isPending=true queued=false
2026-08-14T13:30:14.003Z   t0 change 1866->1866 | 1866->1867 | ins=" "
2026-08-14T13:30:14.476Z UPDATE docChanged chgCount=2811 isAutoApply=true paused=false pendingVerify=true isPending=true queued=false
2026-08-14T13:30:58.818Z UPDATE docChanged chgCount=2811 isAutoApply=false paused=false pendingVerify=true isPending=false queued=false
2026-08-14T13:30:58.818Z   t0 change 2811->2811 | 2811->2812 | ins="\n"
2026-08-14T13:30:58.919Z   confirm FIRE ch=
 pos=2811 span=[2426,2811) unit="Okay now we're trying max thinking mode - it should think over every sentence I type which will slow it down but hopefully catch everything. Which perhaps would make the cost worth it. Like the lag is pretty bad but as long as it is all done i n a minute or so it's not too bad because ideally I'll just be looking up at the lecture while typing so I wouldn't be noticing it too much."
2026-08-14T13:31:01.540Z UPDATE docChanged chgCount=2812 isAutoApply=false paused=false pendingVerify=true isPending=true queued=false
2026-08-14T13:31:01.540Z   t0 change 2812->2812 | 2812->2813 | ins="\n"
2026-08-14T13:31:01.640Z   confirm REJECT ch=
 pos=2812 span=null (lineSpan failed)
2026-08-14T13:31:09.609Z UPDATE docChanged chgCount=2813 isAutoApply=false paused=false pendingVerify=true isPending=false queued=false
2026-08-14T13:31:09.609Z   t0 change 2813->2813 | 2813->2814 | ins="n"
2026-08-14T13:31:09.679Z UPDATE docChanged chgCount=2814 isAutoApply=false paused=false pendingVerify=true isPending=false queued=false
2026-08-14T13:31:09.679Z   t0 change 2814->2814 | 2814->2815 | ins="e"
2026-08-14T13:31:10.202Z UPDATE docChanged chgCount=2815 isAutoApply=false paused=false pendingVerify=true isPending=false queued=false
2026-08-14T13:31:10.202Z   t0 change 2814->2815 | 2814->2814 | ins=""
2026-08-14T13:31:10.383Z UPDATE docChanged chgCount=2814 isAutoApply=false paused=false pendingVerify=true isPending=false queued=false
2026-08-14T13:31:10.383Z   t0 change 2813->2814 | 2813->2813 | ins=""
2026-08-14T13:31:16.604Z UPDATE docChanged chgCount=2813 isAutoApply=false paused=false pendingVerify=true isPending=false queued=false
2026-08-14T13:31:16.604Z   t0 change 2813->2813 | 2813->2814 | ins="t"
2026-08-14T13:31:16.703Z UPDATE docChanged chgCount=2814 isAutoApply=false paused=false pendingVerify=true isPending=false queued=false
2026-08-14T13:31:16.703Z   t0 change 2814->2814 | 2814->2815 | ins="h"
2026-08-14T13:31:16.808Z UPDATE docChanged chgCount=2815 isAutoApply=false paused=false pendingVerify=true isPending=false queued=false
2026-08-14T13:31:16.808Z   t0 change 2815->2815 | 2815->2816 | ins="i"
2026-08-14T13:31:16.847Z UPDATE docChanged chgCount=2816 isAutoApply=false paused=false pendingVerify=true isPending=false queued=false
2026-08-14T13:31:16.847Z   t0 change 2816->2816 | 2816->2817 | ins="s"
2026-08-14T13:31:16.939Z UPDATE docChanged chgCount=2817 isAutoApply=false paused=false pendingVerify=true isPending=false queued=false
2026-08-14T13:31:16.939Z   t0 change 2817->2817 | 2817->2818 | ins=" "
2026-08-14T13:31:17.055Z UPDATE docChanged chgCount=2818 isAutoApply=false paused=false pendingVerify=true isPending=false queued=false
2026-08-14T13:31:17.055Z   t0 change 2818->2818 | 2818->2819 | ins="s"
2026-08-14T13:31:17.192Z UPDATE docChanged chgCount=2819 isAutoApply=false paused=false pendingVerify=true isPending=false queued=false
2026-08-14T13:31:17.192Z   t0 change 2819->2819 | 2819->2820 | ins="i"
2026-08-14T13:31:17.679Z UPDATE docChanged chgCount=2820 isAutoApply=false paused=false pendingVerify=true isPending=false queued=false
2026-08-14T13:31:17.679Z   t0 change 2820->2820 | 2820->2821 | ins=" "
2026-08-14T13:31:17.887Z UPDATE docChanged chgCount=2821 isAutoApply=false paused=false pendingVerify=true isPending=false queued=false
2026-08-14T13:31:17.887Z   t0 change 2821->2821 | 2821->2822 | ins="a"
2026-08-14T13:31:18.015Z UPDATE docChanged chgCount=2822 isAutoApply=false paused=false pendingVerify=true isPending=false queued=false
2026-08-14T13:31:18.015Z   t0 change 2822->2822 | 2822->2823 | ins=" "
2026-08-14T13:31:18.151Z UPDATE docChanged chgCount=2823 isAutoApply=false paused=false pendingVerify=true isPending=false queued=false
2026-08-14T13:31:18.151Z   t0 change 2823->2823 | 2823->2824 | ins="s"
2026-08-14T13:31:18.263Z UPDATE docChanged chgCount=2824 isAutoApply=false paused=false pendingVerify=true isPending=false queued=false
2026-08-14T13:31:18.263Z   t0 change 2824->2824 | 2824->2825 | ins="e"
2026-08-14T13:31:18.351Z UPDATE docChanged chgCount=2825 isAutoApply=false paused=false pendingVerify=true isPending=false queued=false
2026-08-14T13:31:18.351Z   t0 change 2825->2825 | 2825->2826 | ins="n"
2026-08-14T13:31:18.476Z UPDATE docChanged chgCount=2826 isAutoApply=false paused=false pendingVerify=true isPending=false queued=false
2026-08-14T13:31:18.476Z   t0 change 2826->2826 | 2826->2827 | ins="t"
2026-08-14T13:31:18.579Z UPDATE docChanged chgCount=2827 isAutoApply=false paused=false pendingVerify=true isPending=false queued=false
2026-08-14T13:31:18.579Z   t0 change 2827->2827 | 2827->2828 | ins="e"
2026-08-14T13:31:18.720Z UPDATE docChanged chgCount=2828 isAutoApply=false paused=false pendingVerify=true isPending=false queued=false
2026-08-14T13:31:18.720Z   t0 change 2828->2828 | 2828->2829 | ins="n"
2026-08-14T13:31:18.847Z UPDATE docChanged chgCount=2829 isAutoApply=false paused=false pendingVerify=true isPending=false queued=false
2026-08-14T13:31:18.847Z   t0 change 2829->2829 | 2829->2830 | ins="c"
2026-08-14T13:31:18.923Z UPDATE docChanged chgCount=2830 isAutoApply=false paused=false pendingVerify=true isPending=false queued=false
2026-08-14T13:31:18.923Z   t0 change 2830->2830 | 2830->2831 | ins="e"
2026-08-14T13:31:18.992Z UPDATE docChanged chgCount=2831 isAutoApply=false paused=false pendingVerify=true isPending=false queued=false
2026-08-14T13:31:18.992Z   t0 change 2831->2831 | 2831->2832 | ins=" "
2026-08-14T13:31:19.187Z UPDATE docChanged chgCount=2832 isAutoApply=false paused=false pendingVerify=true isPending=false queued=false
2026-08-14T13:31:19.187Z   t0 change 2832->2832 | 2832->2833 | ins="w"
2026-08-14T13:31:19.271Z UPDATE docChanged chgCount=2833 isAutoApply=false paused=false pendingVerify=true isPending=false queued=false
2026-08-14T13:31:19.271Z   t0 change 2833->2833 | 2833->2834 | ins="i"
2026-08-14T13:31:19.420Z UPDATE docChanged chgCount=2834 isAutoApply=false paused=false pendingVerify=true isPending=false queued=false
2026-08-14T13:31:19.420Z   t0 change 2834->2834 | 2834->2835 | ins="t"
2026-08-14T13:31:19.556Z UPDATE docChanged chgCount=2835 isAutoApply=false paused=false pendingVerify=true isPending=false queued=false
2026-08-14T13:31:19.556Z   t0 change 2835->2835 | 2835->2836 | ins="h"
2026-08-14T13:31:19.856Z UPDATE docChanged chgCount=2836 isAutoApply=false paused=false pendingVerify=true isPending=false queued=false
2026-08-14T13:31:19.856Z   t0 change 2836->2836 | 2836->2837 | ins="h"
2026-08-14T13:31:20.063Z UPDATE docChanged chgCount=2837 isAutoApply=false paused=false pendingVerify=true isPending=false queued=false
2026-08-14T13:31:20.063Z   t0 change 2837->2837 | 2837->2838 | ins=" "
2026-08-14T13:31:20.424Z UPDATE docChanged chgCount=2838 isAutoApply=false paused=false pendingVerify=true isPending=false queued=false
2026-08-14T13:31:20.424Z   t0 change 2838->2838 | 2838->2839 | ins="s"
2026-08-14T13:31:20.479Z UPDATE docChanged chgCount=2839 isAutoApply=false paused=false pendingVerify=true isPending=false queued=false
2026-08-14T13:31:20.479Z   t0 change 2839->2839 | 2839->2840 | ins="o"
2026-08-14T13:31:20.579Z UPDATE docChanged chgCount=2840 isAutoApply=false paused=false pendingVerify=true isPending=false queued=false
2026-08-14T13:31:20.579Z   t0 change 2840->2840 | 2840->2841 | ins="m"
2026-08-14T13:31:20.787Z UPDATE docChanged chgCount=2841 isAutoApply=false paused=false pendingVerify=true isPending=false queued=false
2026-08-14T13:31:20.787Z   t0 change 2841->2841 | 2841->2842 | ins="e"
2026-08-14T13:31:21.223Z UPDATE docChanged chgCount=2842 isAutoApply=false paused=false pendingVerify=true isPending=false queued=false
2026-08-14T13:31:21.223Z   t0 change 2842->2842 | 2842->2843 | ins=" "
2026-08-14T13:31:21.491Z UPDATE docChanged chgCount=2843 isAutoApply=false paused=false pendingVerify=true isPending=false queued=false
2026-08-14T13:31:21.491Z   t0 change 2843->2843 | 2843->2844 | ins="s"
2026-08-14T13:31:22.119Z UPDATE docChanged chgCount=2844 isAutoApply=false paused=false pendingVerify=true isPending=false queued=false
2026-08-14T13:31:22.119Z   t0 change 2844->2844 | 2844->2845 | ins="o"
2026-08-14T13:31:22.331Z UPDATE docChanged chgCount=2845 isAutoApply=false paused=false pendingVerify=true isPending=false queued=false
2026-08-14T13:31:22.331Z   t0 change 2845->2845 | 2845->2846 | ins="l"
2026-08-14T13:31:22.360Z UPDATE docChanged chgCount=2846 isAutoApply=false paused=false pendingVerify=true isPending=false queued=false
2026-08-14T13:31:22.360Z   t0 change 2846->2846 | 2846->2847 | ins=";"
2026-08-14T13:31:22.479Z UPDATE docChanged chgCount=2847 isAutoApply=false paused=false pendingVerify=true isPending=false queued=false
2026-08-14T13:31:22.479Z   t0 change 2847->2847 | 2847->2848 | ins="y"
2026-08-14T13:31:22.481Z UPDATE docChanged chgCount=2848 isAutoApply=false paused=false pendingVerify=true isPending=false queued=false
2026-08-14T13:31:22.481Z   t0 change 2813->2848 | 2813->2849 | ins="this si a sentence withh some sol; y"
2026-08-14T13:31:22.934Z UPDATE docChanged chgCount=2849 isAutoApply=false paused=false pendingVerify=true isPending=false queued=false
2026-08-14T13:31:22.934Z   t0 change 2848->2849 | 2848->2848 | ins=""
2026-08-14T13:31:23.090Z UPDATE docChanged chgCount=2848 isAutoApply=false paused=false pendingVerify=true isPending=false queued=false
2026-08-14T13:31:23.090Z   t0 change 2847->2848 | 2847->2847 | ins=""
2026-08-14T13:31:23.195Z UPDATE docChanged chgCount=2847 isAutoApply=false paused=false pendingVerify=true isPending=false queued=false
2026-08-14T13:31:23.195Z   t0 change 2846->2847 | 2846->2846 | ins=""
2026-08-14T13:31:23.338Z UPDATE docChanged chgCount=2846 isAutoApply=false paused=false pendingVerify=true isPending=false queued=false
2026-08-14T13:31:23.338Z   t0 change 2845->2846 | 2845->2845 | ins=""
2026-08-14T13:31:23.538Z UPDATE docChanged chgCount=2845 isAutoApply=false paused=false pendingVerify=true isPending=false queued=false
2026-08-14T13:31:23.538Z   t0 change 2844->2845 | 2844->2844 | ins=""
2026-08-14T13:31:23.867Z UPDATE docChanged chgCount=2844 isAutoApply=false paused=false pendingVerify=true isPending=false queued=false
2026-08-14T13:31:23.867Z   t0 change 2844->2844 | 2844->2845 | ins="i"
2026-08-14T13:31:24.043Z UPDATE docChanged chgCount=2845 isAutoApply=false paused=false pendingVerify=true isPending=false queued=false
2026-08-14T13:31:24.043Z   t0 change 2845->2845 | 2845->2846 | ins="l"
2026-08-14T13:31:24.124Z UPDATE docChanged chgCount=2846 isAutoApply=false paused=false pendingVerify=true isPending=false queued=false
2026-08-14T13:31:24.124Z   t0 change 2846->2846 | 2846->2847 | ins="y"
2026-08-14T13:31:24.203Z UPDATE docChanged chgCount=2847 isAutoApply=false paused=false pendingVerify=true isPending=false queued=false
2026-08-14T13:31:24.203Z   t0 change 2847->2847 | 2847->2848 | ins=" "
2026-08-14T13:31:24.383Z UPDATE docChanged chgCount=2848 isAutoApply=false paused=false pendingVerify=true isPending=false queued=false
2026-08-14T13:31:24.383Z   t0 change 2848->2848 | 2848->2849 | ins="t"
2026-08-14T13:31:24.495Z UPDATE docChanged chgCount=2849 isAutoApply=false paused=false pendingVerify=true isPending=false queued=false
2026-08-14T13:31:24.495Z   t0 change 2849->2849 | 2849->2850 | ins="p"
2026-08-14T13:31:24.844Z UPDATE docChanged chgCount=2850 isAutoApply=false paused=false pendingVerify=true isPending=false queued=false
2026-08-14T13:31:24.844Z   t0 change 2849->2850 | 2849->2849 | ins=""
2026-08-14T13:31:24.971Z UPDATE docChanged chgCount=2849 isAutoApply=false paused=false pendingVerify=true isPending=false queued=false
2026-08-14T13:31:24.971Z   t0 change 2849->2849 | 2849->2850 | ins="y"
2026-08-14T13:31:25.200Z UPDATE docChanged chgCount=2850 isAutoApply=false paused=false pendingVerify=true isPending=false queued=false
2026-08-14T13:31:25.200Z   t0 change 2850->2850 | 2850->2851 | ins="p"
2026-08-14T13:31:25.431Z UPDATE docChanged chgCount=2851 isAutoApply=false paused=false pendingVerify=true isPending=false queued=false
2026-08-14T13:31:25.431Z   t0 change 2851->2851 | 2851->2852 | ins="o"
2026-08-14T13:31:25.795Z UPDATE docChanged chgCount=2852 isAutoApply=false paused=false pendingVerify=true isPending=false queued=false
2026-08-14T13:31:25.795Z   t0 change 2852->2852 | 2852->2853 | ins="o"
2026-08-14T13:31:25.992Z UPDATE docChanged chgCount=2853 isAutoApply=false paused=false pendingVerify=true isPending=false queued=false
2026-08-14T13:31:25.992Z   t0 change 2853->2853 | 2853->2854 | ins="s"
2026-08-14T13:31:26.460Z UPDATE docChanged chgCount=2854 isAutoApply=false paused=false pendingVerify=true isPending=false queued=false
2026-08-14T13:31:26.460Z   t0 change 2854->2854 | 2854->2855 | ins="."
2026-08-14T13:31:26.560Z   confirm FIRE ch=. pos=2854 span=[2813,2855) unit="this si a sentence withh some sily typoos."
2026-08-14T13:31:26.679Z UPDATE docChanged chgCount=2855 isAutoApply=false paused=false pendingVerify=true isPending=true queued=false
2026-08-14T13:31:26.679Z   t0 change 2855->2855 | 2855->2856 | ins=" "
2026-08-14T13:31:27.360Z UPDATE docChanged chgCount=2856 isAutoApply=true paused=false pendingVerify=true isPending=true queued=false
2026-08-14T13:31:36.542Z UPDATE docChanged chgCount=2856 isAutoApply=false paused=false pendingVerify=true isPending=false queued=false
2026-08-14T13:31:36.542Z   t0 change 2856->2856 | 2856->2857 | ins="\n"
2026-08-14T13:31:36.642Z   confirm FIRE ch=
 pos=2856 span=[2813,2856) unit="This si a sentence withh some sily typoos."
2026-08-14T13:31:36.694Z UPDATE docChanged chgCount=2857 isAutoApply=false paused=false pendingVerify=true isPending=true queued=false
2026-08-14T13:31:36.694Z   t0 change 2857->2857 | 2857->2858 | ins="\n"
2026-08-14T13:31:36.794Z   confirm REJECT ch=
 pos=2857 span=null (lineSpan failed)
2026-08-14T13:31:37.564Z UPDATE docChanged chgCount=2858 isAutoApply=false paused=false pendingVerify=true isPending=false queued=false
2026-08-14T13:31:37.564Z   t0 change 2858->2858 | 2858->2859 | ins="L"
2026-08-14T13:31:37.911Z UPDATE docChanged chgCount=2859 isAutoApply=false paused=false pendingVerify=true isPending=false queued=false
2026-08-14T13:31:37.911Z   t0 change 2859->2859 | 2859->2860 | ins="o"
2026-08-14T13:31:38.039Z UPDATE docChanged chgCount=2860 isAutoApply=false paused=false pendingVerify=true isPending=false queued=false
2026-08-14T13:31:38.039Z   t0 change 2860->2860 | 2860->2861 | ins="o"
2026-08-14T13:31:38.115Z UPDATE docChanged chgCount=2861 isAutoApply=false paused=false pendingVerify=true isPending=false queued=false
2026-08-14T13:31:38.115Z   t0 change 2861->2861 | 2861->2862 | ins="k"
2026-08-14T13:31:38.575Z UPDATE docChanged chgCount=2862 isAutoApply=false paused=false pendingVerify=true isPending=false queued=false
2026-08-14T13:31:38.575Z   t0 change 2862->2862 | 2862->2863 | ins=" "
2026-08-14T13:31:38.771Z UPDATE docChanged chgCount=2863 isAutoApply=false paused=false pendingVerify=true isPending=false queued=false
2026-08-14T13:31:38.771Z   t0 change 2863->2863 | 2863->2864 | ins="a"
2026-08-14T13:31:38.903Z UPDATE docChanged chgCount=2864 isAutoApply=false paused=false pendingVerify=true isPending=false queued=false
2026-08-14T13:31:38.903Z   t0 change 2864->2864 | 2864->2865 | ins="t"
2026-08-14T13:31:39.059Z UPDATE docChanged chgCount=2865 isAutoApply=false paused=false pendingVerify=true isPending=false queued=false
2026-08-14T13:31:39.059Z   t0 change 2865->2865 | 2865->2866 | ins="t"
2026-08-14T13:31:39.303Z UPDATE docChanged chgCount=2866 isAutoApply=false paused=false pendingVerify=true isPending=false queued=false
2026-08-14T13:31:39.303Z   t0 change 2866->2866 | 2866->2867 | ins=" "
2026-08-14T13:31:39.499Z UPDATE docChanged chgCount=2867 isAutoApply=false paused=false pendingVerify=true isPending=false queued=false
2026-08-14T13:31:39.499Z   t0 change 2867->2867 | 2867->2868 | ins="t"
2026-08-14T13:31:39.559Z UPDATE docChanged chgCount=2868 isAutoApply=false paused=false pendingVerify=true isPending=false queued=false
2026-08-14T13:31:39.559Z   t0 change 2868->2868 | 2868->2869 | ins="h"
2026-08-14T13:31:39.641Z UPDATE docChanged chgCount=2869 isAutoApply=false paused=false pendingVerify=true isPending=false queued=false
2026-08-14T13:31:39.641Z   t0 change 2869->2869 | 2869->2870 | ins="i"
2026-08-14T13:31:39.727Z UPDATE docChanged chgCount=2870 isAutoApply=false paused=false pendingVerify=true isPending=false queued=false
2026-08-14T13:31:39.727Z   t0 change 2870->2870 | 2870->2871 | ins="s"
2026-08-14T13:31:39.807Z UPDATE docChanged chgCount=2871 isAutoApply=false paused=false pendingVerify=true isPending=false queued=false
2026-08-14T13:31:39.807Z   t0 change 2871->2871 | 2871->2872 | ins=" "
2026-08-14T13:31:40.368Z UPDATE docChanged chgCount=2872 isAutoApply=false paused=false pendingVerify=true isPending=false queued=false
2026-08-14T13:31:40.368Z   t0 change 2872->2872 | 2872->2873 | ins="g"
2026-08-14T13:31:40.419Z UPDATE docChanged chgCount=2873 isAutoApply=false paused=false pendingVerify=true isPending=false queued=false
2026-08-14T13:31:40.419Z   t0 change 2873->2873 | 2873->2874 | ins="o"
2026-08-14T13:31:40.851Z UPDATE docChanged chgCount=2874 isAutoApply=false paused=false pendingVerify=true isPending=false queued=false
2026-08-14T13:31:40.851Z   t0 change 2874->2874 | 2874->2875 | ins="."
2026-08-14T13:31:40.951Z   confirm FIRE ch=. pos=2874 span=[2858,2875) unit="Look att this go."
2026-08-14T13:31:41.039Z UPDATE docChanged chgCount=2875 isAutoApply=false paused=false pendingVerify=true isPending=true queued=false
2026-08-14T13:31:41.039Z   t0 change 2875->2875 | 2875->2876 | ins=" "
2026-08-14T13:31:41.304Z UPDATE docChanged chgCount=2876 isAutoApply=true paused=false pendingVerify=true isPending=true queued=false
2026-08-14T13:31:44.118Z UPDATE docChanged chgCount=2875 isAutoApply=false paused=false pendingVerify=true isPending=false queued=false
2026-08-14T13:31:44.118Z   t0 change 2875->2875 | 2875->2876 | ins="\n"
2026-08-14T13:31:44.218Z   confirm FIRE ch=
 pos=2875 span=[2858,2875) unit="Look at this go."
2026-08-14T13:31:44.573Z UPDATE docChanged chgCount=2876 isAutoApply=true paused=false pendingVerify=true isPending=true queued=false
2026-08-14T13:32:19.172Z UPDATE docChanged chgCount=2877 isAutoApply=false paused=false pendingVerify=true isPending=false queued=false
2026-08-14T13:32:19.172Z   t0 change 2877->2877 | 2877->2878 | ins="a"
2026-08-14T13:32:19.279Z UPDATE docChanged chgCount=2878 isAutoApply=false paused=false pendingVerify=true isPending=false queued=false
2026-08-14T13:32:19.279Z   t0 change 2878->2878 | 2878->2879 | ins="l"
2026-08-14T13:32:19.356Z UPDATE docChanged chgCount=2879 isAutoApply=false paused=false pendingVerify=true isPending=false queued=false
2026-08-14T13:32:19.356Z   t0 change 2879->2879 | 2879->2880 | ins="a"
2026-08-14T13:32:19.503Z UPDATE docChanged chgCount=2880 isAutoApply=false paused=false pendingVerify=true isPending=false queued=false
2026-08-14T13:32:19.503Z   t0 change 2880->2880 | 2880->2881 | ins="s"
2026-08-14T13:32:20.032Z UPDATE docChanged chgCount=2881 isAutoApply=false paused=false pendingVerify=true isPending=false queued=false
2026-08-14T13:32:20.032Z   t0 change 2881->2881 | 2881->2882 | ins="-"
2026-08-14T13:32:20.195Z UPDATE docChanged chgCount=2882 isAutoApply=false paused=false pendingVerify=true isPending=false queued=false
2026-08-14T13:32:20.195Z   t0 change 2882->2882 | 2882->2883 | ins=" "
2026-08-14T13:32:21.155Z UPDATE docChanged chgCount=2883 isAutoApply=false paused=false pendingVerify=true isPending=false queued=false
2026-08-14T13:32:21.155Z   t0 change 2883->2883 | 2883->2884 | ins="i"
2026-08-14T13:32:21.232Z UPDATE docChanged chgCount=2884 isAutoApply=false paused=false pendingVerify=true isPending=false queued=false
2026-08-14T13:32:21.232Z   t0 change 2884->2884 | 2884->2885 | ins="t"
2026-08-14T13:32:21.355Z UPDATE docChanged chgCount=2885 isAutoApply=false paused=false pendingVerify=true isPending=false queued=false
2026-08-14T13:32:21.355Z   t0 change 2885->2885 | 2885->2886 | ins=" "
2026-08-14T13:32:21.639Z UPDATE docChanged chgCount=2886 isAutoApply=false paused=false pendingVerify=true isPending=false queued=false
2026-08-14T13:32:21.639Z   t0 change 2886->2886 | 2886->2887 | ins="d"
2026-08-14T13:32:21.751Z UPDATE docChanged chgCount=2887 isAutoApply=false paused=false pendingVerify=true isPending=false queued=false
2026-08-14T13:32:21.751Z   t0 change 2887->2887 | 2887->2888 | ins="o"
2026-08-14T13:32:21.879Z UPDATE docChanged chgCount=2888 isAutoApply=false paused=false pendingVerify=true isPending=false queued=false
2026-08-14T13:32:21.879Z   t0 change 2888->2888 | 2888->2889 | ins="e"
2026-08-14T13:32:21.967Z UPDATE docChanged chgCount=2889 isAutoApply=false paused=false pendingVerify=true isPending=false queued=false
2026-08-14T13:32:21.967Z   t0 change 2889->2889 | 2889->2890 | ins="s"
2026-08-14T13:32:22.093Z UPDATE docChanged chgCount=2890 isAutoApply=false paused=false pendingVerify=true isPending=false queued=false
2026-08-14T13:32:22.093Z   t0 change 2890->2890 | 2890->2891 | ins="n"
2026-08-14T13:32:22.252Z UPDATE docChanged chgCount=2891 isAutoApply=false paused=false pendingVerify=true isPending=false queued=false
2026-08-14T13:32:22.252Z   t0 change 2891->2891 | 2891->2892 | ins="t"
2026-08-14T13:32:22.339Z UPDATE docChanged chgCount=2892 isAutoApply=false paused=false pendingVerify=true isPending=false queued=false
2026-08-14T13:32:22.339Z   t0 change 2892->2892 | 2892->2893 | ins=" "
2026-08-14T13:32:22.467Z UPDATE docChanged chgCount=2893 isAutoApply=false paused=false pendingVerify=true isPending=false queued=false
2026-08-14T13:32:22.467Z   t0 change 2893->2893 | 2893->2894 | ins="w"
2026-08-14T13:32:22.541Z UPDATE docChanged chgCount=2894 isAutoApply=false paused=false pendingVerify=true isPending=false queued=false
2026-08-14T13:32:22.541Z   t0 change 2894->2894 | 2894->2895 | ins="o"
2026-08-14T13:32:22.619Z UPDATE docChanged chgCount=2895 isAutoApply=false paused=false pendingVerify=true isPending=false queued=false
2026-08-14T13:32:22.619Z   t0 change 2895->2895 | 2895->2896 | ins="r"
2026-08-14T13:32:22.651Z UPDATE docChanged chgCount=2896 isAutoApply=false paused=false pendingVerify=true isPending=false queued=false
2026-08-14T13:32:22.651Z   t0 change 2896->2896 | 2896->2897 | ins="k"
2026-08-14T13:32:22.842Z UPDATE docChanged chgCount=2897 isAutoApply=false paused=false pendingVerify=true isPending=false queued=false
2026-08-14T13:32:22.842Z   t0 change 2897->2897 | 2897->2898 | ins=" "
2026-08-14T13:32:22.971Z UPDATE docChanged chgCount=2898 isAutoApply=false paused=false pendingVerify=true isPending=false queued=false
2026-08-14T13:32:22.971Z   t0 change 2898->2898 | 2898->2899 | ins="a"
2026-08-14T13:32:23.067Z UPDATE docChanged chgCount=2899 isAutoApply=false paused=false pendingVerify=true isPending=false queued=false
2026-08-14T13:32:23.067Z   t0 change 2899->2899 | 2899->2900 | ins="n"
2026-08-14T13:32:23.216Z UPDATE docChanged chgCount=2900 isAutoApply=false paused=false pendingVerify=true isPending=false queued=false
2026-08-14T13:32:23.217Z   t0 change 2900->2900 | 2900->2901 | ins="y"
2026-08-14T13:32:24.234Z UPDATE docChanged chgCount=2901 isAutoApply=false paused=false pendingVerify=true isPending=false queued=false
2026-08-14T13:32:24.234Z   t0 change 2898->2901 | 2898->2898 | ins=""
2026-08-14T13:32:24.607Z UPDATE docChanged chgCount=2898 isAutoApply=false paused=false pendingVerify=true isPending=false queued=false
2026-08-14T13:32:24.607Z   t0 change 2898->2898 | 2898->2899 | ins="v"
2026-08-14T13:32:24.708Z UPDATE docChanged chgCount=2899 isAutoApply=false paused=false pendingVerify=true isPending=false queued=false
2026-08-14T13:32:24.708Z   t0 change 2899->2899 | 2899->2900 | ins="e"
2026-08-14T13:32:24.766Z UPDATE docChanged chgCount=2900 isAutoApply=false paused=false pendingVerify=true isPending=false queued=false
2026-08-14T13:32:24.766Z   t0 change 2900->2900 | 2900->2901 | ins="r"
2026-08-14T13:32:24.831Z UPDATE docChanged chgCount=2901 isAutoApply=false paused=false pendingVerify=true isPending=false queued=false
2026-08-14T13:32:24.831Z   t0 change 2901->2901 | 2901->2902 | ins="y"
2026-08-14T13:32:24.908Z UPDATE docChanged chgCount=2902 isAutoApply=false paused=false pendingVerify=true isPending=false queued=false
2026-08-14T13:32:24.908Z   t0 change 2902->2902 | 2902->2903 | ins=" "
2026-08-14T13:32:25.023Z UPDATE docChanged chgCount=2903 isAutoApply=false paused=false pendingVerify=true isPending=false queued=false
2026-08-14T13:32:25.023Z   t0 change 2903->2903 | 2903->2904 | ins="w"
2026-08-14T13:32:25.102Z UPDATE docChanged chgCount=2904 isAutoApply=false paused=false pendingVerify=true isPending=false queued=false
2026-08-14T13:32:25.102Z   t0 change 2904->2904 | 2904->2905 | ins="e"
2026-08-14T13:32:25.194Z UPDATE docChanged chgCount=2905 isAutoApply=false paused=false pendingVerify=true isPending=false queued=false
2026-08-14T13:32:25.195Z   t0 change 2905->2905 | 2905->2906 | ins="l"
2026-08-14T13:32:25.307Z UPDATE docChanged chgCount=2906 isAutoApply=false paused=false pendingVerify=true isPending=false queued=false
2026-08-14T13:32:25.307Z   t0 change 2906->2906 | 2906->2907 | ins="l"
2026-08-14T13:32:25.515Z UPDATE docChanged chgCount=2907 isAutoApply=false paused=false pendingVerify=true isPending=false queued=false
2026-08-14T13:32:25.515Z   t0 change 2907->2907 | 2907->2908 | ins="."
2026-08-14T13:32:25.616Z   confirm FIRE ch=. pos=2907 span=[2875,2908) unit="alas- it doesnt work very well."
2026-08-14T13:32:25.651Z UPDATE docChanged chgCount=2908 isAutoApply=false paused=false pendingVerify=true isPending=true queued=false
2026-08-14T13:32:25.651Z   t0 change 2908->2908 | 2908->2909 | ins=" "
2026-08-14T13:32:26.174Z UPDATE docChanged chgCount=2909 isAutoApply=true paused=false pendingVerify=true isPending=true queued=false
